canonical_SMILES,homo_ev,ewg_weighted,mol_weight,CATE,CATE_se
CCCCCCc1ccc(C2(c3ccc(CCCCCC)cc3)Cc3cc4c(cc3-c3sc5cc(C=C6C(=O)c7ccccc7C6=C(C#N)C#N)sc5c32)C(c2ccc(CCCCCC)cc2)(c2ccc(CCCCCC)cc2)C2=C4SC3CC(C=C4C(=O)c5ccccc5C4=C(C#N)C#N)SC23)cc1,-5.69,3.64,1446.043,-0.0300006886842113,0.00830504786855355
CCCCCCCCCCCc1c(C=C2C(=O)c3cc(F)c(F)cc3C2=C(C#N)C#N)sc2c3c(sc12)-c1c(c2c(c4nsnc14)c1sc4c(CCCCCCCCCCC)c(C=C5C(=O)c6cc(CF)c(F)cc6C5=C(C#N)C#N)sc4c1n2CC(CC)CCCC)CN3CC(CC)CCCC,-5.7,4.56,1480.025,-0.027493686612017,0.0107471937682779
CCc1c(/C=C2\C(=O)c3cc(Cl)c(F)cc3C2=C(C#N)C#N)sc2c1sc1c3c4nsnc4c4c5sc6c(CC)c(/C=C7\C(=O)c8cc(Cl)c(F)cc8C7=C(C#N)C#N)sc6c5n(CC)c4c3n(CC)c21,-5.74,4.56,1064.071,-0.0374402809191723,0.0228565083350458
CCc1c(/C=C2\C(=O)c3cc(F)c(F)cc3C2=C(C#N)C#N)sc2c1sc1c3c4nsnc4c4c5sc6c(CC)c(/C=C7\C(=O)c8cc(Cl)c(Cl)cc8C7=C(C#N)C#N)sc6c5n(CC)c4c3n(CC)c21,-5.7,4.56,1064.071,-0.0382733545979731,0.0214940577510722
CCCCC(CC)Cc1cc(-c2cc(CC(CC)CCCC)c(-c3sc(-c4cc(CC(CC)CCCC)c(C=C5C(=O)c6cc(F)c(F)cc6C5=C(C#N)C#N)s4)cc3CC(CC)CCCC)s2)sc1C=C1C(=O)c2cc(F)c(F)cc2C1=C(C#N)C#N,-5.86,4.56,1259.724,-0.00850510978142014,0.010840848536863
CCCCCCC(CCCC)Cc1c(C=C2C(=O)c3cc(F)c(F)cc3C2=C(C#N)C#N)sc2c1sc1c3c4nsnc4c4c5sc6c(CC(CCCC)CCCCCC)c(C=C7C(=O)c8cc(F)c(F)cc8C7=C(C#N)C#N)sc6c5n(CC(CC)CCCC)c4c3n(CC(CC)CCCC)c21,-5.67,4.56,1480.025,-0.0268552657315983,0.0114341030335424
CCCCCCCCCCCCC(CCCCCCCCCC)Cn1c2c3sc(C=C4C(=O)c5cc(F)c(F)cc5C4=C(C#N)C#N)c(CCCCCC)c3sc2c2c3nsnc3c3c4sc5c(CCCCCC)c(/C=C6\C(=O)c7cc(F)c(F)cc7C6C(C#N)C#N)sc5c4n(CCCCCCCCCCC)c3c21,-5.74,4.56,1580.23,-0.0180535361254435,0.00977607135308806
CCCCCCCCCCCCC(CCCCCCCCCC)Cn1c2c3sc(C=C4C(=O)c5cc(F)c(F)cc5C4=C(C#N)C#N)c(CCCCCC)c3sc2c2c3nsnc3c3c4sc5c(CCCCCC)c(/C=C6\C(=O)c7cc(F)c(F)cc7C6C(C#N)C#N)sc5c4n(CC(CCCCCCCCCC)CCCCCCCCCCCC)c3c21,-5.71,4.56,1762.581,-0.0151110236603866,0.00691237652890764
CCCCC(CC)CSc1cc(C=C2C(=O)c3cc(F)c(F)cc3C2=C(C#N)C#N)sc1-c1cc2sc3c(c2s1)C(CCCCCCc1ccccc1)(CCCCCCc1ccccc1)c1cc2c(cc1-3)C(CCCCCCc1ccccc1)(CCCCCCc1ccccc1)c1c-2sc2cc(C=C3C(=O)c4cc(F)c(F)cc4C3=C(C#N)C#N)sc12,-5.46,4.56,1726.354,-0.0188779404903831,0.00954200220447733
CCCCCCC(CCCC)Cc1c(C=C2C(=O)c3c(csc3Cl)C2=C(C#N)C#N)sc2c1sc1c3c4nsnc4c4c5sc6c(CC(CCCC)CCCCCC)c(C=C7C(=O)c8c(csc8Cl)C7=C(C#N)C#N)sc6c5n(CC(CC)CCCC)c4c3n(CC(CC)CCCC)c21,-5.68,4.1,1489.013,-0.0267722947008372,0.0106462893594628
CCCCCCCCCc1c(C=C2C(=O)c3cc(Cl)c(Cl)cc3C2=C(C#N)C#N)sc2c1sc1c3c4nsnc4c4c5sc6c(CCCCCCCCC)c(C=C7C(=O)c8cc(Cl)c(Cl)cc8C7=C(C#N)C#N)sc6c5n(CC(CCCC)CCCCCC)c4c3n(CC(CCCC)CCCCCC)c21,-5.7,4.56,1573.899,-0.0281140441707336,0.0072081757955717
CCCCCCCCCCCc1c(C=C2C(=O)c3cc(F)c(F)cc3C2=C(C#N)C#N)sc2c1sc1c3c4nsnc4c4c5sc6c(CCCCCCCCCCC)c(C=C7C(=O)c8cc(F)c(F)cc8C7=C(C#N)C#N)sc6c5n(CC(CC)CCCC)c4c3n(CC(CC)CCCC)c21,-5.72,4.56,1451.971,-0.028848317412284,0.00924248027751204
CCCCCCC(CCCC)Cc1c(C=C2C(=O)c3cc(F)c(F)cc3C2=C(C#N)C#N)sc2c1sc1c3c4nc5cc(F)c(F)cc5nc4c4c5sc6c(CC(CCC)CCCCCC)c(/C=C7\C(=O)C8C=C(F)C(F)=CC8C7=C(C#N)C#N)sc6c5n(CC(CCCC)CCCCCC)c4c3n(CC(CCCC)CCCCCC)c21,-5.67,5.02,1660.241,-0.0281866847527595,0.0126377559752416
CCCCCCCCCCCCOc1c(C=C2C(=O)c3cc(F)c(F)cc3C2=C(C#N)C#N)sc2c1sc1c3c4nsnc4c4c5sc6c(c5n(CC(CC)CCCC)c4c3n(CC(CC)CCCC)c21)SC(C=C1C(=O)c2cc(F)c(F)cc2C1=C(C#N)C#N)C6OCCCCCCCCCCC,-5.74,4.56,1500.012,-0.0234161960387312,0.0104296710964244
CCCCCCCCc1c(C=C2C(=O)c3cc(F)c(F)cc3C2=C(C#N)C#N)sc2cc(-c3sc4c(N(c5ccc(CCCC)cc5)c5ccc(CCCCC)cc5)c(-c5cc6sc(C=C7C(=O)c8cc(F)c(F)cc8C7=C(C#N)C#N)c(CCCCCCCC)c6s5)sc4c3N(c3ccc(CCCC)cc3)c3ccc(CCCC)cc3)sc12,-5.55,4.56,1694.313,-0.0202251784650383,0.00950124947555621
CCCCCCCCCc1c(C=C2C(=O)c3cc(F)c(F)cc3C2=C(C#N)C#N)sc2c1sc1c3c4nsnc4c4c5sc6c(CCCCCCCCC)c(C=C7C(=O)c8cc(F)c(F)cc8C7=C(C#N)C#N)sc6c5n(CC(CCCC)CCCCCC)c4c3n(CC(CCCC)CCCCCC)c21,-5.65,4.56,1508.079,-0.028729046228233,0.0121355806302352
CCCCCCCCCCCCC(CCCCCCCCCC)Cn1c2c3sc(C=C4C(=O)c5cc(F)c(F)cc5C4=C(C#N)C#N)c(CCCCCCCCCCC)c3sc2c2c3nsnc3c3c4sc5c(CCCCCCCCCCC)c(/C=C6\C(=O)c7cc(F)c(F)cc7C6C(C#N)C#N)sc5c4n(CCCCCCCCCCC)c3c21,-5.79,4.56,1720.5,-0.0181393930889185,0.00792649399053547
CCCCCCCCCCCCC(CCCCCCCCCC)Cn1c2c3sc(C=C4C(=O)c5cc(F)c(F)cc5C4=C(C#N)C#N)c(CCCCCCCCCCC)c3sc2c2c3nsnc3c3c4sc5c(CCCCCCCCCCC)c(/C=C6\C(=O)c7cc(F)c(F)cc7C6C(C#N)C#N)sc5c4n(CC(CCCCCCCCCC)CCCCCCCCCCCC)c3c21,-5.78,4.56,1902.851,-0.010810897252005,0.00577073605503602
CCCCCCCCCc1c(/C=C2\C(=O)C3C=C(F)C(F)=CC3C2=C(C#N)C#N)sc2c1sc1c3c4nc5cc(F)c(F)cc5nc4c4c5sc6c(CC(CCCC)CCCCCC)c(C=C7C(=O)c8cc(F)c(F)cc8C7=C(C#N)C#N)sc6c5n(CC(CCCC)CCCCCC)c4c3n(CC(CCCC)CCCCCC)c21,-5.37,5.02,1632.187,-0.0316313424950934,0.0106144446640052
CCCCCCCCc1ccc(-c2c(C=C3C(=O)c4cc(F)c(F)cc4C3=C(C#N)C#N)sc3c2sc2c4c5nsnc5c5c6sc7c(-c8ccc(CCCCCCCC)s8)c(C=C8C(=O)c9cc(F)c(F)cc9C8=C(C#N)C#N)sc7c6n(CC(CC)CCCC)c5c4n(CC(CC)CCCC)c32)s1,-5.6,4.56,1532.063,-0.0283137507920976,0.0110716817627616
CCCCCCCCCCCCC(CCCCCCCCCC)Cn1c2c3sc(C=C4C(=O)c5cc(F)c(F)cc5C4=C(C#N)C#N)c(CCCCCCCCCCC)c3sc2c2c3nsnc3c3c4sc5c(CCCCCCCCCCC)c(C=C6C(=O)c7cc(F)c(F)cc7C6=C(C#N)C#N)sc5c4n(CCCCCCCCn4nc5cc(F)c(F)cc5n4)c3c21,-5.76,5.02,1829.494,-0.0161783967165385,0.00892164403169527
CCCCCCCCCCCCC(CCCCCCCCCC)Cn1c2c3sc(C=C4C(=O)c5cc(F)c(F)cc5C4=C(C#N)C#N)c(CCCCCCCCCCC)c3sc2c2c3nsnc3c3c4sc5c(CCCCCCCCCCC)c(C=C6C(=O)c7cc(F)c(F)cc7C6=C(C#N)C#N)sc5c4n(CCCCCCCCCl)c3c21,-5.78,4.79,1710.848,-0.0224771643652023,0.00963588672865086
CCCCCCCCCCCc1c(C=C2C(=O)c3cc(F)c(F)cc3C2=C(C#N)C#N)sc2c1sc1c3c4nsnc4c4c5sc6c(CCCCCCCCCCC)c(/C=C7\C(=O)c8cc(F)c(F)cc8C7C(C#N)C#N)sc6c5n(CC(CCCC)CCCCCC)c4c3n(CC(CCCC)CCCCCC)c21,-5.68,4.56,1566.203,-0.0180500192579568,0.0105606074895939
CCCCCCCCCCCCC(CCCCCCCCCC)Cn1c2c3sc(C=C4C(=O)c5cc(F)c(F)cc5C4=C(C#N)C#N)c(CCCCCCCCCCC)c3sc2c2c3nsnc3c3c4sc5c(CCCCCCCCCCC)c(C=C6C(=O)c7cc(F)c(F)cc7C6=C(C#N)C#N)sc5c4n(CCCCCCCC)c3c21,-5.8,4.56,1676.403,-0.0264907323072152,0.00770745928986412
CCCCCCc1ccc(C2(c3ccc(CCCCCC)cc3)c3cc4c(cc3-c3sc5cc(C=C6C(=O)c7cc(F)c(F)cc7C6=C(C#N)C#N)sc5c32)C(c2ccc(CCCCCC)cc2)(c2ccc(CCCCCC)cc2)c2c-4sc3cc(C=C4C(=O)c5cc(F)c(F)cc5C4=C(C#N)C#N)sc23)cc1,-5.74,4.56,1499.944,-0.0228636074950691,0.0124297440890547
CCCCCCC(CCCC)c1c(C=C2C(=O)c3cc(F)c(F)cc3C2=C(C#N)C#N)sc2c1sc1c3c4nc5cc(F)c(F)cc5nc4c4c5sc6c(c5n(CC(CC)CCCC)c4c3n(CC(CC)CCCC)c21)SC(C=C1C(=O)c2cc(F)c(F)cc2C1=C(C#N)C#N)C6C(CCCC)CCCCCC,-5.62,5.02,1533.998,-0.0293275021782384,0.0127514518395543
CCCCCCCCC(CCCC)Cc1c(C=C2C(=O)c3cc(F)c(F)cc3C2=C(C#N)C#N)sc2c1sc1c3c4nc5cc(F)c(F)cc5nc4c4c5sc6c(C(CCCC)CCCCCCCC)c(C=C7C(=O)c8cc(F)c(F)cc8C7=C(C#N)C#N)sc6c5n(CC(CC)CCCC)c4c3n(CC(CC)CCCC)c21,-5.65,5.02,1602.117,-0.0247822698278258,0.0142534142338946
CCCCCCCCC(CCCC)Cc1c(C=C2C(=O)c3cc(F)c(F)cc3C2=C(C#N)C#N)sc2c1sc1c3c4nc5ccccc5nc4c4c5sc6c(C(CCCC)CCCCCCCC)c(C=C7C(=O)c8cc(F)c(F)cc8C7=C(C#N)C#N)sc6c5n(CC(CC)CCCC)c4c3n(CC(CC)CCCC)c21,-5.57,4.56,1566.137,-0.0271261532313784,0.0133249371017196
CCCCCCCCC(CCCC)Cc1c(C=C2C(=O)c3cc(F)c(F)cc3C2=C(C#N)C#N)sc2c1sc1c3c4nc5c(F)c(F)c(F)c(F)c5nc4c4c5sc6c(C(CCCC)CCCCCCCC)c(C=C7C(=O)c8cc(F)c(F)cc8C7=C(C#N)C#N)sc6c5n(CC(CC)CCCC)c4c3n(CC(CC)CCCC)c21,-5.72,5.48,1638.097,-0.0236607945452613,0.0126694831501361
CCCCCCCCCCCc1c(C=C2C(=O)c3cc(F)c(F)cc3C2=C(C#N)C#N)sc2c1sc1c3c4nsnc4c4c5sc6c(CCCCCCCCCCC)c(C=C7C(=O)c8cc(F)c(F)cc8C7=C(C#N)C#N)sc6c5n(CCC(CC)CCCC)c4c3n(CCC(CC)CCCC)c21,-5.7,4.56,1480.025,-0.0261201378248356,0.00762013799168227
CCCCCCCCCc1c(C=C2C(=O)c3cc(F)c(F)cc3C2=C(C#N)C#N)sc2c1sc1c3c4nsnc4c4c5sc6c(CCCCCCCCC)c(C=C7C(=O)c8cc(F)c(F)cc8C7=C(C#N)C#N)sc6c5n(CCC(CCCC)CCCCCC)c4c3n(CCC(CCCC)CCCCC)c21,-5.7,4.56,1522.106,-0.0293736726056078,0.00932241666180845
CCCCCCCCCc1c(C=C2C(=O)c3cc(Cl)c(Cl)cc3C2=C(C#N)C#N)sc2c1sc1c3c4c(C#N)sc(C#N)c4c4c5sc6c(CCCCCCCCC)c(C=C7C(=O)c8cc(Cl)c(Cl)cc8C7=C(C#N)C#N)sc6c5n(CC(CCCC)CCCCCC)c4c3n(CC(CCCC)CCCCCC)c21,-5.74,5.88,1621.943,-0.0237972591510435,0.0123909404621636
CCCCCCCCCc1c(C=C2C(=O)c3cc(Cl)c(Cl)cc3C2=C(C#N)C#N)sc2c1sc1c3c4c(C#N)c5ccccc5c(C#N)c4c4c5sc6c(CCCCCCCCC)c(C=C7C(=O)c8cc(Cl)c(Cl)cc8C7=C(C#N)C#N)sc6c5n(CC(CCCC)CCCCCC)c4c3n(CC(CCCC)CCCCCC)c21,-5.69,5.88,1665.974,-0.0214199927634979,0.00925333084919708
CCCCCCC(CCCC)Cc1csc(-c2cc3c4nsnc4c4cc(-c5cc(CC(CCCC)CCCCCC)c(-c6cc7c(-c8cc(F)c(CC(CC)CCCC)s8)c8sccc8c(-c8cc(F)c(CC(CC)CCCC)[nH]8)c7s6)s5)sc4c3s2)c1,-5.74,0.46,1345.149,-0.010910656716108,0.00967340121248148
CCCCC(CC)Cc1cccc(-c2c(C=C3C(=O)c4cc(F)c(F)cc4C3=C(C#N)C#N)sc3c2sc2c4c5nsnc5c5c6sc7c(-c8cccc(CC(CC)CCCC)c8)c(C=C8C(=O)c9cc(F)c(F)cc9C8=C(C#N)C#N)sc7c6n(CC(CC)CCCC)c5c4n(CC(CC)CCCC)c32)c1,-5.57,4.56,1520.005,-0.0265893143176931,0.0118506375122133
CCCCCCC(CCCC)CCc1c(C=C2C(=O)c3cc(F)c(F)cc3C2=C(C#N)C#N)sc2c1sc1c3c4nsnc4c4c5sc6c(CCC(CCCC)CCCCCC)c(C=C7C(=O)c8cc(F)c(F)cc8C7=C(C#N)C#N)sc6c5n(CC(CC)CCCC)c4c3n(CC(CC)CCCC)c21,-5.74,4.56,1508.079,-0.0277670018474146,0.0121049622834339
CCCCC(CC)Cc1csc(-c2c(C=C3C(=O)c4cc(F)c(F)cc4C3=C(C#N)C#N)sc3c2sc2c4c5nsnc5c5c6sc7c(-c8cc(CC(CC)CCCC)cs8)c(C=C8C(=O)c9cc(F)c(F)cc9C8=C(C#N)C#N)sc7c6n(CC(CCC)CCCC)c5c4n(CC(CC)CCCC)c32)c1,-5.69,4.56,1546.09,-0.0279389321085758,0.0098230516011565
CCCCCCCCc1ccc(-c2c(C=C3C(=O)c4cc(F)c(F)cc4C3=C(C#N)C#N)sc3c2sc2c4c5nsnc5c5c6sc7c(-c8ccc(CCCCCCCC)s8)c(C=C8C(=O)c9cc(F)c(F)cc9C8=C(C#N)C#N)sc7c6n(CC(CCC)CCCC)c5c4n(CC(CC)CCCC)c32)s1,-5.69,4.56,1546.09,-0.0278402615370676,0.0107970915716556
CCCCC(CC)Cc1ccc(-c2c(C=C3C(=O)c4cc(F)c(F)cc4C3=C(C#N)C#N)sc3c2sc2c4c5nsnc5c5c6sc7c(-c8ccc(CC(CC)CCCC)s8)c(C=C8C(=O)c9cc(F)c(F)cc9C8=C(C#N)C#N)sc7c6n(CC(CCC)CCCC)c5c4n(CC(CC)CCCC)c32)s1,-5.71,4.56,1546.09,-0.0280269396652528,0.0114107493255342
CCCCCCCCC1(CCCCCCCC)c2cc3c(cc2-c2cc4c(cc21)-c1sc(C=C2C(=O)c5cc(Cl)c(Cl)cc5C2=C(C#N)C#N)cc1C4(CCCCCCCC)CCCCCCCC)C(CCCCCCCC)(CCCCCCCC)c1cc(C=C2C(=O)c4cc(Cl)c(Cl)cc4C2=C(C#N)C#N)sc1-3,-5.5,4.56,1573.951,-0.0211663628506432,0.0111094526222686
CCC1(CC)c2cc3c(cc2-c2cc4c(cc21)-c1sc(/C=C2\C(=O)c5ccc(Cl)cc5C2=C(C#N)C#N)cc1C4(CC)CC)C(CC)(CC)c1cc(/C=C2\C(=O)c4ccc(Cl)cc4C2=C(C#N)C#N)sc1-3,-5.46,4.1,1000.089,-0.0181920528262376,0.00891159066154366
CCC1(CC)c2cc3c(cc2-c2cc4c(cc21)-c1sc(/C=C2\C(=O)c5ccccc5C2=C(C#N)C#N)cc1C4(CC)CC)C(CC)(CC)c1cc(/C=C2\C(=O)c4ccccc4C2=C(C#N)C#N)sc1-3,-5.43,3.64,931.198999999999,-0.0116192972576782,0.0174868722682342
CCC1(CC)c2cc3c(cc2-c2sc(/C=C4\C(=O)c5ccc(F)cc5C4=C(C#N)C#N)cc21)C(CC)(CC)c1cc(/C=C2\C(=O)c4ccc(F)cc4C2=C(C#N)C#N)sc1-3,-5.52,4.1,822.962,0.0110175037918383,0.026268457699653
CCC1(CC)c2cc3c(cc2-c2sc(/C=C4\C(=O)c5ccccc5C4=C(C#N)C#N)cc21)C(CC)(CC)c1cc(/C=C2\C(=O)c4ccccc4C2=C(C#N)C#N)sc1-3,-5.51,3.64,786.982,0.0111261616201971,0.0223484390773114
CCC1(CC)c2cc3c(cc2-c2sc(/C=C4\C(=O)c5ccc(C)cc5C4=C(C#N)C#N)cc21)C(CC)(CC)c1cc(/C=C2\C(=O)c4ccc(C)cc4C2=C(C#N)C#N)sc1-3,-5.51,3.64,815.036,0.0120757016195021,0.0214643054355936
CCCCCCc1ccc(C2(c3ccc(CCCCCC)s3)Cc3cc4c(cc3-c3sc5cc(C=C6C(=O)c7cc(F)ccc7C6=C(C#N)C#N)sc5c32)C(c2ccc(CCCCCC)s2)(c2ccc(CCCCCC)s2)C2=C4SC3CC(C=C4C(=O)c5cc(F)ccc5C4=C(C#N)C#N)SC23)s1,-5.74,4.1,1506.139,-0.0279682618368264,0.0118306113154884
CCCCCCc1ccc(C2(c3ccc(CCCCCC)s3)Cc3cc4c(cc3-c3sc5cc(C=C6C(=O)c7ccccc7C6=C(C#N)C#N)sc5c32)C(c2ccc(CCCCCC)s2)(c2ccc(CCCCCC)s2)C2=C4SC3CC(C=C4C(=O)c5ccccc5C4=C(C#N)C#N)SC23)s1,-5.66,3.64,1470.159,-0.0284063040600937,0.00973805465439119
CCc1ccc(C2(c3ccc(CC)cc3)c3cc(/C=C4\C(=O)c5ccccc5C4=C(C#N)C#N)sc3-c3sc4cc5c6c(sc5cc4c32)-c2sc(/C=C3\C(=O)c4ccccc4C3=C(C#N)C#N)cc2C6(c2ccc(CC)cc2)c2ccc(CC)cc2)cc1,-5.48,3.64,1203.552,-0.0424027307268653,0.0121612028338248
CCc1ccc(C2(c3ccc(CC)cc3)c3cc(/C=C4\C(=O)c5ccccc5C4=C(C#N)C#N)sc3-c3sc4c(-c5ccc(CC)s5)c5c6c(sc5c(-c5ccc(CC)s5)c4c32)-c2sc(/C=C3\C(=O)c4ccccc4C3=C(C#N)C#N)cc2C6(c2ccc(CC)cc2)c2ccc(CC)cc2)cc1,-5.43,3.64,1423.914,-0.0274522316809085,0.0144346971677846
CCC1(CC)c2cc(/C=C3\C(=O)c4cc(F)c(F)cc4C3=C(C#N)C#N)sc2-c2c1ccc1c3c(ccc21)C(CC)(CC)c1cc(/C=C2\C(=O)c4cc(F)c(F)cc4C2=C(C#N)C#N)sc1-3,-5.65,4.56,909.002,0.00441596207128778,0.0180011366750034
CCc1ccc(C2(c3ccc(CC)cc3)c3cc(/C=C4\C(=O)c5cc(F)c(F)cc5C4=C(C#N)C#N)sc3-c3sc4c(c(CC)cc5c4cc(CC)c4c6c(sc45)-c4sc(/C=C5\C(=O)c7cc(F)c(F)cc7C5=C(C#N)C#N)cc4C6(c4ccc(CC)cc4)c4ccc(CC)cc4)c32)cc1,-5.65,4.56,1381.68,-0.0306208827514537,0.017830390053524
CCCCCCC1(CCCCCC)c2cc3c(cc2-c2sc(C=C4C(=O)c5ccccc5C4=C(C#N)C#N)cc21)C(CCCCCC)(CCCCCC)c1cc(C=C2C(=O)c4ccccc4C2=C(C#N)C#N)sc1-3,-5.7,3.64,1011.414,-0.00119262269164873,0.0187089715451231
CCc1ccc(C2(c3ccc(CC)cc3)c3cc4c(cc3-c3sc(/C=C5\C(=O)c6cc(F)c(F)cc6C5=C(C#N)C#N)cc32)C(c2ccc(CC)cc2)(c2ccc(CC)cc2)c2cc(/C=C3\C(=O)c5cc(F)c(F)cc5C3=C(C#N)C#N)sc2-4)cc1,-5.82,4.56,1163.334,-0.0328772272704844,0.0127918657533056
CCc1ccc(C2(c3ccc(CC)cc3)c3cc4c(cc3-c3sc5cc(/C=C6\C(=O)c7cc(F)c(F)cc7C6=C(C#N)C#N)sc5c32)C(c2ccc(CC)cc2)(c2ccc(CC)cc2)c2c-4sc3cc(/C=C4\C(=O)c5cc(F)c(F)cc5C4=C(C#N)C#N)sc23)cc1,-5.74,4.56,1275.512,-0.0382350263768959,0.0115137423047383
CCc1ccc(C2(c3ccc(CC)cc3)c3cc4c(cc3-c3sc5c(sc6cc(/C=C7\C(=O)c8cc(F)c(F)cc8C7=C(C#N)C#N)sc65)c32)C(c2ccc(CC)cc2)(c2ccc(CC)cc2)c2c-4sc3c2sc2cc(/C=C4\C(=O)c5cc(F)c(F)cc5C4=C(C#N)C#N)sc23)cc1,-5.52,4.56,1387.69,-0.0328321126922404,0.0166442085661132
CCCCCCCCCCCCCCCCC1(CCCCCCCCCCCCCCCC)c2cc3c(cc2-c2sc(C=C4C(=O)c5ccc(C)cc5C4=C(C#N)C#N)cc21)C(CCCCCCCCCCCCCCCC)(CCCCCCCCCCCCCCCC)c1cc(/C=C2\Cc4ccc(-c5cc6c(s5)-c5sc(C)cc5C6(CC(CC)CCCC)CC(CC)CCCC)cc4C2=C(C#N)C#N)sc1-3,-5.52,3.14,1987.262,-0.0107661099975347,0.00553647307363012
CCc1ccc(C2(c3ccc(CC)cc3)c3cc4c(cc3-c3sc5c(sc6cc(/C=C7\C(=O)c8cc(F)ccc8C7=C(C#N)C#N)sc65)c32)C(c2ccc(CC)cc2)(c2ccc(CC)cc2)c2c-4sc3c2sc2cc(/C=C4\C(=O)c5cc(F)ccc5C4=C(C#N)C#N)sc23)cc1,-5.52,4.1,1351.71,-0.0351089050050462,0.0146941920017349
CCc1ccc(C2(c3ccc(CC)cc3)c3cc4c(cc3-c3sc5c(sc6cc(/C=C7\C(=O)c8c(F)cccc8C7=C(C#N)C#N)sc65)c32)C(c2ccc(CC)cc2)(c2ccc(CC)cc2)c2c-4sc3c2sc2cc(/C=C4\C(=O)c5c(F)cccc5C4=C(C#N)C#N)sc23)cc1,-5.54,4.1,1351.71,-0.0339738317031849,0.0129454933494913
CCc1ccc(C2(c3ccc(CC)cc3)c3cc4c(cc3-c3sc5c(sc6cc(/C=C7\C(=O)c8ccccc8C7=C(C#N)C#N)sc65)c32)C(c2ccc(CC)cc2)(c2ccc(CC)cc2)c2c-4sc3c2sc2cc(/C=C4\C(=O)c5ccccc5C4=C(C#N)C#N)sc23)cc1,-5.45,3.64,1315.73,-0.0361210192430942,0.0148992011808099
CCCCCCc1ccc(C2(c3ccc(CCCCCC)s3)Cc3cc4c(cc3-c3sc5cc(C=C6C(=O)c7cc(F)c(F)cc7C6=C(C#N)C#N)sc5c32)C(c2ccc(CCCCCC)s2)(c2ccc(CCCCCC)s2)C2=C4SC3CC(C=C4C(=O)c5cc(F)c(F)cc5C4=C(C#N)C#N)SC23)s1,-5.75,4.56,1542.119,-0.0295693253330544,0.0080342210614022
CCCCCCc1ccc(C2(c3ccc(CCCCCC)s3)Cc3cc4c(cc3-c3sc5cc(C=C6C(=O)c7ccc(OC)cc7C6=C(C#N)C#N)sc5c32)C(c2ccc(CCCCCC)s2)(c2ccc(CCCCCC)s2)C2=C4SC3CC(C=C4C(=O)c5cc(OC)ccc5C4=C(C#N)C#N)SC23)s1,-5.67,3.64,1530.211,-0.0295194390165425,0.0106691670066597
CCc1ccc(C2(c3ccc(CC)cc3)Oc3c(sc4c5c(sc34)-c3sc(/C=C4\C(=O)c6cc(F)c(F)cc6C4=C(C#N)C#N)cc3C(c3ccc(CC)cc3)(c3ccc(CC)cc3)O5)-c3sc(/C=C4\C(=O)c5cc(F)c(F)cc5C4=C(C#N)C#N)cc32)cc1,-5.64,4.56,1257.45,-0.0409009382429862,0.0137631750280274
CCc1ccc(C2(c3ccc(CC)cc3)Oc3c(sc4c5c(sc34)-c3sc(/C=C4\C(=O)c6ccc(F)cc6C4=C(C#N)C#N)cc3C(c3ccc(CC)cc3)(c3ccc(CC)cc3)O5)-c3sc(/C=C4\C(=O)c5ccc(F)cc5C4=C(C#N)C#N)cc32)cc1,-5.6,4.1,1221.47,-0.0411171232436174,0.0118538037481826
CCc1ccc(C2(c3ccc(CC)cc3)Oc3c(sc4c5c(sc34)-c3sc(/C=C4\C(=O)c6ccccc6C4=C(C#N)C#N)cc3C(c3ccc(CC)cc3)(c3ccc(CC)cc3)O5)-c3sc(/C=C4\C(=O)c5ccccc5C4=C(C#N)C#N)cc32)cc1,-5.57,3.64,1185.49,-0.0433850243535501,0.0124435878656485
CCSc1cc(C=C2C(=O)c3cc(F)c(F)cc3C2=C(C#N)C#N)sc1-c1cc2c(s1)-c1cc3c(cc1C2(CC)CC)-c1sc(C=C2C(=O)c4cc(F)c(F)cc4C2=C(C#N)C#N)cc1C3(CC)CC,-5.76,4.56,1001.19,-0.00967212980226796,0.0162347716073009
CCCCCC(CCCC)c1ccc(C2(c3ccc(C(CCCC)CCCCC)cc3)C3=C(c4cc5c(cc42)-c2sc(C=C4C(=O)c6ccc(F)cc6C4=C(C#N)C#N)cc2C5)C(c2ccc(C(CCCC)CCCCC)cc2)(c2ccc(C(CCCC)CCCCC)cc2)c2cc4c(cc23)CC2C=C(C=C3C(=O)c5cc(F)ccc5C3=C(C#N)C#N)SC42)cc1,-5.53,4.1,1704.392,-0.020224452100751,0.00798268190354603
CCc1ccc(C2(c3ccc(CC)cc3)c3cc4c(cc3-c3[se]c(/C=C5\C(=O)c6ccccc6C5=C(C#N)C#N)cc32)C(c2ccc(CC)cc2)(c2ccc(CC)cc2)c2c-4sc3c4c(sc23)-c2cc3c(cc2C4(c2ccc(CC)cc2)c2ccc(CC)cc2)-c2[se]c(/C=C4\C(=O)c5ccccc5C4=C(C#N)C#N)cc2C3(c2ccc(CC)cc2)c2ccc(CC)cc2)cc1,-5.41,3.64,1840.104,-0.0177814845406742,0.00807085150430689
CCCCCCc1ccc(C2(c3ccc(CCCCCC)cc3)c3cc4c(cc3-c3sc(-c5sc(C=C6C(=O)c7cc(Cl)c(Cl)cc7C6=C(C#N)C#N)cc5OCC(CC)CCCC)cc32)C(c2ccc(CCCCCC)cc2)(c2ccc(CCCCCC)cc2)c2cc(-c3sc(C=C5C(=O)c6ccc(Cl)c(Cl)c6C5=C(C#N)C#N)cc3OCC(CC)CCCC)sc2-4)cc1,-5.66,4.56,1874.27,-0.0134322383021307,0.00732444975444739
CCOc1cc(-c2cc3c(s2)-c2sc(/C=C4\C(=O)c5cc6cc(F)c(F)cc6cc5C4=C(C#N)C#N)cc2C3(CC)CC)c(OCC)cc1-c1cc2c(s1)-c1sc(/C=C3\C(=O)c4cc5cc(F)c(F)cc5cc4C3=C(C#N)C#N)cc1C2(CC)CC,-5.44,4.56,1211.422,-0.0336821242516132,0.00903070791372583
CCOc1cc(-c2cc3c(s2)-c2sc(/C=C4\C(=O)c5cc6ccc(F)cc6cc5C4=C(C#N)C#N)cc2C3(CC)CC)c(OCC)cc1-c1cc2c(s1)-c1sc(/C=C3\C(=O)c4cc5ccc(F)cc5cc4C3=C(C#N)C#N)cc1C2(CC)CC,-5.39,4.1,1175.442,-0.033207880155134,0.0139750982683224
CCOc1cc(-c2cc3c(s2)-c2sc(/C=C4\C(=O)c5cc6ccccc6cc5C4=C(C#N)C#N)cc2C3(CC)CC)c(OCC)cc1-c1cc2c(s1)-c1sc(/C=C3\C(=O)c4cc5ccccc5cc4C3=C(C#N)C#N)cc1C2(CC)CC,-5.35,3.64,1139.462,-0.0307221200192303,0.0107893265556293
CCCCCCc1ccc(C2(c3ccc(CCCCCC)cc3)c3cc4c(cc3-c3sc(-c5sc(C=C6C(=O)c7cc(F)c(F)cc7C6=C(C#N)C#N)cc5OCC(CC)CCCC)cc32)C(c2ccc(CCCCCC)cc2)(c2ccc(CCCCCC)cc2)c2cc(-c3sc(C=C5C(=O)c6cc(F)c(F)cc6C5=C(C#N)C#N)cc3OCC(CC)CCCC)sc2-4)cc1,-5.44,4.56,1808.45,-0.0168597199061069,0.00868132604185696
CCOc1c(OCC)c(-c2cc3c(s2)-c2sc(/C=C4\C(=O)c5cc(F)c(F)cc5C4=C(C#N)C#N)cc2C3(CC)CC)c2nn(CC)nc2c1-c1cc2c(s1)-c1sc(/C=C3\C(=O)c4cc(F)c(F)cc4C3=C(C#N)C#N)cc1C2(CC)CC,-5.45,4.56,1180.369,-0.0360591507340663,0.00928482393299728
CCOc1c(OCC)c(-c2cc3c(s2)-c2sc(/C=C4\C(=O)c5cc(F)c(F)cc5C4=C(C#N)C#N)c(CC)c2C3(CC)CC)c2nn(CC)nc2c1-c1cc2c(s1)-c1sc(/C=C3\C(=O)c4cc(F)c(F)cc4C3=C(C#N)C#N)c(CC)c1C2(CC)CC,-5.43,4.56,1236.477,-0.035610760549141,0.00911988876431709
CCc1cc(CC)c(-c2cc(-c3cc(-c4c(CC)cc(CC)cc4CC)c(-c4sc(/C=C5\C(=O)c6cc(F)c(F)cc6C5=C(C#N)C#N)cc4CC)s3)sc2-c2sc(/C=C3\C(=O)c4cc(F)c(F)cc4C3=C(C#N)C#N)cc2CC)c(CC)c1,-5.67,4.56,1187.488,-0.0300928031449828,0.00591874217913185
CCc1ccc(C2(c3ccc(CC)cc3)c3cc4c(cc3-c3sc5cc(-c6ccc(C=C(C#N)C#N)c7nn(CC)nc67)sc5c32)C(c2ccc(CC)cc2)(c2ccc(CC)cc2)c2c-4sc3cc(-c4ccc(C=C(C#N)C#N)c5nn(CC)nc45)sc23)cc1,-5.41,2.64,1237.622,-0.0419915145452306,0.0141581881568949
CCc1ccc(C2(c3ccc(CC)cc3)c3cc4c(cc3-c3sc(-c5ccc(C=C(C#N)C#N)c6nn(CC)nc56)cc32)C(c2ccc(CC)cc2)(c2ccc(CC)cc2)c2cc(-c3ccc(C=C(C#N)C#N)c5nn(CC)nc35)sc2-4)cc1,-5.56,2.64,1125.444,-0.0407077868631762,0.0143059200263476
CCc1ccc(C2(c3ccc(CC)cc3)c3cc4c(cc3-c3sc5cc(-c6ccc(/C=C7\SC(=S)N(CC)C7=O)c7nn(CC)nc67)sc5c32)C(c2ccc(CC)cc2)(c2ccc(CC)cc2)c2c-4sc3cc(-c4ccc(/C=C5\SC(=S)N(CC)C5=O)c5nn(CC)nc45)sc23)cc1,-5.29,1,1427.998,-0.0278927679921572,0.0101011189293131
CCc1ccc(C2(c3ccc(CC)cc3)c3cc4c(cc3-c3sc5cc(-c6ccc(/C=c7\sc(=C(C#N)C#N)n(CC)c7=O)c7nn(CC)nc67)sc5c32)C(c2ccc(CC)cc2)(c2ccc(CC)cc2)c2c-4sc3cc(-c4ccc(/C=c5\sc(=C(C#N)C#N)n(CC)c5=O)c5nn(CC)nc45)sc23)cc1,-5.34,2.64,1491.958,-0.0283793016750777,0.00979026683918796
CCc1ccc(C2(c3ccc(CC)cc3)c3cc4c(cc3-c3sc(-c5ccc(/C=c6/sc(=C(C#N)C#N)n(CC)c6=O)c6nn(CC)nc56)cc32)C(c2ccc(CC)cc2)(c2ccc(CC)cc2)c2cc(-c3ccc(/C=c5/sc(=C(C#N)C#N)n(CC)c5=O)c5nn(CC)nc35)sc2-4)cc1,-5.49,2.64,1379.78,-0.0416560789932631,0.0149802081993336
CCc1ccc(C2(c3ccc(CC)cc3)c3cc4c(cc3-c3sc(-c5ccc(/C=C6/SC(=S)N(CC)C6=O)c6nn(CC)nc56)cc32)C(c2ccc(CC)cc2)(c2ccc(CC)cc2)c2cc(-c3ccc(/C=C5/SC(=S)N(CC)C5=O)c5nn(CC)nc35)sc2-4)cc1,-5.46,1,1315.82,-0.0385752673566136,0.0153016356266562
CCCCCCCCC1(CCCCCCCC)c2cc3c(cc2-c2sc(-c4c5ccsc5c(C=c5sc(=C(C#N)C#N)n(CC)c5=O)c5nn(CC(CC)CCCC)nc45)cc21)C(CCCCCCCC)(CCCCCCCC)c1cc(-c2c4ccsc4c(C=c4sc(=C(C#N)C#N)n(CC)c4=O)c4nn(CC(CC)CCCC)nc24)sc1-3,-5.41,2.64,1692.538,-0.0213512610411547,0.00676605197428585
CCc1ccc(C2(c3ccc(CC)cc3)c3cc4c(cc3-c3sc(-c5ccc(/C=c6/sc(=C(C#N)C#N)n(Cc7ccccc7)c6=O)c6nn(CC)nc56)cc32)C(c2ccc(CC)cc2)(c2ccc(CC)cc2)c2cc(-c3ccc(/C=c5/sc(=C(C#N)C#N)n(Cc6ccccc6)c5=O)c5nn(CC)nc35)sc2-4)cc1,-5.55,2.64,1503.922,-0.0325041264945881,0.00781839186978383
CCc1ccc(C2(c3ccc(CC)cc3)c3cc4c(cc3-c3sc(-c5ccc(/C=c6/sc(=C(C#N)C#N)n(-c7ccccc7)c6=O)c6nn(CC)nc56)cc32)C(c2ccc(CC)cc2)(c2ccc(CC)cc2)c2cc(-c3ccc(/C=c5/sc(=C(C#N)C#N)n(-c6ccccc6)c5=O)c5nn(CC)nc35)sc2-4)cc1,-5.5,2.64,1475.868,-0.0311762161778503,0.00845022371156775
CCc1c(/C=C2\C(=O)c3ccccc3C2=C(C#N)C#N)sc2c1sc1c3c4nsnc4c4c5sc6c(CC)c(/C=C7\C(=O)c8ccccc8C7=C(C#N)C#N)sc6c5n(CC)c4c3n(CC)c21,-5.55,3.64,959.200999999999,-0.0238354349545901,0.0267876097464669
CCCCCCc1ccc(C2(c3ccc(CCCCCC)cc3)Cc3cc4c(cc3-c3sc5cc(C=C6C(=O)c7ccccc7C6=C(C#N)C#N)sc5c32)C(c2ccc(CCCCCC)cc2)(c2ccc(CCCCCC)cc2)c2c-4sc3cc(C=C4C(=O)c5ccccc5C4=C(C#N)C#N)sc23)cc1,-5.48,3.64,1442.011,-0.026233103011489,0.0144565002089554
CCc1ccc(C2(c3ccc(CC)cc3)c3cc4c(cc3-c3sc5cc(/C=C6\C(=O)c7cscc7C6=C(C#N)C#N)sc5c32)C(c2ccc(CC)cc2)(c2ccc(CC)cc2)c2c-4sc3cc(/C=C4\C(=O)c5cscc5C4=C(C#N)C#N)sc23)cc1,-5.62,3.64,1215.61,-0.0425094260892285,0.0118896336731673
CCc1ccc(C2(c3ccc(CC)cc3)c3cc4c(cc3-c3sc5cc(/C=C6\C(=O)c7c(csc7C)C6=C(C#N)C#N)sc5c32)C(c2ccc(CC)cc2)(c2ccc(CC)cc2)c2c-4sc3cc(/C=C4\C(=O)c5c(csc5C)C4=C(C#N)C#N)sc23)cc1,-5.57,3.64,1243.664,-0.0411380489412766,0.0130090942894163
CCCCCCc1ccc(C2(c3ccc(CCCCCC)cc3)c3cc(C=C4C(=O)c5ccccc5C4=C(C#N)C#N)sc3-c3sc4cc5c6c(sc5cc4c32)-c2sc(C=C3C(=O)c4ccccc4C3=C(C#N)C#N)cc2C6(c2ccc(CCCCCC)cc2)c2ccc(CCCCCC)cc2)cc1,-5.51,3.64,1427.984,-0.027332068887952,0.00823365386342046
CCCCCCc1ccc(C2(c3ccc(CCCCCC)cc3)c3cc4c(cc3-c3sc5cc(C=C6C(=O)c7ccccc7C6=C(C#N)C#N)sc5c32)C(c2ccc(CCCCCC)cc2)(c2ccc(CCCCCC)cc2)c2c-4sc3cc(C=C4C(=O)c5ccccc5C4=C(C#N)C#N)sc23)cc1,-5.55,3.64,1427.984,-0.0277341807870466,0.013864884605843
CCCCCCC(CCCC)COC(=O)C1(C(=O)OCC(CCCC)CCCCCC)C2=C(c3cc4c(cc31)C1SC(C=C3C(=O)c5cc(F)c(F)cc5C3=C(C#N)C#N)=CC1S4)C(C(=O)OCC(CCCC)CCCCCC)(C(=O)OCC(CCCC)CCCCCC)c1cc3c(cc12)sc1cc(C=C2C(=O)c4cc(F)c(F)cc4C2=C(C#N)C#N)sc13,-5.8,8.36,1760.312,-0.0195941498897293,0.0106752870262912
CCCCCCC(CCCC)COC(=O)C1(C(=O)OCC(CCCC)CCCCCC)C2=C(c3cc4c(cc31)-c1sc(C=C3C(=O)c5cc(F)c(F)cc5C3=C(C#N)C#N)cc1C4)C(C(=O)OCC(CCCC)CCCCCC)(C(=O)OCC(CCCC)CCCCCC)c1cc3c(cc12)CC1C=C(C=C2C(=O)c4cc(F)c(F)cc4C2=C(C#N)C#N)SC31,-5.65,8.36,1724.232,-0.0300275916429652,0.00990288375382
CCCCCCC(CCCC)COC(=O)C1(C(=O)OCC(CCCC)CCCCCC)C2=C(c3cc4c(cc31)C1SC(C=C3C(=O)c5cc(F)c(F)cc5C3=C(C#N)C#N)=CC1N4C)C(C(=O)OCC(CCCC)CCCCCC)(C(=O)OCC(CCCC)CCCCCC)c1cc3c4sc(C=C5C(=O)c6cc(F)c(F)cc6C5=C(C#N)C#N)cc4n(C)c3cc12,-5.6,8.36,1754.262,-0.035377591321713,0.00969781085024001
CCc1ccc(C2(c3ccc(CC)cc3)c3cc4c(cc3-c3sc(/C=C5\C(=O)c6cc(F)c(F)cc6C5=C(C#N)C#N)cc32)C(c2ccc(CC)cc2)(c2ccc(CC)cc2)c2c-4sc3c2C(c2ccc(CC)cc2)(c2ccc(CC)cc2)c2c-3sc3cc(/C=C4\C(=O)c5cc(F)c(F)cc5C4=C(C#N)C#N)sc23)cc1,-5.5,4.56,1521.865,-0.0233869517225176,0.0136039618473068
CCc1ccc(C2(c3ccc(CC)cc3)c3cc4c(cc3-c3sc5c(c32)C(c2ccc(CC)cc2)(c2ccc(CC)cc2)c2cc(/C=C3/C(=O)c6cc(F)c(F)cc6C3=C(C#N)C#N)sc2-5)C(c2ccc(CC)cc2)(c2ccc(CC)cc2)c2c-4sc3cc(/C=C4\C(=O)c5cc(F)c(F)cc5C4=C(C#N)C#N)sc23)cc1,-5.53,4.56,1521.865,-0.0248716832684529,0.0134713719203588
CCc1ccc(C2(c3ccc(CC)cc3)c3cc4c(cc3-c3sc(/C=C5\C(=O)c6cc(F)c(F)cc6C5=C(C#N)C#N)cc32)C(c2ccc(CC)cc2)(c2ccc(CC)cc2)c2c-4sc3c4c(sc23)-c2sc(/C=C3\C(=O)c5cc(F)c(F)cc5C3=C(C#N)C#N)cc2C4(c2ccc(CC)cc2)c2ccc(CC)cc2)cc1,-5.62,4.56,1521.865,-0.0234335519058972,0.0109007432575406
CCc1ccc(C2(c3ccc(CC)cc3)c3cc4c(cc3-c3sc5cc(/C=C6\C(=O)c7cc(C)c(F)cc7C6=C(C#N)C#N)sc5c32)C(c2ccc(CC)cc2)(c2ccc(CC)cc2)c2c-4sc3cc(/C=C4\C(=O)c5cc(C)c(F)cc5C4=C(C#N)C#N)sc23)cc1,-5.59,4.1,1267.586,-0.0416183068207337,0.0102973160827313
CCc1ccc(C2(c3ccc(CC)cc3)c3cc4c(cc3-c3sc5cc(/C=C6\C(=O)c7cc(C)c(C)cc7C6=C(C#N)C#N)sc5c32)C(c2ccc(CC)cc2)(c2ccc(CC)cc2)c2c-4sc3cc(/C=C4\C(=O)c5cc(C)c(C)cc5C4=C(C#N)C#N)sc23)cc1,-5.58,3.64,1259.66,-0.0404833525606537,0.0148838204666773
CCC1(CC)c2cc3c(cc2-c2sc(/C=C4\C(=O)c5cc(F)c(F)cc5C4=C(C#N)C#N)cc21)C(CC)(CC)c1cc(-c2ccc(-c4cc5c(s4)-c4cc6c(cc4C5(CC)CC)-c4sc(/C=C5\C(=O)c7cc(F)c(F)cc7C5=C(C#N)C#N)cc4C6(CC)CC)c4nsnc24)sc1-3,-5.48,4.56,1369.695,-0.0319478923525327,0.0120112815866517
CCC1(CC)c2cc3c(cc2-c2sc(/C=C4\C(=O)c5cc(F)c(F)cc5C4=C(C#N)C#N)cc21)C(CC)(CC)c1cc(-c2cc4c(s2)-c2cc5c(cc2C4(CC)CC)-c2sc(/C=C4\C(=O)c6cc(F)c(F)cc6C4=C(C#N)C#N)cc2C5(CC)CC)sc1-3,-5.44,4.56,1235.532,-0.0320592769815106,0.00963325020440555
CCC1(CC)c2cc3c(cc2-c2sc(/C=C4\C(=O)c5cc(F)c(F)cc5C4=C(C#N)C#N)cc21)C(CC)(CC)c1cc(-c2cc4sc(-c5cc6c(s5)-c5cc7c(cc5C6(CC)CC)-c5sc(/C=C6\C(=O)c8cc(F)c(F)cc8C6=C(C#N)C#N)cc5C7(CC)CC)cc4s2)sc1-3,-5.43,4.56,1373.748,-0.0317308726430789,0.0132760456044926
CCc1ccc(C2(c3ccc(CC)cc3)c3cc4c(cc3-c3sc5cc(/C=C6\C(=O)c7cc8ccccc8cc7C6=C(C#N)C#N)sc5c32)C(c2ccc(CC)cc2)(c2ccc(CC)cc2)c2c-4sc3cc(/C=C4\C(=O)c5cc6ccccc6cc5C4=C(C#N)C#N)sc23)cc1,-5.42,3.64,1303.672,-0.0313332081536228,0.0146031909928963
CCOc1ccc(C2(c3ccc(OCC)cc3)c3cc4c(cc3-c3sc5cc(/C=C6\C(=O)c7cc8ccccc8cc7C6=C(C#N)C#N)sc5c32)C(c2ccc(OCC)cc2)(c2ccc(OCC)cc2)c2c-4sc3cc(/C=C4\C(=O)c5cc6ccccc6cc5C4=C(C#N)C#N)sc23)cc1,-5.41,3.64,1367.668,-0.0292752562440533,0.0137777385443681
CCCCCC[C@@H](CCCC)Cc1cc(-c2ccc(C=C(C#N)C#N)c3nsnc23)sc1-c1nc2sc(-c3sc(-c4ccc(C=C(C#N)C#N)c5nsnc45)cc3C[C@@H](CCCC)CCCCCC)nc2s1,-5.7,2.64,1063.552,-0.00438117926973212,0.0207028646244343
CCCCCC[C@@H](CCCC)Cc1cc(-c2ccc(/C=c3\sc(=C(C#N)C#N)n(CC)c3=O)c3nsnc23)sc1-c1nc2sc(-c3sc(-c4ccc(/C=c5\sc(=C(C#N)C#N)n(CC)c5=O)c5nsnc45)cc3C[C@@H](CCCC)CCCCCC)nc2s1,-5.5,2.64,1317.888,-0.0373535135713886,0.0118017897544066
CCc1c(C=C2C(=O)c3cc(F)c(F)cc3C2=C(C#N)C#N)sc2c1sc1c3c4nn(CC)nc4c4c5sc(C=C6C(=O)c7cc(F)c(F)cc7C6=C(C#N)C#N)c(CC)c5n(CC)c4c3n(CC)c21,-5.69,4.56,986.073999999999,-0.0167444768595122,0.0223728650953977
CCc1ccc(C2(c3ccc(CC)cc3)c3cc4c(cc3-c3sc(/C=C5\C(=O)c6cc7ccccc7cc6C5=C(C#N)C#N)cc32)C(c2ccc(CC)cc2)(c2ccc(CC)cc2)c2cc(/C=C3\C(=O)c5cc6ccccc6cc5C3=C(C#N)C#N)sc2-4)cc1,-5.81,3.64,1191.494,-0.0444867252967207,0.0170863460311298
CCOc1c(/C=C2\C(=O)c3cc4ccccc4cc3C2=C(C#N)C#N)sc2c1C(c1ccc(CC)cc1)(c1ccc(CC)cc1)c1cc3c(cc1-2)C(c1ccc(CC)cc1)(c1ccc(CC)cc1)c1c-3sc(/C=C2\C(=O)c3cc4ccccc4cc3C2=C(C#N)C#N)c1OCC,-5.77,3.64,1279.6,-0.041939977589618,0.0105453032545414
CCc1ccc(C2(c3ccc(CC)cc3)c3cc4c(cc3-c3sc5cc(/C=C6\C(=O)c7ccc(F)cc7C6=C(C#N)C#N)sc5c32)C(c2ccc(CC)cc2)(c2ccc(CC)cc2)c2c-4sc3cc(/C=C4\C(=O)c5ccc(F)cc5C4=C(C#N)C#N)sc23)cc1,-5.66,4.1,1239.532,-0.0420268204277507,0.0139595397400236
CCN1C(=O)c2c(c(-c3cccs3)c3c(c2-c2cccs2)-c2cccc4c(C#N)ccc-3c24)C1=O,-5.65,1.66,488.593,0.0101452158179901,0.0249226754115392
CCC1(CC)c2ccccc2-c2ccc(-c3ccc(C=C(C#N)C#N)c4nsnc34)cc21,-6.2,1.32,432.552,-0.00393476850435916,0.023005813126772
CCc1ccc(-c2ccc(-c3ccc(-c4cc5c6c(c(-c7ccc(-c8ccc(-c9ccc(CC)s9)s8)s7)cc7c6c4C(=O)N(CC)C7=O)C(=O)N(CC)C5=O)s3)s2)s1,-5.5,2,871.19,0.00652172899846795,0.0257572141233627
CC[Si]1(CC)c2ccsc2-c2sc(-c3ccc(C=C(C#N)C#N)c4nsnc34)cc21,-5.4,1.32,460.685,0.0158359691509112,0.0234074518147868
CCN1C(=O)C2=C(c3ccc(-c4ccc5c(c4)[Si](CC)(CC)c4cc(-c6ccc(C7=C8C(=O)N(CC)C(c9cccs9)=C8C(=O)N7CC)s6)ccc4-5)s3)N(CC)C(=O)C2=C1c1cccs1,-5.23,2,947.318,0.00227647194167267,0.0219008502026065
CCOc1cc2c3c(ccc4c5c(-c6cc7c(s6)-c6cc8c(cc6C7(c6ccc(CC)cc6)c6ccc(CC)cc6)-c6sc(-c7cc9c%10c(ccc%11c%12c(OCC)cc%13c%14c(ccc(c7c%10%11)c%14%12)C(=O)N(CC)C%13=O)C(=O)N(CC)C9=O)cc6C8(c6ccc(CC)cc6)c6ccc(CC)cc6)cc6c7c(ccc(c1c34)c75)C(=O)N(CC)C6=O)C(=O)N(CC)C2=O,-5.53,4,1659.996,-0.0241216680541589,0.00897652882338215
CCOc1cc(/C=c2/sc(=C(C#N)C#N)n(CC)c2=O)sc1-c1cc2c(s1)-c1cc3c(cc1C2(c1ccc(CC)cc1)c1ccc(CC)cc1)-c1sc(-c2sc(/C=c4/sc(=C(C#N)C#N)n(CC)c4=O)cc2OCC)cc1C3(c1ccc(CC)cc1)c1ccc(CC)cc1,-5.37,2.64,1341.81,-0.0408502566699392,0.010737573853218
CCc1ccc(C2(c3ccc(CC)cc3)c3cc4c(cc3-c3sc(-c5sc(/C=c6/sc(=C(C#N)C#N)n(CC)c6=O)cc5CC)cc32)C(c2ccc(CC)cc2)(c2ccc(CC)cc2)c2cc(-c3sc(/C=c5/sc(=C(C#N)C#N)n(CC)c5=O)cc3CC)sc2-4)cc1,-5.5,2.64,1309.812,-0.0418781601998231,0.0139112067699731
CCN1C(=O)c2ccc3c4c(-c5ccccc5C)c5c6cccc7cccc(c5c(-c5ccccc5C)c4c4ccc(c2c34)C1=O)c76,-5.99,1,603.721,-0.00761715923224716,0.0177900706707638
CCn1c(=C(C#N)C#N)s/c(=C/c2ccc(-c3cc4c(s3)-c3cc5c(cc3C4(CC)CC)-c3sc(-c4ccc(/C=c6/sc(=C(C#N)C#N)n(CC)c6=O)c6nc(-c7ccccc7)c(-c7ccccc7)nc46)cc3C5(CC)CC)c3nc(-c4ccccc4)c(-c4ccccc4)nc23)c1=O,-5.27,2.64,1345.718,-0.0340873070882989,0.00732074144875312
CCn1c(=C(C#N)C#N)s/c(=C/c2ccc(-c3cc4c(s3)-c3cc5c(cc3C4(CC)CC)-c3sc(-c4ccc(/C=c6/sc(=C(C#N)C#N)n(CC)c6=O)c6nccnc46)cc3C5(CC)CC)c3nccnc23)c1=O,-5.3,2.64,1041.326,-0.0176370855593844,0.0233785083754407
CCc1ccc(C2(c3ccc(CC)cc3)c3cc4c(cc3-c3sc(-c5ccc(/C=c6/sc(=C(C#N)C#N)n(CC)c6=O)c6nc(-c7ccccc7)c(-c7ccccc7)nc56)cc32)C(c2ccc(CC)cc2)(c2ccc(CC)cc2)c2cc(-c3ccc(/C=c5/sc(=C(C#N)C#N)n(CC)c5=O)c5nc(-c6ccccc6)c(-c6ccccc6)nc35)sc2-4)cc1,-5.38,2.64,1650.11,-0.0223316742644648,0.010814780747604
CCc1c(/C=c2/sc(=C(C#N)C#N)n(CC)c2=O)sc2c1sc1c3c4nsnc4c4c5sc6c(CC)c(/C=c7/sc(=C(C#N)C#N)n(CC)c7=O)sc6c5n(CC)c4c3n(CC)c21,-5.42,2.64,957.276999999999,-0.00422972934284709,0.0254466962536218
CCOc1c(OCC)c(-c2ccc(/C=C3\SC(=S)N(CC)C3=O)s2)c2nsnc2c1-c1ccc(/C=C2\SC(=S)N(CC)C2=O)s1,-5.61,1,731.031,0.0109372781321789,0.0257593612311541
CCc1ccc(C2(c3ccc(CC)cc3)c3cc4c(cc3-c3sc(-c5c(OC)c(OC)c(/C=c6\sc(=C(C#N)C#N)n(CC)c6=O)c6nn(CC)nc56)cc32)C(c2ccc(CC)cc2)(c2ccc(CC)cc2)c2cc(-c3c(OC)c(OC)c(/C=c5/sc(=C(C#N)C#N)n(CC)c5=O)c5nn(CC)nc35)sc2-4)cc1,-5.37,2.64,1499.884,-0.0347077834616743,0.0136829733941769
CCc1ccc(C2(c3ccc(CC)cc3)c3cc4c(cc3-c3sc(-c5c(OC)c(OC)c(/C=C6\SC(=S)N(CC)C6=O)c6nn(CC)nc56)cc32)C(c2ccc(CC)cc2)(c2ccc(CC)cc2)c2cc(-c3c(OC)c(OC)c(/C=C5/SC(=S)N(CC)C5=O)c5nn(CC)nc35)sc2-4)cc1,-5.41,1,1435.924,-0.0379932806511959,0.013212177127008
CCc1ccc(C2(c3ccc(CC)cc3)c3cc4c(cc3-c3sc(-c5c(OC)c(OC)c(/C=C6\SC(=O)N(CC)C6=O)c6nn(CC)nc56)cc32)C(c2ccc(CC)cc2)(c2ccc(CC)cc2)c2cc(-c3c(OC)c(OC)c(/C=C5\SC(=O)N(CC)C5=O)c5nn(CC)nc35)sc2-4)cc1,-5.32,2,1403.788,-0.0366172844219044,0.0108903072013008
CCc1ccc(C2(c3ccc(CC)cc3)c3cc4c(cc3-c3sc(C5=C/C(=c6/sc(=C(C#N)C#N)n(CC)c6=O)CCC5)cc32)C(c2ccc(CC)cc2)(c2ccc(CC)cc2)c2cc(C3C=C/C(=c5/sc(=C(C#N)C#N)n(CC)c5=O)CC3)sc2-4)cc1,-5.34,2.64,1221.656,-0.0312989670092673,0.0136344639445936
CCc1ccc(C2(c3ccc(CC)cc3)c3cc4c(cc3-c3sc(/C=c5/sc(=C(C#N)C#N)n(CC)c5=O)cc32)C(c2ccc(CC)cc2)(c2ccc(CC)cc2)c2cc(/C=c3/sc(=C(C#N)C#N)n(CC)c3=O)sc2-4)cc1,-5.44,2.64,1089.45,-0.0231001395971611,0.0237328000243502
CCc1ccc(C2(c3ccc(CC)cc3)c3cc4c(cc3-c3sc5cc(/C=c6/sc(=C(C#N)C#N)n(CC)c6=O)sc5c32)C(c2ccc(CC)cc2)(c2ccc(CC)cc2)c2c-4sc3cc(/C=c4/sc(=C(C#N)C#N)n(CC)c4=O)sc23)cc1,-5.32,2.64,1201.628,-0.0280059106083838,0.0157658200654637
CCc1ccc(C2(c3ccc(CC)cc3)c3cc4c(cc3-c3sc5cc(C6=C/C(=c7/sc(=C(C#N)C#N)n(CC)c7=O)CCC6)sc5c32)C(c2ccc(CC)cc2)(c2ccc(CC)cc2)c2c-4sc3cc(C4=C/C(=c5/sc(=C(C#N)C#N)n(CC)c5=O)CCC4)sc23)cc1,-5.25,2.64,1333.834,-0.0362500634547894,0.0119027516666071
CCCCCCc1ccc(C2(c3ccc(CCCCCC)cc3)c3cc4c(cc3-c3sc5cc(C=C6C(=O)c7cc(Cl)c(Cl)cc7C6=C(C#N)C#N)sc5c32)C(c2ccc(CCCCCC)cc2)(c2ccc(CCCCCC)cc2)c2c-4sc3cc(C=C4C(=O)c5cc(Cl)c(Cl)cc5C4=C(C#N)C#N)sc23)cc1,-5.75,4.56,1565.764,-0.0224164405865061,0.0117186882630564
CCc1ccc(C2(c3ccc(CC)cc3)c3cc4c(cc3-c3sc5cc(/C=C6\C(=O)c7ccc(C)cc7C6=C(C#N)C#N)sc5c32)C(c2ccc(CC)cc2)(c2ccc(CC)cc2)c2c-4sc3cc(/C=C4\C(=O)c5ccc(C)cc5C4=C(C#N)C#N)sc23)cc1,-5.58,3.64,1231.606,-0.0437522186771932,0.01638327679264
CCCCCCCCc1ccc(C2(c3ccc(CCCCCC)cc3)c3cc4c(cc3-c3sc(-c5c(F)cc(C=c6sc(=C(C#N)C#N)n(CC)c6=O)c6nn(CCCCCCCC)nc56)cc32)C(c2ccc(CCCCCC)cc2)(c2ccc(CCCCCCCC)cc2)c2cc(-c3c(F)cc(CC5SC(=C(C#N)C#N)N(CC)C5=O)c5nn(CCCCCCCC)nc35)sc2-4)cc1,-5.55,3.6,1866.64,-0.0195203277363253,0.00810063830414471
CCCCCCc1ccc(C2(c3ccc(CCCCCC)cc3)c3cc4c(cc3-c3sc5cc(C=C6C(=O)c7cc(Cl)c(Cl)cc7C6=O)sc5c32)C(c2ccc(CCCCCC)cc2)(c2ccc(CCCCCC)cc2)c2c-4sc3cc(C=C4C(=O)c5cc(Cl)c(Cl)cc5C4=O)sc23)cc1,-5.72,2.92,1469.668,-0.0283262839772791,0.00999556721969724
CCN1C(=O)c2ccc3c4c(c(-c5ccc(-c6ccc(-c7cc8c9c(c(-c%10ccc(-c%11ccc(-c%12cc%13c%14c(c(-c%15ccc(-c%16cccs%16)s%15)cc%15c%14c%12C(=O)N(CC)C%15=O)C(=O)N(CC)C%13=O)s%11)s%10)cc%10c9c7C(=O)N(CC)C%10=O)C(=O)N(CC)C8=O)s6)s5)cc(c24)C1=O)C(=O)N(CC)C3=O,-5.6,6,1455.69,-0.026911961690807,0.00975945646614343
CCCCCCSc1ccc(C2(c3ccc(SCCCCCC)cc3)c3cc4c(cc3-c3sc5cc(/C=C6/C(=O)c7ccccc7C6=C(C#N)C#N)sc5c32)C(c2ccc(SCCCCCC)cc2)(c2ccc(SCCCCCC)cc2)c2c-4sc3cc(/C=C4/C(=O)c5ccccc5C4=C(C#N)C#N)sc23)cc1,-5.68,3.64,1556.252,-0.0253531978227235,0.00835519826678446
CCCCCCCCSc1ccc(C2(c3ccc(SCCCCCCCC)cc3)c3cc4c(cc3-c3sc5cc([CH][C]6C(=O)c7ccccc7C6=C(C#N)C#N)sc5c32)C(c2ccc(SCCCCCCCC)cc2)(c2ccc(SCCCCCCCC)cc2)c2c-4sc3cc(/C=C4/C(=O)c5ccccc5C4=C(C#N)C#N)sc23)cc1,-5.7,3.64,1668.468,-0.0237148667722776,0.0109291244734595
CCSc1ccc(C2(c3ccc(SCC)cc3)c3cc4c(cc3-c3sc5cc(/C=C6\C(=O)c7ccccc7C6=C(C#N)C#N)sc5c32)C(c2ccc(SCC)cc2)(c2ccc(SCC)cc2)c2c-4sc3cc(/C=C4\C(=O)c5ccccc5C4=C(C#N)C#N)sc23)cc1,-5.74,3.64,1331.82,-0.0339951590479444,0.0175505612508837
CCc1ccc(C2(c3ccc(CC)cc3)c3cc4c(cc3-c3sc5c(CC)c(/C=C6\C(=O)c7ccccc7C6=C(C#N)C#N)sc5c32)C(c2ccc(CC)cc2)(c2ccc(CC)cc2)c2c-4sc3c(CC)c(/C=C4\C(=O)c5ccccc5C4=C(C#N)C#N)sc23)cc1,-5.73,3.64,1259.66,-0.0416645323958723,0.0154867953325564
CCc1ccc(C2(c3ccc(CC)cc3)Oc3cc(/C=C4\C(=O)c5ccccc5C4=C(C#N)C#N)sc3-c3cc4c(cc32)-c2sc(/C=C3\C(=O)c5ccccc5C3=C(C#N)C#N)cc2OC4(c2ccc(CC)cc2)c2ccc(CC)cc2)cc1,-5.53,3.64,1123.372,-0.0376555795626625,0.0146521029333463
CCc1ccc(C2(c3ccc(CC)cc3)Oc3cc(-c4cc5sc(/C=C6\C(=O)c7ccccc7C6=C(C#N)C#N)cc5s4)sc3-c3cc4c(cc32)-c2sc(-c3cc5sc(/C=C6\C(=O)c7ccccc7C6=C(C#N)C#N)cc5s3)cc2OC4(c2ccc(CC)cc2)c2ccc(CC)cc2)cc1,-5.28,3.64,1399.804,-0.0257870788395416,0.0126397569943316
CCc1ccc(C2(c3ccc(CC)cc3)Oc3cc(-c4ccc(/C=C5\C(=O)c6ccccc6C5=C(C#N)C#N)s4)sc3-c3cc4c(cc32)-c2sc(-c3ccc(/C=C5\C(=O)c6ccccc6C5=C(C#N)C#N)s3)cc2OC4(c2ccc(CC)cc2)c2ccc(CC)cc2)cc1,-5.33,3.64,1287.626,-0.0350550963239694,0.0130371837591814
CCOc1c2c(c(OCC)c3c1C(c1ccc(CC)cc1)(c1ccc(CC)cc1)c1c-3sc3cc(/C=C4\C(=O)c5c(csc5C)C4=C(C#N)C#N)sc13)C(c1ccc(CC)cc1)(c1ccc(CC)cc1)c1c-2sc2cc(/C=C3\C(=O)c4c(csc4C)C3=C(C#N)C#N)sc12,-5.42,3.64,1331.77,-0.0339157800828771,0.0114169115309969
CCc1ccc(C2(c3ccc(CC)cc3)c3c(-c4ccc(CC)s4)c4c(c(-c5ccc(CC)s5)c3-c3sc5cc(/C=C6\C(=O)c7c(csc7C)C6=C(C#N)C#N)sc5c32)C(c2ccc(CC)cc2)(c2ccc(CC)cc2)c2c-4sc3cc(/C=C4\C(=O)c5c(csc5C)C4=C(C#N)C#N)sc23)cc1,-5.59,3.64,1464.026,-0.0264166962712214,0.0146468977186959
CCc1ccc(C2(c3ccc(CC)cc3)c3cc4c(cc3-c3sc5c6sc(/C=C7\C(=O)c8cc(F)c(F)cc8C7=C(C#N)C#N)cc6n(CC)c5c32)C(c2ccc(CC)cc2)(c2ccc(CC)cc2)c2c-4sc3c4sc(/C=C5\C(=O)c6cc(F)c(F)cc6C5=C(C#N)C#N)cc4n(CC)c23)cc1,-5.42,4.56,1409.694,-0.0324752369941857,0.0119819815615693
CCOc1ccc(C2(c3ccc(OCC)cc3)c3cc4c(cc3-c3sc5c6sc(/C=C7\C(=O)c8cc(F)c(F)cc8C7=C(C#N)C#N)cc6n(CC)c5c32)C(c2ccc(OCC)cc2)(c2ccc(OCC)cc2)c2c-4sc3c4sc(/C=C5\C(=O)c6cc(F)c(F)cc6C5=C(C#N)C#N)cc4n(CC)c23)cc1,-5.38,4.56,1473.69,-0.0250748135350542,0.0119612927418135
CCOc1cccc(C2(c3cccc(OCC)c3)c3cc4c(cc3-c3sc5c6sc(/C=C7\C(=O)c8cc(F)c(F)cc8C7=C(C#N)C#N)cc6n(CC)c5c32)C(c2cccc(OCC)c2)(c2cccc(OCC)c2)c2c-4sc3c4sc(/C=C5\C(=O)c6cc(F)c(F)cc6C5=C(C#N)C#N)cc4n(CC)c23)c1,-5.41,4.56,1473.69,-0.0258459547314173,0.0120459174290628
CCc1ccc(C2(c3ccc(CC)cc3)c3cc4c(cc3-c3sc(/C=C5\C(=O)c6ccc(F)cc6C5=C(C#N)C#N)cc32)C(c2ccc(CC)cc2)(c2ccc(CC)cc2)c2c-4sc3c4sc(/C=C5\C(=O)c6ccc(F)cc6C5=C(C#N)C#N)cc4n(-c4cc5sc(CC)cc5s4)c23)cc1,-5.6,4.1,1388.75,-0.0286402255997816,0.0161578528915964
CCc1ccc(-n2c3cc(/C=C4\C(=O)c5ccc(F)cc5C4=C(C#N)C#N)sc3c3sc4c(c32)C(c2ccc(CC)cc2)(c2ccc(CC)cc2)c2cc3c(cc2-4)C(c2ccc(CC)cc2)(c2ccc(CC)cc2)c2cc(/C=C4\C(=O)c5ccc(F)cc5C4=C(C#N)C#N)sc2-3)cc1,-5.57,4.1,1326.632,-0.0335172712276922,0.0104338319758627
CCc1ccc(C2(c3ccc(CC)cc3)c3cc4c(cc3-c3sc(/C=C5\C(=O)c6ccc(F)cc6C5=C(C#N)C#N)cc32)C(c2ccc(CC)cc2)(c2ccc(CC)cc2)c2c-4sc3c4sc(/C=C5\C(=O)c6ccc(F)cc6C5=C(C#N)C#N)cc4n(-c4ccc(CC)s4)c23)cc1,-5.58,4.1,1332.661,-0.0327349780319359,0.0117518279845414
CCCCCCCCc1cc(-c2cc(CC(CC)CCCC)c(-c3sc(-c4cc(CCCCCCCC)c(C=C5C(=O)c6cc(F)c(F)cc6C5=C(C#N)C#N)s4)cc3CC(CC)CCCC)s2)sc1C=C1C(=O)c2cc(F)c(F)cc2C1=C(C#N)C#N,-5.85,4.56,1259.724,-0.00841310168323584,0.0125882366539448
CCCCCCCCc1cc(-c2cc(CCCCCCCC)c(-c3sc(-c4cc(CCCCCCCC)c(C=C5C(=O)c6cc(F)c(F)cc6C5=C(C#N)C#N)s4)cc3CCCCCCCC)s2)sc1C=C1C(=O)c2cc(F)c(F)cc2C1=C(C#N)C#N,-5.71,4.56,1259.724,-0.0096212357491806,0.016444339596414
CCCCC(CC)Cc1cc(-c2cc(OC(CC)CCCC)c(C=C3C(=O)c4cc(F)c(F)cc4C3=C(C#N)C#N)s2)sc1-c1sc(-c2cc(OC(CC)CCCC)c(C=C3C(=O)c4cc(F)c(F)cc4C3=C(C#N)C#N)s2)cc1CC(CC)CCCC,-5.85,4.56,1263.668,-0.0194532076324748,0.0111044140134067
CCCCCCCCc1c(C=C2C(=O)c3cc(Cl)c(Cl)cc3C2=C(C#N)C#N)sc2c1sc1c3c4nsnc4c4c5sc6c(CCCCCCCC)c(C=C7C(=O)c8cc(Cl)c(Cl)cc8C7=C(C#N)C#N)sc6c5n(CC(CC)CCCC)c4c3n(CC(CC)CCCC)c21,-5.62,4.56,1433.629,-0.0290566897820752,0.00545918187691957
CCCCCCCCCCCc1c(C=C2C(=O)c3cc(Cl)c(Cl)cc3C2=C(C#N)C#N)sc2c1sc1c3c4nsnc4c4c5sc6c(CCCCCCCCCCC)c(C=C7C(=O)c8cc(Cl)c(Cl)cc8C7=C(C#N)C#N)sc6c5n(CC(CC)CCCC)c4c3n(CC(CC)CCCC)c21,-5.64,4.56,1517.791,-0.0277686831001752,0.0124509841587353
CCCCCCCCc1c(C=C2C(=O)c3cc(Cl)c(Cl)cc3C2=C(C#N)C#N)sc2c1sc1c3c4nn(CC(CC)CCCC)nc4c4c5sc6c(CCCCCCCC)c(C=C7C(=O)c8cc(Cl)c(Cl)cc8C7=C(C#N)C#N)sc6c5n(CC(CC)CCCC)c4c3n(CC(CC)CCCC)c21,-5.53,4.56,1528.793,-0.0297569826164142,0.0113765971256632
CCCCCCCCc1c(C=C2C(=O)c3cc(Cl)c(Cl)cc3C2=C(C#N)C#N)sc2c1sc1c3c4nsnc4c4c5sc6c(CCCCCCCC)c(C=C7C(=O)c8cc9c(cc8C7=C(C#N)C#N)C7C8C=CC(C8)C97)sc6c5n(CC(CC)CCCC)c4c3n(CC(CC)CCCC)c21,-5.56,4.1,1454.864,-0.028416834529803,0.00881026661704376
CCCCCCCCCCCc1c(C=C2C(=O)c3cc(Cl)c(Cl)cc3C2=C(C#N)C#N)sc2c1sc1c3c4nsnc4c4c5sc6c(CCCCCCCCCCC)c(C=C7C(=O)c8cc9c(cc8C7=C(C#N)C#N)C7C8C=CC(C8)C97)sc6c5n(CC(CC)CCCC)c4c3n(CC(CC)CCCC)c21,-5.58,4.1,1539.026,-0.0280306660977818,0.011804046498207
CCCCCCCCc1c(C=C2C(=O)c3cc(Cl)c(Cl)cc3C2=C(C#N)C#N)sc2c1sc1c3c4nn(CC(CC)CCCC)nc4c4c5sc6c(CCCCCCCC)c(C=C7C(=O)c8cc9c(cc8C7=C(C#N)C#N)C7C8C=CC(C8)C97)sc6c5n(CC(CC)CCCC)c4c3n(CC(CC)CCCC)c21,-5.48,4.1,1550.028,-0.0300879866556553,0.0100722422105531
CCCCCCCCCCCc1c(C=C2C(=O)c3cc(Cl)c(Cl)cc3C2=C(C#N)C#N)sc2c1sc1c3c4nsnc4c4c5sc6c(CCCCCCCCCCC)c(C=C7C(=O)c8cc9sc(Cl)cc9cc8C7=C(C#N)C#N)sc6c5n(CC(CCCC)CCCCCC)c4c3n(CC(CCCC)CCCCCC)c21,-5.56,4.33,1651.651,-0.0256008742923627,0.0154352638474472
CCCCCCCCCCCc1c(C=C2C(=O)c3cc(Cl)c(Cl)cc3C2=C(C#N)C#N)sc2c1sc1c3c4nsnc4c4c5sc6c(CCCCCCCCCCC)c(C=C7C(=O)c8cc9sccc9cc8C7=C(C#N)C#N)sc6c5n(CC(CCCC)CCCCCC)c4c3n(CC(CCCC)CCCCCC)c21,-5.52,4.1,1617.206,-0.0245634608758089,0.0126626345704001
CCC1(CC)c2cc(-c3ccc(/C=C4\C(=O)c5ccccc5C4=C(C#N)C#N)s3)ccc2-c2ccc(-c3ccc(/C=C4\C(=O)c5ccccc5C4=C(C#N)C#N)s3)cc21,-5.67,3.64,794.961,-0.00339143164765383,0.0241803615373045
CCc1ccc(C2(CC)c3cc4c(cc3-c3sc(/C=C5\C(=O)c6ccc(C)cc6C5=C(C#N)C#N)cc32)C(CC)(c2ccc(CC)cc2)c2cc(/C=C3\C(=O)c5ccc(C)cc5C3=C(C#N)C#N)sc2-4)cc1,-5.77,3.64,967.232,-0.024178071308638,0.0136539804546943
CCc1ccc(C2(c3ccc(CC)cc3)c3cc4c(cc3-c3sc(/C=C5\C(=O)c6ccc(C)cc6C5=C(C#N)C#N)cc32)C(c2ccc(CC)cc2)(c2ccc(CC)cc2)c2cc(/C=C3\C(=O)c5ccc(C)cc5C3=C(C#N)C#N)sc2-4)cc1,-5.8,3.64,1119.428,-0.0371926629004381,0.0100500902850369
CCOc1ccc2c(c1)-c1cc(OCC)ccc1C21c2cc(-c3ccc(/C=c4\sc(=C(C#N)C#N)n(CC)c4=O)c4nsnc34)ccc2-c2ccc(-c3ccc(/C=c4/sc(=C(C#N)C#N)n(CC)c4=O)c4nsnc34)cc21,-5.93,2.64,1079.287,-0.0441062951697648,0.0187183088500423
CCc1ccc(C2(c3ccc(CC)cc3)c3cc(/C=C4\C(=O)c5ccc(F)cc5C4=C(C#N)C#N)sc3-c3sc4c(CC)c5c6c(sc5c(CC)c4c32)-c2sc(/C=C3\C(=O)c4ccc(F)cc4C3=C(C#N)C#N)cc2C6(c2ccc(CC)cc2)c2ccc(CC)cc2)cc1,-5.36,4.1,1295.64,-0.0369587106774431,0.0117990693884674
CCC1(CC)c2cc(/C=C3\C(=O)c4ccccc4C3=C(C#N)C#N)sc2-c2sc(-c3cc(F)c(-c4cc5c(s4)-c4sc(/C=C6\C(=O)c7ccccc7C6=C(C#N)C#N)cc4C5(CC)CC)cc3F)cc21,-5.49,4.1,987.216,-0.0222362960076442,0.00553933651842001
CCC1(CC)c2cc3c(cc2-c2sc4cc(/C=C5\C(=O)c6ccccc6C5=C(C#N)C#N)sc4c21)C(CC)(CC)c1c-3sc2cc(/C=C3\C(=O)c4ccccc4C3=C(C#N)C#N)sc12,-5.63,3.64,899.16,-0.0125718755184718,0.0184784741943734
CCc1ccc(C2(c3ccc(CC)cc3)c3cc4c(cc3-c3sc5c6sc(/C=C7\C(=O)c8ccccc8C7=C(C#N)C#N)cc6n(CC)c5c32)C(c2ccc(CC)cc2)(c2ccc(CC)cc2)c2c-4sc3c4sc(/C=C5\C(=O)c6ccccc6C5=C(C#N)C#N)cc4n(CC)c23)cc1,-5.36,3.64,1337.734,-0.0341916125548183,0.0149935606755419
CCC1(CC)c2cc3c(cc2-c2cc4c(cc21)-c1sc(/C=C2\C(=O)c5cc(C)ccc5C2=C(C#N)C#N)cc1C4(CC)CC)C(CC)(CC)c1cc(/C=C2\C(=O)c4cc(C)ccc4C2=C(C#N)C#N)sc1-3,-5.42,3.64,959.252999999999,-0.0136622192310387,0.0182384777038808
N#CC(C#N)=C1C(=Cc2cc3c(s2)-c2cc4c(cc2C3(CCCCc2ccccc2)CCCCc2ccccc2)-c2sc(C=C3C(=O)c5ccccc5C3=C(C#N)C#N)cc2C4(CCCCc2ccccc2)CCCCc2ccccc2)C(=O)c2ccccc21,-5.7,3.64,1203.59,-0.0341979485030188,0.00984410664668923
CCn1nc2c(n1)c1c3sc4cc(/C=C5\C(=O)c6cc(F)c(F)cc6C5=C(C#N)C#N)sc4c3n(CC)c1c1c2c2sc3cc(/C=C4\C(=O)c5cc(F)c(F)cc5C4=C(C#N)C#N)sc3c2n1CC,-5.56,4.56,986.055,-0.0269315419590316,0.0238738766286836
CCn1nc2c(n1)c1c3sc4cc(/C=C5/C(=O)c6ccccc6C5=C(C#N)C#N)sc4c3n(CC)c1c1c2c2sc3cc(/C=C4\C(=O)c5ccccc5C4=C(C#N)C#N)sc3c2n1CC,-5.45,3.64,914.095,-0.0164899641338177,0.0236735913777014
CCc1ccc(C2(c3ccc(CC)cc3)c3cc4c(cc3-c3sc5cc(/C=C6\C(=O)c7ccc(OC)cc7C6=C(C#N)C#N)sc5c32)C(c2ccc(CC)cc2)(c2ccc(CC)cc2)c2c-4sc3cc(/C=C4\C(=O)c5ccc(OC)cc5C4=C(C#N)C#N)sc23)cc1,-5.49,3.64,1263.604,-0.0402917721628633,0.014195435123372
CCc1ccc(C2(c3ccc(CC)cc3)c3cc4c(cc3-c3sc5cc(/C=C6\C(=O)c7c(OC)cccc7C6=C(C#N)C#N)sc5c32)C(c2ccc(CC)cc2)(c2ccc(CC)cc2)c2c-4sc3cc(/C=C4\C(=O)c5c(OC)cccc5C4=C(C#N)C#N)sc23)cc1,-5.49,3.64,1263.604,-0.0398136411800911,0.0140469689601303
CCc1ccc(C2(c3ccc(CC)cc3)c3cc4c(cc3-c3sc5cc(/C=C6\C(=O)c7cc(OC)ccc7C6=C(C#N)C#N)sc5c32)C(c2ccc(CC)cc2)(c2ccc(CC)cc2)c2c-4sc3cc(/C=C4\C(=O)c5cc(OC)ccc5C4=C(C#N)C#N)sc23)cc1,-5.52,3.64,1263.604,-0.0400588379753713,0.0130395953405032
CCc1ccc(C2(c3ccc(CC)cc3)c3cc4c(cc3-c3sc5cc(/C=C6\C(=O)c7cccc(OC)c7C6=C(C#N)C#N)sc5c32)C(c2ccc(CC)cc2)(c2ccc(CC)cc2)c2c-4sc3cc(/C=C4\C(=O)c5cccc(OC)c5C4=C(C#N)C#N)sc23)cc1,-5.5,3.64,1263.604,-0.0392485128048367,0.0156311672307647
CCC1(CC)c2cc3c(cc2-c2cc4c(cc21)-c1sc(/C=C2\C(=O)c5ccc(Br)cc5C2=C(C#N)C#N)cc1C4(CC)CC)C(CC)(CC)c1cc(/C=C2\C(=O)c4ccc(Br)cc4C2=C(C#N)C#N)sc1-3,-5.62,4.1,1088.991,-0.0199833869424511,0.0104575123009371
CCC1(CC)c2cc3c(cc2-c2cc4c(cc21)-c1sc(/C=C2\C(=O)c5ccc(F)cc5C2=C(C#N)C#N)cc1C4(CC)CC)C(CC)(CC)c1cc(/C=C2\C(=O)c4ccc(F)cc4C2=C(C#N)C#N)sc1-3,-5.72,4.1,967.178999999999,-0.0174404477065706,0.0169347573965054
CCc1ccc(C2(c3ccc(CC)cc3)c3cc(/C=C4\C(=O)c5cc6ccccc6cc5C4=C(C#N)C#N)sc3-c3sc4c(CC)c5c6c(sc5c(CC)c4c32)-c2sc(/C=C3\C(=O)c4cc5ccccc5cc4C3=C(C#N)C#N)cc2C6(c2ccc(CC)cc2)c2ccc(CC)cc2)cc1,-5.26,3.64,1359.78,-0.0278635610175453,0.0154561532896821
CCC1(CC)c2cc3c(cc2-c2cc4c(cc21)-c1sc(/C=C2\C(=O)c5cc6ccccc6cc5C2=C(C#N)C#N)cc1C4(CC)CC)C(CC)(CC)c1cc(/C=C2\C(=O)c4cc5ccccc5cc4C2=C(C#N)C#N)sc1-3,-5.54,3.64,1031.319,-0.0325620300289929,0.0109893755443575
CCc1ccc(C2(c3ccc(CC)cc3)c3c(sc4cc(/C=C5\C(=O)c6cc(Cl)c(Cl)cc6C5=C(C#N)C#N)sc34)-c3sc4c5c(sc4c32)-c2sc3cc(/C=C4\C(=O)c6cc(Cl)c(Cl)cc6C4=C(C#N)C#N)sc3c2C5(c2ccc(CC)cc2)c2ccc(CC)cc2)cc1,-5.2,4.56,1403.45,-0.0361773338250788,0.0119453640307099
CCc1ccc(C2(c3ccc(CC)cc3)c3c(sc4cc(/C=C5\C(=O)c6ccc(Cl)cc6C5=C(C#N)C#N)sc34)-c3sc4c5c(sc4c32)-c2sc3cc(/C=C4\C(=O)c6ccc(Cl)cc6C4=C(C#N)C#N)sc3c2C5(c2ccc(CC)cc2)c2ccc(CC)cc2)cc1,-5.2,4.1,1334.56,-0.0348874417809221,0.0154600491413902
CCc1ccc(C2(c3ccc(CC)cc3)c3c(sc4cc(/C=C5\C(=O)c6ccccc6C5=C(C#N)C#N)sc34)-c3sc4c5c(sc4c32)-c2sc3cc(/C=C4\C(=O)c6ccccc6C4=C(C#N)C#N)sc3c2C5(c2ccc(CC)cc2)c2ccc(CC)cc2)cc1,-5.13,3.64,1265.67,-0.0357952671584918,0.0139875237676424
CCOc1ccc(C2(c3ccc(OCC)cc3)c3cc(/C=C4\C(=O)c5cc6ccccc6cc5C4=C(C#N)C#N)sc3-c3ccc4cc5c6c(ccc5cc4c32)-c2sc(/C=C3\C(=O)c4cc5ccccc5cc4C3=C(C#N)C#N)cc2C6(c2ccc(OCC)cc2)c2ccc(OCC)cc2)cc1,-5.44,3.64,1355.61,-0.0283221116798458,0.011465292442464
CCc1ccc(C2(c3ccc(CC)cc3)c3cc4c(cc3-c3sc5cc(/C=C6\C(=O)c7c(O)cccc7C6=C(C#N)C#N)sc5c32)C(c2ccc(CC)cc2)(c2ccc(CC)cc2)c2c-4sc3cc(/C=C4\C(=O)c5c(O)cccc5C4=C(C#N)C#N)sc23)cc1,-5.58,3.64,1235.55,-0.0426159089974622,0.0153693447335723
CCc1ccc(C2(c3ccc(CC)cc3)c3cc4c(cc3-c3sc5cc(/C=C6\C(=O)c7ccccc7C6=C(C#N)C#N)sc5c32)C(c2ccc(CC)cc2)(c2ccc(CC)cc2)c2c-4sc3cc(/C=C4\C(=O)c5c(O)cccc5C4=C(C#N)C#N)sc23)cc1,-5.59,3.64,1219.551,-0.0426622903153995,0.0165507974529085
CCCCCCCCc1cc(-c2sc3c(N(c4ccc(CCCC)cc4)c4ccc(CCCC)cc4)c(-c4cc(CCCCCCCC)c(C=C5C(=O)c6cc(F)c(F)cc6C5=C(C#N)C#N)s4)sc3c2N(c2ccc(CCCC)cc2)c2ccc(CCCC)cc2)sc1C=C1C(=O)c2cc(F)c(F)cc2C1=C(C#N)C#N,-5.55,4.56,1568.108,-0.0217857594149618,0.00845049503010034
CCCCCCCCc1c(C=C2C(=O)c3cc(F)c(F)cc3C2=C(C#N)C#N)sc2cc(-c3sc4c(N(c5ccc(CCCC)cc5)c5ccc(CCCC)cc5)c(-c5cc(CCCCCC)c(C=C6C(=O)c7cc(F)c(F)cc7C6=C(C#N)C#N)s5)sc4c3N(c3ccc(CCCC)cc3)c3ccc(CCCC)cc3)sc12,-5.58,4.56,1596.143,-0.019049533169057,0.0111429874520707
CCC1(CC)c2cc3c(cc2-c2sc(/C=C4\C(=O)c5ccccc5C4=C(C#N)C#N)cc21)C(CC)(CC)c1cc(/C=C2\C(=O)c4ccc(-c5ccc(-c6ccc7c(c6)C(=C(C#N)C#N)/C(=C/c6cc8c(s6)-c6cc9c(cc6C8(CC)CC)-c6sc(/C=C8\C(=O)c%10ccc(-c%11cccs%11)cc%10C8=C(C#N)C#N)cc6C9(CC)CC)C7=O)s5)cc4C2=C(C#N)C#N)sc1-3,-5.74,7.28,1736.202,-0.0175038522796235,0.00736888637848305
CCN1C(=O)C2=C(c3ccc(-c4ccc5c(c4)C(=C4c6cc(-c7ccc(C8=C9C(=O)N(CC)C(c%10cccs%10)=C9C(=O)N8CC)s7)ccc6-c6ccc(-c7ccc(C8=C9C(=O)N(CC)C(c%10cccs%10)=C9C(=O)N8CC)s7)cc64)c4cc(-c6ccc(C7=C8C(=O)N(CC)C(c9cccs9)=C8C(=O)N7CC)s6)ccc4-5)s3)N(CC)C(=O)C2=C1c1cccs1,-5.54,4,1746.238,-0.0254326159664505,0.00917696553707103
CCc1c(/C=C2\C(=O)c3ccc(Cl)cc3C2=C(C#N)C#N)sc2c1sc1c3c4nsnc4c4c5sc6c(CC)c(/C=C7\C(=O)c8ccc(Cl)cc8C7=C(C#N)C#N)sc6c5n(CC)c4c3n(CC)c21,-5.62,4.1,1028.091,-0.0374327909131634,0.023465019374646
CCOc1cccc(OCC)c1-c1cc(-c2ccc(/C=C3\C(=O)c4cc(F)c(F)cc4C3=C(C#N)C#N)s2)sc1-c1sc(-c2ccc(/C=C3\C(=O)c4cc(F)c(F)cc4C3=C(C#N)C#N)s2)cc1-c1c(OCC)cccc1OCC,-5.63,4.56,1139.268,-0.0324326888828684,0.0112734852776354
CCOc1cc(OCC)cc(-c2cc(-c3ccc(/C=C4\C(=O)c5cc(F)c(F)cc5C4=C(C#N)C#N)s3)sc2-c2sc(-c3ccc(/C=C4\C(=O)c5cc(F)c(F)cc5C4=C(C#N)C#N)s3)cc2-c2cc(OCC)cc(OCC)c2)c1,-5.68,4.56,1139.268,-0.0341789968131102,0.0120937351158079
CCCCCCCCCCCc1c(C=C2C(=O)c3cc(Cl)c(Cl)cc3C2=C(C#N)C#N)sc2c1sc1c3c4nsnc4c4c5sc6c(CCCCCCCCCCC)c(C=C7C(=O)c8cc(Cl)c(Cl)cc8C7=C(C#N)C#N)sc6c5n(CC(CCCC)CCCCCC)c4c3n(CC(CCCC)CCCCCC)c21,-5.68,4.56,1630.007,-0.0261739796021714,0.0118519473958778
CCC1(CC)c2cc(/C=C3\C(=O)c4cc(F)c(F)cc4C3=C(C#N)C#N)sc2-c2sc(/C=C3\C(=O)c4cc(F)c(F)cc4C3=C(C#N)C#N)cc21,-5.61,4.56,714.725,0.0123247469488213,0.0256915071928327
CCC1(CC)c2cc(/C=C3\C(=O)c4cc(F)c(F)cc4C3=C(C#N)C#N)sc2-c2sc(-c3cc4c(s3)-c3sc(/C=C5\C(=O)c6cc(F)c(F)cc6C5=C(C#N)C#N)cc3C4(CC)CC)cc21,-5.3,4.56,947.098,-0.00817864579537109,0.0201408689735717
CCC1(CC)c2cc(/C=C3\C(=O)c4cc(F)c(F)cc4C3=C(C#N)C#N)sc2-c2sc(-c3cc4c(s3)-c3sc(-c5cc6c(s5)-c5sc(/C=C7\C(=O)c8cc(F)c(F)cc8C7=C(C#N)C#N)cc5C6(CC)CC)cc3C4(CC)CC)cc21,-5.2,4.56,1179.471,-0.0325984086929402,0.00541792394095528
CCn1nc2c3cc(/C=C4\C(=O)c5cc(Cl)c(Cl)cc5C4=C(C#N)C#N)sc3c3sc4c5c6nsnc6c6c7sc8c9sc(/C=C%10\C(=O)c%11cc(Cl)c(Cl)cc%11C%10=C(C#N)C#N)cc9c9nn(CC)nc9c8c7n(CC)c6c5n(CC)c4c3c2n1,-5.68,4.56,1279.127,-0.0437524142199899,0.0131376604561379
CCn1nc2c3cc(/C=C4\C(=O)c5cc(F)c(F)cc5C4=C(C#N)C#N)sc3c3sc4c5c6nsnc6c6c7sc8c9sc(/C=C%10\C(=O)c%11cc(F)c(F)cc%11C%10=C(C#N)C#N)cc9c9nn(CC)nc9c8c7n(CC)c6c5n(CC)c4c3c2n1,-5.63,4.56,1213.307,-0.044987454827796,0.0136122787744263
CCCCCCC(CCCC)COc1c(OCC(CCCC)CCCCCC)c(-c2cc3c(s2)-c2sc(C=C4C(=O)c5cc(Cl)c(Cl)cc5C4=C(C#N)C#N)cc2C3(CCCCCC)CCCCCC)c2nccnc2c1-c1cc2c(s1)-c1sc(C=C3C(=O)c4cc(Cl)c(Cl)cc4C3=C(C#N)C#N)cc1C2(CCCCCC)CCCCCC,-5.49,4.56,1734.13,-0.0228772152248235,0.00676755356160896
CCCCC(CC)COc1c(OCC(CC)CCCC)c(-c2cc3c(s2)-c2sc(C=C4C(=O)c5cc(Cl)c(Cl)cc5C4=C(C#N)C#N)cc2C3(CC(CC)CCCC)CC(CC)CCCC)c2nccnc2c1-c1cc2c(s1)-c1sc(C=C3C(=O)c4cc(Cl)c(Cl)cc4C3=C(C#N)C#N)cc1C2(CC(CC)CCCC)CC(CC)CCCC,-5.53,4.56,1734.13,-0.0247548564051188,0.00689577849027929
CCCCCCC(CCCC)COc1c(OCC(CCCC)CCCCCC)c(-c2cc3c(s2)-c2sc(C=C4C(=O)c5cc(Cl)c(Cl)cc5C4=C(C#N)C#N)cc2C3(CC(CC)CCCC)CC(CC)CCCC)c2nccnc2c1-c1cc2c(s1)-c1sc(C=C3C(=O)c4cc(Cl)c(Cl)cc4C3=C(C#N)C#N)cc1C2(CC(CC)CCCC)CC(CC)CCCC,-5.52,4.56,1846.346,-0.0166402226018004,0.00728740866117455
CCCCC(CC)COc1c(OCC(CC)CCCC)c(-c2cc3c(s2)-c2sc(C=C4C(=O)c5cc(F)c(F)cc5C4=C(C#N)C#N)cc2C3(CC(CC)CCCC)CC(CC)CCCC)c2nccnc2c1-c1cc2c(s1)-c1sc(C=C3C(=O)c4cc(F)c(F)cc4C3=C(C#N)C#N)cc1C2(CC(CC)CCCC)CC(CC)CCCC,-5.52,4.56,1668.31,-0.0277863996335311,0.00952637869321844
CCN1C(=O)c2c(-c3cc4c(s3)-c3sc(/C=C5\C(=O)c6cc(F)c(F)cc6C5=C(C#N)C#N)cc3C4(CC)CC)sc(-c3cc4c(s3)-c3sc(/C=C5\C(=O)c6cc(F)c(F)cc6C5=C(C#N)C#N)cc3C4(CC)CC)c2C1=O,-5.59,5.56,1126.298,-0.0349414434702688,0.0135243261115271
CCc1sc(CC)c2c1C(=O)c1c(-c3cc4c(s3)-c3sc(/C=C5\C(=O)c6cc(F)c(F)cc6C5=C(C#N)C#N)cc3C4(CC)CC)sc(-c3cc4c(s3)-c3sc(/C=C5\C(=O)c6cc(F)c(F)cc6C5=C(C#N)C#N)cc3C4(CC)CC)c1C2=O,-5.54,5.56,1221.464,-0.0339380978035042,0.0109630488082695
CCc1sc(CC)c2c1C(=O)c1c(-c3cc4c(s3)c3sc(/C=C5\C(=O)c6cc(F)c(F)cc6C5=C(C#N)C#N)cc3n4CC)sc(-c3cc4c(s3)c3sc(/C=C5\C(=O)c6cc(F)c(F)cc6C5=C(C#N)C#N)cc3n4CC)c1C2=O,-5.55,5.56,1167.332,-0.0444116042368923,0.00882096027213205
CCc1ccc(C2(c3ccc(CC)cc3)c3cc4c(cc3-c3sc(-c5ccc(/C=c6\sc(=C(C#N)C#N)n(CC)c6=O)c6nsnc56)cc32)C(c2ccc(CC)cc2)(c2ccc(CC)cc2)c2cc(-c3ccc(/C=c5/sc(=C(C#N)C#N)n(CC)c5=O)c5nsnc35)sc2-4)cc1,-5.45,2.64,1357.776,-0.0429125700678704,0.0147755153741589
CCc1nc2c(-c3cc4c(s3)-c3sc(/C=C5\C(=O)c6cc(F)c(F)cc6C5=C(C#N)C#N)cc3C4(CC)CC)c3sc(CC)nc3c(-c3cc4c(s3)-c3sc(/C=C5\C(=O)c6cc(F)c(F)cc6C5=C(C#N)C#N)cc3C4(CC)CC)c2s1,-5.37,4.56,1193.458,-0.0354261330038528,0.00931635498055597
CCc1nc2c(-c3cc4c(s3)-c3sc(/C=C5\C(=O)c6cscc6C5=C(C#N)C#N)cc3C4(CC)CC)c3sc(CC)nc3c(-c3cc4c(s3)-c3sc(/C=C5\C(=O)c6cscc6C5=C(C#N)C#N)cc3C4(CC)CC)c2s1,-5.35,3.64,1133.556,-0.0315716591848348,0.00946270908988264
CCc1ccc(C2(c3ccc(CC)cc3)c3cc(/C=C4\C(=O)c5cc6ccccc6cc5C4=C(C#N)C#N)sc3-c3c2ccc2c4c(ccc32)C(c2ccc(CC)cc2)(c2ccc(CC)cc2)c2cc(/C=C3\C(=O)c5cc6ccccc6cc5C3=C(C#N)C#N)sc2-4)cc1,-5.54,3.64,1241.554,-0.0413495701848932,0.00926537698375364
CCc1ccc(C2(c3ccc(CC)cc3)c3cc(/C=C4\C(=O)c5ccccc5C4=C(C#N)C#N)sc3-c3c2ccc2c4c(ccc32)C(c2ccc(CC)cc2)(c2ccc(CC)cc2)c2cc(/C=C3\C(=O)c5ccccc5C3=C(C#N)C#N)sc2-4)cc1,-5.51,3.64,1141.434,-0.0422494064467536,0.00862601488022367
CCc1ccc(C2(c3ccc(CC)cc3)c3cc(/C=C4\C(=O)c5ccc(F)cc5C4=C(C#N)C#N)sc3-c3sc4c5c(sc4c32)-c2sc(/C=C3\C(=O)c4ccc(F)cc4C3=C(C#N)C#N)cc2C5(c2ccc(CC)cc2)c2ccc(CC)cc2)cc1,-5.34,4.1,1189.472,-0.0411322312591657,0.0128385530712743
CCCCCCc1ccc(C2(c3ccc(CCCCCC)cc3)c3cc([CH]C4=C([C](C#N)C#N)c5ccccc5C4=O)sc3-c3sc4c5c(sc4c32)-c2sc([CH]C3=C([C](C#N)C#N)c4ccccc4C3=O)cc2C5(c2ccc(CCCCCC)cc2)c2ccc(CCCCCC)cc2)cc1,-5.33,3.64,1377.924,-0.0238819709952943,0.00821125969239514
CCc1ccc(C2(c3ccc(CC)cc3)c3cc(/C=C4\C(=O)c5ccc(C)cc5C4=C(C#N)C#N)sc3-c3sc4c5c(sc4c32)-c2sc(/C=C3\C(=O)c4ccc(C)cc4C3=C(C#N)C#N)cc2C5(c2ccc(CC)cc2)c2ccc(CC)cc2)cc1,-5.3,3.64,1181.546,-0.0388440529502151,0.0128573063809937
CCOc1c(OCC)c(-c2cc3c(s2)c2sc(/C=C4\C(=O)c5cc(F)c(F)cc5C4=C(C#N)C#N)cc2n3CC)c2nsnc2c1-c1cc2c(s1)c1sc(/C=C3\C(=O)c4cc(F)c(F)cc4C3=C(C#N)C#N)cc1n2CC,-5.51,4.56,1115.235,-0.0379138939370265,0.0202682926080568
CCOc1cc(-c2cc3c(s2)c2sc(/C=C4\C(=O)c5cc(F)c(F)cc5C4=C(C#N)C#N)cc2n3CC)c(OCC)cc1-c1cc2c(s1)c1sc(/C=C3\C(=O)c4cc(F)c(F)cc4C3=C(C#N)C#N)cc1n2CC,-5.55,4.56,1057.17,-0.0364007164999976,0.0250855228907259
CCOc1cc(-c2cc3c(s2)c2sc(/C=C4\C(=O)c5cc(F)c(F)cc5C4=C(C#N)C#N)cc2n3CC)c(OCC)cc1-c1cc(CC)c(/C=C2\C(=O)c3cc(F)c(F)cc3C2=C(C#N)C#N)s1,-5.67,4.56,962.044,-0.0147985162863921,0.0127120862121338
CCCCCCCCCCCCC(CCCCCCCCCC)CN1Cc2c(sc3c(CCCCCCCCCCC)c(C=C4C(=O)c5ccccc5C4=C(C#N)C#N)sc23)-c2c1c1c(c3nsnc23)c2sc3c(CCCCCCCCCCC)c(C=C4C(=O)c5ccccc5C4=C(C#N)C#N)sc3c2n1CC(CCCCCCCCCC)CCCCCCCCCCCC,-5.67,3.64,1842.902,-0.015181132932941,0.00877352750311562
CCc1c(/C=C2\C(=O)c3ccccc3C2=C(C#N)C#N)sc2c1sc1c3c4nsnc4c4c5sc6c(CC)c(/C=C7\C(=O)c8ccc(-c9ccc(-c%10ccc%11c(c%10)C(=C(C#N)C#N)/C(=C/c%10sc%12c(sc%13c%14c%15nsnc%15c%15c%16sc%17c(CC)c(/C=C%18\C(=O)c%19ccc(-c%20cccs%20)cc%19C%18=C(C#N)C#N)sc%17c%16n(CC)c%15c%14n(CC)c%12%13)c%10CC)C%11=O)s9)cc8C7=C(C#N)C#N)sc6c5n(CC)c4c3n(CC)c21,-5.64,7.28,2080.64,-0.0151385704882538,0.00880799191010225
CCOc1c(/C=C2\C(=O)c3cc(F)c(F)cc3C2=C(C#N)C#N)sc(-c2cc3sc4c(c3s2)C(c2ccc(CC)cc2)(c2ccc(CC)cc2)c2cc3c(cc2-4)C(c2ccc(CC)cc2)(c2ccc(CC)cc2)c2c-3sc3cc(-c4sc(/C=C5\C(=O)c6cc(F)c(F)cc6C5=C(C#N)C#N)c(OCC)c4OCC)sc23)c1OCC,-5.32,4.56,1615.978,-0.0240561942009421,0.0117909673406314
CCOc1c(/C=C2\C(=O)c3ccc(F)cc3C2=C(C#N)C#N)sc(-c2cc3sc4c(c3s2)C(c2ccc(CC)cc2)(c2ccc(CC)cc2)c2cc3c(cc2-4)C(c2ccc(CC)cc2)(c2ccc(CC)cc2)c2c-3sc3cc(-c4sc(/C=C5\C(=O)c6ccc(F)cc6C5=C(C#N)C#N)c(OCC)c4OCC)sc23)c1OCC,-5.28,4.1,1579.998,-0.0228967698563515,0.0112968398914272
CCOc1c(/C=C2\C(=O)c3ccccc3C2=C(C#N)C#N)sc(-c2cc3sc4c(c3s2)C(c2ccc(CC)cc2)(c2ccc(CC)cc2)c2cc3c(cc2-4)C(c2ccc(CC)cc2)(c2ccc(CC)cc2)c2c-3sc3cc(-c4sc(/C=C5\C(=O)c6ccccc6C5=C(C#N)C#N)c(OCC)c4OCC)sc23)c1OCC,-5.2,3.64,1544.018,-0.0211911087628758,0.0108437718891887
CCc1c(/C=C2/C(=O)c3cscc3C2=C(C#N)C#N)sc2c1sc1c3c4nsnc4c4c5sc6c(CC)c(/C=C7/C(=O)c8c(csc8-c8ccc(-c9scc%10c9C(=O)/C(=C/c9sc%11c(sc%12c%13c%14nsnc%14c%14c%15sc%16c(CC)c(/C=C%17/C(=O)c%18c(csc%18-c%18cccs%18)C%17=C(C#N)C#N)sc%16c%15n(CC)c%14c%13n(CC)c%11%12)c9CC)C%10=C(C#N)C#N)s8)C7=C(C#N)C#N)sc6c5n(CC)c4c3n(CC)c21,-5.76,7.28,2104.756,-0.0149916706938199,0.0088174593997914
CCc1c(/C=C2/C(=O)c3ccsc3C2=C(C#N)C#N)sc2c1sc1c3c4nsnc4c4c5sc6c(CC)c(/C=C7/C(=O)c8cc(-c9ccc(-c%10csc%11c%10C(=O)/C(=C/c%10sc%12c(sc%13c%14c%15nsnc%15c%15c%16sc%17c(CC)c(/C=C%18/C(=O)c%19cc(-c%20cccs%20)sc%19C%18=C(C#N)C#N)sc%17c%16n(CC)c%15c%14n(CC)c%12%13)c%10CC)C%11=C(C#N)C#N)s9)sc8C7=C(C#N)C#N)sc6c5n(CC)c4c3n(CC)c21,-5.73,7.28,2104.756,-0.0152918531181931,0.0080267037214264
CCc1c(/C=C2\C(=O)c3sccc3C2=C(C#N)C#N)sc2c1sc1c3c4nsnc4c4c5sc6c(CC)c(/C=C7\C(=O)c8sc(-c9ccc(-c%10cc%11c(s%10)C(=O)/C(=C\c%10sc%12c(sc%13c%14c%15nsnc%15c%15c%16sc%17c(CC)c(/C=C%18\C(=O)c%19sc(-c%20cccs%20)cc%19C%18=C(C#N)C#N)sc%17c%16n(CC)c%15c%14n(CC)c%12%13)c%10CC)C%11=C(C#N)C#N)s9)cc8C7=C(C#N)C#N)sc6c5n(CC)c4c3n(CC)c21,-5.66,7.28,2104.756,-0.0152955317176721,0.00872933188316144
CCc1csc(-c2ccc(-c3cc(CC)c(-c4ccc5c(c4)C(=C(C#N)C#N)/C(=C/c4sc6c(sc7c8c9nsnc9c9c%10sc%11c(CC)c(/C=C%12\C(=O)c%13ccc(-c%14sc(-c%15ccc(-c%16cc(CC)c(-c%17ccc%18c(c%17)C(=C(C#N)C#N)/C(=C/c%17sc%19c(sc%20c%21c%22nsnc%22c%22c%23sc%24c(CC)c(/C=C%25\C(=O)c%26ccccc%26C%25=C(C#N)C#N)sc%24c%23n(CC)c%22c%21n(CC)c%19%20)c%17CC)C%18=O)s%16)c%16nsnc%15%16)cc%14CC)cc%13C%12=C(C#N)C#N)sc%11c%10n(CC)c9c8n(CC)c67)c4CC)C5=O)s3)c3nsnc23)c1,-5.65,7.28,2625.436,-0.0109064863063297,0.00736820189762132
CCc1csc(-c2cnc(-c3cc(CC)c(-c4ccc5c(c4)C(=C(C#N)C#N)/C(=C/c4sc6c(sc7c8c9nsnc9c9c%10sc%11c(CC)c(/C=C%12\C(=O)c%13ccc(-c%14sc(-c%15cnc(-c%16cc(CC)c(-c%17ccc%18c(c%17)C(=C(C#N)C#N)/C(=C/c%17sc%19c(sc%20c%21c%22nsnc%22c%22c%23sc%24c(CC)c(/C=C%25\C(=O)c%26ccccc%26C%25=C(C#N)C#N)sc%24c%23n(CC)c%22c%21n(CC)c%19%20)c%17CC)C%18=O)s%16)cn%15)cc%14CC)cc%13C%12=C(C#N)C#N)sc%11c%10n(CC)c9c8n(CC)c67)c4CC)C5=O)s3)cn2)c1,-5.65,7.28,2513.258,-0.010912175214656,0.00698977816585837
CCc1csc(-c2nc3sc(-c4cc(CC)c(-c5ccc6c(c5)C(=C(C#N)C#N)/C(=C/c5sc7c(sc8c9c%10nsnc%10c%10c%11sc%12c(CC)c(/C=C%13\C(=O)c%14ccc(-c%15sc(-c%16nc%17sc(-c%18cc(CC)c(-c%19ccc%20c(c%19)C(=C(C#N)C#N)/C(=C/c%19sc%21c(sc%22c%23c%24nsnc%24c%24c%25sc%26c(CC)c(/C=C%27\C(=O)c%28ccccc%28C%27=C(C#N)C#N)sc%26c%25n(CC)c%24c%23n(CC)c%21%22)c%19CC)C%20=O)s%18)nc%17s%16)cc%15CC)cc%14C%13=C(C#N)C#N)sc%12c%11n(CC)c%10c9n(CC)c78)c5CC)C6=O)s4)nc3s2)c1,-5.65,7.28,2637.494,-0.0100621380310947,0.00672242817979103
CCc1c(/C=C2\C(=O)c3ccccc3C2=C(C#N)C#N)sc2c1sc1c3c4nsnc4c4c5sc6c(CC)c(/C=C7\C(=O)c8ccc(-c9ccc(-c%10c(F)c(F)c(-c%11ccc(-c%12ccc%13c(c%12)C(=C(C#N)C#N)/C(=C/c%12sc%14c(sc%15c%16c%17nsnc%17c%17c%18sc%19c(CC)c(/C=C%20\C(=O)c%21ccc(-c%22ccc(-c%23c(F)c(F)c(-c%24cccs%24)c%24nn(CC)nc%23%24)s%22)cc%21C%20=C(C#N)C#N)sc%19c%18n(CC)c%17c%16n(CC)c%14%15)c%12CC)C%13=O)s%11)c%11nn(CC)nc%10%11)s9)cc8C7=C(C#N)C#N)sc6c5n(CC)c4c3n(CC)c21,-5.65,8.2,2607.184,-0.0104547693267133,0.00580831591457123
CCCCCCc1ccc(C2(c3ccc(CCCCCC)cc3)c3cc4c(cc3-c3sc5cc(C=C6C(=O)c7ccccc7C6=C(C#N)C#N)sc5c32)C(c2ccc(CCCCCC)cc2)(c2ccc(CCCCCC)cc2)c2c-4sc3cc(C=C4C(=O)c5cc(C)c(C)cc5C4=C(C#N)C#N)sc23)cc1,-5.7,3.64,1456.038,-0.0269607317712442,0.00953642518457664
CCCCCCCCCc1ccc(C2(c3ccc(CCCCCCCCC)cc3)c3cc4c(cc3-c3sc5cc(C=C6C(=O)c7ccccc7C6=C(C#N)C#N)sc5c32)C(c2ccc(CCCCCCCCC)cc2)(c2ccc(CCCCCCCCC)cc2)c2c-4sc3cc(C=C4C(=O)c5cc(C)c(C)cc5C4=C(C#N)C#N)sc23)cc1,-5.78,3.64,1624.362,-0.0231836690089617,0.0117166707328617
CCOc1c(/C=C2\C(=O)c3cc(F)c(F)cc3C2=C(C#N)C#N)sc(-c2cc3c(s2)-c2cc4c(cc2C3(c2ccc(CC)cc2)c2ccc(CC)cc2)-c2sc(-c3sc(/C=C5\C(=O)c6cc(F)c(F)cc6C5=C(C#N)C#N)c(OCC)c3OCC)cc2C4(c2ccc(CC)cc2)c2ccc(CC)cc2)c1OCC,-5.57,4.56,1503.8,-0.0214790152583225,0.0106553598375509
CCOc1c(/C=C2\C(=O)c3cc(F)ccc3C2=C(C#N)C#N)sc(-c2cc3c(s2)-c2cc4c(cc2C3(c2ccc(CC)cc2)c2ccc(CC)cc2)-c2sc(-c3sc(/C=C5\C(=O)c6cc(F)ccc6C5=C(C#N)C#N)c(OCC)c3OCC)cc2C4(c2ccc(CC)cc2)c2ccc(CC)cc2)c1OCC,-5.52,4.1,1467.82,-0.0218572361790276,0.0142313060379995
CCOc1c(/C=C2\C(=O)c3ccccc3C2=C(C#N)C#N)sc(-c2cc3c(s2)-c2cc4c(cc2C3(c2ccc(CC)cc2)c2ccc(CC)cc2)-c2sc(-c3sc(/C=C5\C(=O)c6ccccc6C5=C(C#N)C#N)c(OCC)c3OCC)cc2C4(c2ccc(CC)cc2)c2ccc(CC)cc2)c1OCC,-5.48,3.64,1431.84,-0.0251743034302721,0.0147833724535236
CCc1ccc(C2(c3ccc(CC)cc3)c3cc4c(cc3-c3sc(-c5ccc(/C=c6\c(=O)c7ccc8c9c(ccc6c97)C(=O)N(CC(C)C)C8=O)c6nsnc56)cc32)C(c2ccc(CC)cc2)(c2ccc(CC)cc2)c2cc(-c3ccc(/C=c5\c(=O)c6ccc7c8c(ccc5c86)C(=O)N(CC(C)C)C7=O)c5nsnc35)sc2-4)cc1,-5.38,2,1557.958,-0.0244292145409164,0.00864054151032124
CC(C)Cc1cc(/C=c2\c(=O)c3ccc4c5c(ccc2c53)C(=O)N(CC(C)C)C4=O)sc1/C=C/c1sc(/C=c2\c(=O)c3ccc4c5c(ccc2c53)C(=O)N(CC(C)C)C4=O)cc1CC(C)C,-5.4,2,911.158,0.00883389989400306,0.0235575150841417
CCc1ccc(C2(c3ccc(CC)cc3)c3cc4c(cc3-c3sc5cc(/C=c6\c(=O)c7ccc8c9c(ccc6c97)C(=O)N(CC(C)C)C8=O)sc5c32)C(c2ccc(CC)cc2)(c2ccc(CC)cc2)c2c-4sc3cc(/C=c4\c(=O)c5ccc6c7c(ccc4c75)C(=O)N(CC(C)C)C6=O)sc23)cc1,-5.34,2,1401.81,-0.0300730714303539,0.00925343609229131
CCc1ccc(C2(c3ccc(CC)cc3)c3cc4c(cc3-c3sc5c(c32)C(CC)(CC)c2cc(/C=C3\C(=O)c6cc(F)c(F)cc6C3=C(C#N)C#N)sc2-5)C(c2ccc(CC)cc2)(c2ccc(CC)cc2)c2c-4sc3c2C(CC)(CC)c2cc(/C=C4\C(=O)c5cc(F)c(F)cc5C4=C(C#N)C#N)sc2-3)cc1,-5.65,4.56,1463.826,-0.0214843461640825,0.00879783908092668
CCCCCCCCc1ccc(C2(c3ccc(CCCCCC)cc3)c3c(sc4cc(C=C5C(=O)c6cc(F)c(F)cc6C5=C(C#N)C#N)sc34)-c3cc4c(c5cccc2c35)-c2sc3cc(C=C5C(=O)c6cc(F)c(F)cc6C5=C(C#N)C#N)sc3c2C4(c2ccc(CCCCCC)cc2)c2ccc(CCCCCC)cc2)cc1,-5.6,4.56,1578.058,-0.0246478302329665,0.0085820158107319
CCCCCCc1ccc(C2(c3ccc(CCCCCC)cc3)c3c(sc4cc(C=C5C(=O)c6cc(F)c(F)cc6C5=C(C#N)C#N)sc34)-c3ccc4c5c(ccc2c35)C(c2ccc(CCCCCC)cc2)(c2ccc(CCCCCC)cc2)c2c-4sc3cc(C=C4C(=O)c5cc(F)c(F)cc5C4=C(C#N)C#N)sc23)cc1,-5.66,4.56,1550.004,-0.0249786231192143,0.00977928437499669
CCCCCCCCc1ccc(C2(c3ccc(CCCCCC)cc3)c3c(sc4cc(C=C5C(=O)c6ccccc6C5=C(C#N)C#N)sc34)-c3cc4c(c5cccc2c35)-c2sc3cc(C=C5C(=O)c6ccccc6C5=C(C#N)C#N)sc3c2C4(c2ccc(CCCCCC)cc2)c2ccc(CCCCCC)cc2)cc1,-5.52,3.64,1506.098,-0.021623267480909,0.0110327249213898
CCCCCCc1ccc(C2(c3ccc(CCCCCC)cc3)c3c(sc4cc(C=C5C(=O)c6ccccc6C5=C(C#N)C#N)sc34)-c3ccc4c5c(ccc2c35)C(c2ccc(CCCCCC)cc2)(c2ccc(CCCCCC)cc2)c2c-4sc3cc(C=C4C(=O)c5ccccc5C4=C(C#N)C#N)sc23)cc1,-5.6,3.64,1478.044,-0.0226299115474447,0.0109666394633805
CCOC(=O)c1cc(-c2cc3c(s2)-c2cc4c(cc2C3(c2ccc(CC)cc2)c2ccc(CC)cc2)-c2sc(-c3cc(C(=O)OCC)c(/C=C5\C(=O)c6cc(F)c(F)cc6C5=C(C#N)C#N)s3)cc2C4(c2ccc(CC)cc2)c2ccc(CC)cc2)sc1/C=C1\C(=O)c2cc(F)c(F)cc2C1=C(C#N)C#N,-5.35,6.46,1471.714,-0.0282876414880705,0.0128154830778104
CCOC(=O)c1cc(/C=C2\C(=O)c3cc(F)c(F)cc3C2=C(C#N)C#N)sc1-c1cc2c(s1)-c1cc3c(cc1C2(c1ccc(CC)cc1)c1ccc(CC)cc1)-c1sc(-c2sc(/C=C4\C(=O)c5cc(F)c(F)cc5C4=C(C#N)C#N)cc2C(=O)OCC)cc1C3(c1ccc(CC)cc1)c1ccc(CC)cc1,-5.38,6.46,1471.714,-0.0259182425690988,0.013615652443938
CCOC(=O)c1cc(/C=C2\C(=O)c3ccccc3C2=C(C#N)C#N)sc1-c1cc2c(s1)-c1cc3c(cc1C2(c1ccc(CC)cc1)c1ccc(CC)cc1)-c1sc(-c2sc(/C=C4\C(=O)c5ccccc5C4=C(C#N)C#N)cc2C(=O)OCC)cc1C3(c1ccc(CC)cc1)c1ccc(CC)cc1,-5.38,5.54,1399.754,-0.0308211899624709,0.0132786163401505
CCC1(CC)c2cc(/C=C3\C(=O)c4cc(Cl)c(Cl)cc4C3=C(C#N)C#N)sc2-c2sc(-c3ccc(-c4cc5c(s4)-c4sc(/C=C6\C(=O)c7cc(Cl)c(Cl)cc7C6=C(C#N)C#N)cc4C5(CC)CC)c4nsnc34)cc21,-5.64,4.56,1147.081,-0.0304617104301152,0.0114734680458673
CCC1(CC)c2cc(/C=C3\C(=O)c4ccccc4C3=C(C#N)C#N)sc2-c2sc(-c3ccc(-c4cc5c(s4)-c4sc(/C=C6\C(=O)c7ccccc7C6=C(C#N)C#N)cc4C5(CC)CC)c4nsnc34)cc21,-5.54,3.64,1009.301,-0.0331547660036603,0.0163802782259917
CCC1(CC)c2cc3c(cc2-c2sc(/C=C4\C(=O)c5ccccc5C4=C(C#N)C#N)cc21)C(CC)(CC)c1cc(/C=C2\C(=O)c4ccc(-c5ccc(-c6ccc(-c7ccc8c(c7)C(=C(C#N)C#N)/C(=C/c7cc9c(s7)-c7cc%10c(cc7C9(CC)CC)-c7sc(/C=C9\C(=O)c%11ccc(-c%12ccc(-c%13cccs%13)s%12)cc%11C9=C(C#N)C#N)cc7C%10(CC)CC)C8=O)s6)s5)cc4C2=C(C#N)C#N)sc1-3,-5.65,7.28,1900.456,-0.0181582834836237,0.00787353121918126
CCC1(CC)c2cc3c(cc2-c2sc(/C=C4\C(=O)c5ccccc5C4=C(C#N)C#N)cc21)C(CC)(CC)c1cc(/C=C2\C(=O)c4ccc(-c5cc(Cl)c(-c6sc(-c7ccc8c(c7)C(=C(C#N)C#N)/C(=C/c7cc9c(s7)-c7cc%10c(cc7C9(CC)CC)-c7sc(/C=C9\C(=O)c%11ccc(-c%12cc(Cl)c(-c%13sccc%13Cl)s%12)cc%11C9=C(C#N)C#N)cc7C%10(CC)CC)C8=O)cc6Cl)s5)cc4C2=C(C#N)C#N)sc1-3,-5.67,8.2,2038.236,-0.0130750881996344,0.0084531059964018
CCC1(CC)c2cc3c(cc2-c2sc(/C=C4\C(=O)c5ccccc5C4=C(C#N)C#N)cc21)C(CC)(CC)c1cc(/C=C2\C(=O)c4ccc(-c5cc(F)c(-c6sc(-c7ccc8c(c7)C(=C(C#N)C#N)/C(=C/c7cc9c(s7)-c7cc%10c(cc7C9(CC)CC)-c7sc(/C=C9\C(=O)c%11ccc(-c%12cc(F)c(-c%13sccc%13F)s%12)cc%11C9=C(C#N)C#N)cc7C%10(CC)CC)C8=O)cc6F)s5)cc4C2=C(C#N)C#N)sc1-3,-5.73,8.2,1972.416,-0.0154973675491478,0.00851058081838724
CCCCCCOc1cc(C2CC3C(S2)C2=C(CC(C=C4C(=O)c5cc(F)c(F)cc5C4=C(C#N)C#N)S2)C3(C(CC)CCCC)C(CC)CCCC)c(OCCCCCC)cc1-c1cc2c(s1)-c1sc(C=C3C(=O)c4cc(F)c(F)cc4C3=C(C#N)C#N)cc1C2(CC(CC)CCCC)CC(CC)CCCC,-5.47,4.56,1538.16,-0.00482119743642374,0.0181154931500639
CCCCC(CC)COc1c(-c2cc3c(s2)-c2sc(C=C4C(=O)c5cc(F)c(F)cc5C4=C(C#N)C#N)cc2C3(CC(CC)CCCC)CC(CC)CCCC)ccc(-c2cc3c(s2)-c2sc(C=C4C(=O)c5cc(F)c(F)cc5C4=C(C#N)C#N)cc2C3(CC(CC)CCCC)C(CC)CCCC)c1OCC(CC)CCCC,-5.52,4.56,1602.247,-0.0302885262452855,0.0102772901330332
CCCCCCCCOc1c(-c2cc3c(s2)-c2sc(C=C4C(=O)c5cc(F)c(F)cc5C4=C(C#N)C#N)cc2C3(CC(CC)CCCC)CC(CC)CCCC)ccc(-c2cc3c(s2)-c2sc(C=C4C(=O)c5cc(F)c(F)cc5C4=C(C#N)C#N)cc2C3(CC(CC)CCCC)C(CC)CCCC)c1OCCCCCCCC,-5.54,4.56,1602.247,-0.0298879968923266,0.0114980531601375
CCCCCCOc1c(-c2cc3c(s2)-c2sc(C=C4C(=O)c5cc(F)c(F)cc5C4=C(C#N)C#N)cc2C3(CC(CC)CCCC)CC(CC)CCCC)ccc(-c2cc3c(s2)-c2sc(C=C4C(=O)c5cc(F)c(F)cc5C4=C(C#N)C#N)cc2C3(CC(CC)CCCC)C(CC)CCCC)c1OCCCCCC,-5.49,4.56,1546.139,-0.0304567371804818,0.0101491114439299
CCc1cc(-c2sc3c(N(c4ccc(SC)cc4)c4ccc(SC)cc4)c(-c4cc(CC)c(/C=C5\C(=O)c6cc(F)c(F)cc6C5=C(C#N)C#N)s4)sc3c2N(c2ccc(SC)cc2)c2ccc(SC)cc2)sc1/C=C1\C(=O)c2cc(F)c(F)cc2C1=C(C#N)C#N,-5.5,4.56,1359.728,-0.0294714615214813,0.0136916076416528
CCc1cc(-c2sc3c(N(c4ccccc4)c4ccccc4)c(-c4cc(CC)c(/C=C5\C(=O)c6cc(F)c(F)cc6C5=C(C#N)C#N)s4)sc3c2N(c2ccccc2)c2ccccc2)sc1/C=C1\C(=O)c2cc(F)c(F)cc2C1=C(C#N)C#N,-5.58,4.56,1175.352,-0.0406862704043415,0.0128611822832678
CCc1cc(-c2sc3c(N(c4ccc(OC)cc4)c4ccc(OC)cc4)c(-c4cc(CC)c(/C=C5\C(=O)c6cc(F)c(F)cc6C5=C(C#N)C#N)s4)sc3c2N(c2ccc(OC)cc2)c2ccc(OC)cc2)sc1/C=C1\C(=O)c2cc(F)c(F)cc2C1=C(C#N)C#N,-5.4,4.56,1295.456,-0.0389912815530963,0.0125744070682514
CCc1cc(-c2sc3c(N(c4ccc(C)cc4)c4ccc(C)cc4)c(-c4cc(CC)c(/C=C5\C(=O)c6cc(F)c(F)cc6C5=C(C#N)C#N)s4)sc3c2N(c2ccc(C)cc2)c2ccc(C)cc2)sc1/C=C1\C(=O)c2cc(F)c(F)cc2C1=C(C#N)C#N,-5.59,4.56,1231.46,-0.0393358523350585,0.015079667436774
CCCCCCc1ccc(C2(c3ccc(CCCCCC)cc3)c3cc(C=C4C(=O)c5ccccc5C4=C(C#N)C#N)sc3-c3sc4cc5c6c(sc5cc4c32)-c2sc(C=C3C(=O)c4ccccc4C3=C(C#N)C#N)cc2[C@]6(c2ccc(CCCCC)cc2)c2ccc(CCCCCC)cc2)cc1,-5.41,3.64,1413.957,-0.0276735112799596,0.0203037046045044
CCc1ccc(C2(c3ccc(CC)cc3)c3cc(/C=C4\C(=O)c5c(sc6ccccc56)C4=C(C#N)C#N)sc3-c3sc4cc5c6c(sc5cc4c32)-c2sc(/C=C3\C(=O)c4c(sc5ccccc45)C3=C(C#N)C#N)cc2C6(c2ccc(CC)cc2)c2ccc(CC)cc2)cc1,-5.4,3.64,1315.73,-0.0349199165144619,0.0125368688943675
CCc1ccc(C2(c3ccc(CC)cc3)c3cc4c(cc3-c3sc5cc(/C=C6\C(=O)c7c(sc8ccccc78)C6=C(C#N)C#N)sc5c32)C(c2ccc(CC)cc2)(c2ccc(CC)cc2)c2c-4sc3cc(/C=C4\C(=O)c5c(sc6ccccc56)C4=C(C#N)C#N)sc23)cc1,-5.49,3.64,1315.73,-0.0354603735867294,0.0133709184762065
CCc1ccc(C2(c3ccc(CC)cc3)c3cc4c5cc6c(cc5n(CC)c4cc3-c3sc(/C=C4\C(=O)c5ccccc5C4=C(C#N)C#N)cc32)-c2sc(/C=C3\C(=O)c4ccccc4C3=C(C#N)C#N)cc2C6(c2ccc(CC)cc2)c2ccc(CC)cc2)cc1,-5.47,3.64,1208.525,-0.0435496229979007,0.0151207657586348
CCc1ccc(C2(c3ccc(CC)cc3)c3cc4c5cc6c(cc5n(CC)c4cc3-c3sc(/C=C4\C(=O)c5c(sc7ccccc57)C4=C(C#N)C#N)cc32)-c2sc(/C=C3\C(=O)c4c(sc5ccccc45)C3=C(C#N)C#N)cc2C6(c2ccc(CC)cc2)c2ccc(CC)cc2)cc1,-5.46,3.64,1320.703,-0.0331790839453978,0.0145268926562627
CCc1ccc(C2(c3ccc(CC)cc3)c3cc4c(cc3-c3sc(-c5sc(/C=C6\C(=O)c7cc(Cl)c(Cl)cc7C6=C(C#N)C#N)cc5CC)cc32)C(c2ccc(CC)cc2)(c2ccc(CC)cc2)c2cc(-c3sc(/C=C5\C(=O)c6cc(Cl)c(Cl)cc6C5=C(C#N)C#N)cc3CC)sc2-4)cc1,-5.54,4.56,1449.516,-0.0253510146465114,0.010428942828525
CCc1ccc(C2(c3ccc(CC)cc3)c3cc4c(cc3-c3sc(-c5sc(/C=C6\C(=O)c7cc(F)c(F)cc7C6=C(C#N)C#N)cc5CC)cc32)C(c2ccc(CC)cc2)(c2ccc(CC)cc2)c2cc(-c3sc(/C=C5\C(=O)c6cc(F)c(F)cc6C5=C(C#N)C#N)cc3CC)sc2-4)cc1,-5.51,4.56,1383.696,-0.0264894991620486,0.0166481175657668
CCc1ccc(C2(c3ccc(CC)cc3)c3cc4c(cc3-c3sc(-c5sc(/C=C6\C(=O)c7ccccc7C6=C(C#N)C#N)cc5CC)cc32)C(c2ccc(CC)cc2)(c2ccc(CC)cc2)c2cc(-c3sc(/C=C5\C(=O)c6ccccc6C5=C(C#N)C#N)cc3CC)sc2-4)cc1,-5.41,3.64,1311.736,-0.0298538779383112,0.0100342949899041
CCOc1cc(-c2cc3c(s2)-c2sc(/C=C4\C(=O)c5cc(F)c(F)cc5C4=C(C#N)C#N)cc2C3(CC)CC)c(F)cc1-c1cc2c(s1)-c1sc(/C=C3\C(=O)c4cc(F)c(F)cc4C3=C(C#N)C#N)cc1C2(CC)CC,-5.51,4.79,1085.239,-0.0271317826704387,0.0127903702668292
CCOc1cc(-c2cc3c(s2)-c2sc(/C=C4\C(=O)c5ccc(F)cc5C4=C(C#N)C#N)cc2C3(CC)CC)c(F)cc1-c1cc2c(s1)-c1sc(/C=C3\C(=O)c4ccc(F)cc4C3=C(C#N)C#N)cc1C2(CC)CC,-5.47,4.33,1049.259,-0.0259893680305331,0.0125188683928358
CCOc1cc(-c2cc3c(s2)-c2sc(/C=C4\C(=O)c5ccccc5C4=C(C#N)C#N)cc2C3(CC)CC)c(F)cc1-c1cc2c(s1)-c1sc(/C=C3\C(=O)c4ccccc4C3=C(C#N)C#N)cc1C2(CC)CC,-5.42,3.87,1013.279,-0.0241552400706664,0.0109137423932116
CCCCCCc1ccc(C2(c3ccc(CCCCCC)cc3)c3cc(C=C4C(=O)c5cc(F)c(F)cc5C4=C(C#N)C#N)sc3-c3sc4cc5c6c(sc5cc4c32)-c2sc(C=C3C(=O)c4cc(F)c(F)cc4C3=C(C#N)C#N)cc2[C@]6(c2ccc(CCCCC)cc2)c2ccc(CCCCCC)cc2)cc1,-5.52,4.56,1485.917,-0.0222856946087595,0.0109845011299332
CCCCCCc1ccc(C2(c3ccc(CCCCCC)cc3)c3cc(C=C4C(=O)C5c6sccc6SC5C4=C(C#N)C#N)sc3-c3sc4cc5c6c(sc5cc4c32)-c2sc(C=C3C(=O)C4c5sccc5SC4C3=C(C#N)C#N)cc2[C@]6(c2ccc(CCCCC)cc2)c2ccc(CCCCCC)cc2)cc1,-5.38,3.64,1542.225,-0.0227763633179577,0.0135611071905522
CCCCCCc1ccc(C2(c3ccc(CCCCCC)cc3)c3cc4c(cc3-c3sc5c6sc(C=C7C(=O)c8cc(Cl)c(Cl)cc8C7=C(C#N)C#N)cc6n(CC(CCCC)CCCCCC)c5c32)C(c2ccc(CCCCCC)cc2)(c2ccc(CCCCCC)cc2)c2c-4sc3c4sc(C=C5C(=O)c6cc(Cl)c(Cl)cc6C5=C(C#N)C#N)cc4n(CC(CCCC)CCCCCC)c23)cc1,-5.51,4.56,1980.486,-0.0114167829042027,0.00726112885069218
CCCCCCc1ccc(C2(c3ccc(CCCCCC)cc3)c3cc4c(cc3-c3sc5c6sc(C=C7C(=O)c8cc(F)c(F)cc8C7=C(C#N)C#N)cc6n(CC(CCCC)CCCCCC)c5c32)C(c2ccc(CCCCCC)cc2)(c2ccc(CCCCCC)cc2)c2c-4sc3c4sc(C=C5C(=O)c6cc(F)c(F)cc6C5=C(C#N)C#N)cc4n(CC(CCCC)CCCCCC)c23)cc1,-5.54,4.56,1914.666,-0.0132012347101699,0.00728821884016962
CCCCCCc1ccc(C2(c3ccc(CCCCCC)cc3)c3cc4c(cc3-c3sc5c6sc(C=C7C(=O)c8ccccc8C7=C(C#N)C#N)cc6n(CC(CCCC)CCCCCC)c5c32)C(c2ccc(CCCCCC)cc2)(c2ccc(CCCCCC)cc2)c2c-4sc3c4sc(C=C5C(=O)c6ccccc6C5=C(C#N)C#N)cc4n(CC(CCCC)CCCCCC)c23)cc1,-5.47,3.64,1842.706,-0.0128798985238816,0.00750578402539123
CCc1c(/C=C2\C(=O)c3cc4cc(F)c(F)cc4cc3C2=C(C#N)C#N)sc2c1sc1c3c4nsnc4c4c5sc6c(CC)c(/C=C7\C(=O)c8cc9cc(F)c(F)cc9cc8C7=C(C#N)C#N)sc6c5n(CC)c4c3n(CC)c21,-5.58,4.56,1131.281,-0.0434043022040293,0.0124681249023867
CCc1c(/C=C2\C(=O)c3c(ccc4ccccc34)C2=C(C#N)C#N)sc2c1sc1c3c4nsnc4c4c5sc6c(CC)c(/C=C7\C(=O)c8c(ccc9ccccc89)C7=C(C#N)C#N)sc6c5n(CC)c4c3n(CC)c21,-5.46,3.64,1059.321,-0.0435221522702237,0.0120658319941704
CCc1c(/C=C2\C(=O)c3cc4ccccc4cc3C2=C(C#N)C#N)sc2c1sc1c3c4nsnc4c4c5sc6c(CC)c(/C=C7\C(=O)c8cc9ccccc9cc8C7=C(C#N)C#N)sc6c5n(CC)c4c3n(CC)c21,-5.42,3.64,1059.321,-0.04309921673503,0.0108189516932607
CCc1ccc(C2(c3ccc(CC)cc3)c3cc4c(cc3-c3sc5cc(/C=C6\C(=O)c7sc(C)cc7C6=C(C#N)C#N)sc5c32)C(c2ccc(CC)cc2)(c2ccc(CC)cc2)c2c-4sc3cc(/C=C4\C(=O)c5sc(C)cc5C4=C(C#N)C#N)sc23)cc1,-5.5,3.64,1243.664,-0.039767362611061,0.0155959150967239
CCCCC(CC)COc1cc(C2CC3C(S2)C2=C(CC(C=C4C(=O)c5cc(F)c(F)cc5C4=C(C#N)C#N)S2)C3(C(CC)CCCC)C(CC)CCCC)c(OCC(CC)CCCC)cc1-c1cc2c(s1)-c1sc(C=C3C(=O)c4cc(F)c(F)cc4C3=C(C#N)C#N)cc1C2(CC(CC)CCCC)CC(CC)CCCC,-5.49,4.56,1594.268,-0.00421732047828327,0.0220751269307463
CCCCCCOc1cc(-c2cc3c(s2)-c2sc(C=C4C(=O)c5ccccc5C4=C(C#N)C#N)cc2C3(CC(CC)CCCC)CC(CC)CCCC)c(OCCCCCC)cc1-c1cc2c(s1)-c1sc(C=C3C(=O)c4ccccc4C3=C(C#N)C#N)cc1C2(CC(CC)CCCC)CC(CC)CCCC,-5.33,3.64,1488.206,-0.024673017953025,0.0130873620411278
CCCCCCCCOc1cc(-c2cc3c(s2)-c2sc(C=C4C(=O)c5ccccc5C4=C(C#N)C#N)cc2C3(CC(CC)CCCC)CC(CC)CCCC)c(OCCCCCCCC)cc1-c1cc2c(s1)-c1sc(C=C3C(=O)c4ccccc4C3=C(C#N)C#N)cc1C2(CC(CC)CCCC)CC(CC)CCCC,-5.36,3.64,1544.314,-0.0243937438189221,0.00958473679223737
CCCCC(CC)COc1cc(C2CC3C(S2)C2=C(CC(C=C4C(=O)c5ccccc5C4=C(C#N)C#N)S2)C3(C(CC)CCCC)C(CC)CCCC)c(OCC(CC)CCCC)cc1-c1cc2c(s1)-c1sc(C=C3C(=O)c4ccccc4C3=C(C#N)C#N)cc1C2(CC(CC)CCCC)CC(CC)CCCC,-5.38,3.64,1522.308,-6.07123350379041e-05,0.0166844064713246
CCc1cc(-c2cc3c(s2)-c2sc(/C=C4\C(=O)c5ccccc5C4=C(C#N)C#N)cc2C3(CC)CC)c(CC)cc1-c1cc2c(s1)-c1sc(/C=C3\C(=O)c4ccccc4C3=C(C#N)C#N)cc1C2(CC)CC,-5.53,3.64,1007.344,-0.0229468260538091,0.0109989515326909
CCc1ccc(C2(c3ccc(CC)cc3)c3cc4c(cc3-c3sc(-c5ncc(/C=C6\C(=O)c7ccccc7C6=C(C#N)C#N)s5)cc32)C(c2ccc(CC)cc2)(c2ccc(CC)cc2)c2cc(-c3ncc(/C=C5\C(=O)c6ccccc6C5=C(C#N)C#N)s3)sc2-4)cc1,-5.62,3.64,1257.604,-0.0411549797027269,0.016599302097881
CCc1ccc(C2(c3ccc(CC)cc3)c3cc(/C=C4\C(=O)c5ccc(F)cc5C4=C(C#N)C#N)sc3-c3c2ccc2c4c(ccc32)C(c2ccc(CC)cc2)(c2ccc(CC)cc2)c2cc(/C=C3\C(=O)c5ccc(F)cc5C3=C(C#N)C#N)sc2-4)cc1,-5.52,4.1,1177.414,-0.0423626926755634,0.0119992825384126
CCc1ccc(C2(c3ccc(CC)cc3)c3cc(/C=C4\C(=O)c5ccc(C)cc5C4=C(C#N)C#N)sc3-c3c2ccc2c4c(ccc32)C(c2ccc(CC)cc2)(c2ccc(CC)cc2)c2cc(/C=C3\C(=O)c5ccc(C)cc5C3=C(C#N)C#N)sc2-4)cc1,-5.53,3.64,1169.488,-0.0426003297171358,0.014796666419207
CCc1ccc(C2(c3ccc(CC)cc3)c3cc(/C=C4\C(=O)c5ccc(OC)cc5C4=C(C#N)C#N)sc3-c3c2ccc2c4c(ccc32)C(c2ccc(CC)cc2)(c2ccc(CC)cc2)c2cc(/C=C3\C(=O)c5ccc(OC)cc5C3=C(C#N)C#N)sc2-4)cc1,-5.53,3.64,1201.486,-0.0437702369564027,0.00785028316219344
CCc1ccc(C2(c3ccc(CC)cc3)c3cc4c(cc3-c3sc(-c5sc(/C=C6\C(=O)c7cc8ccccc8cc7C6=C(C#N)C#N)cc5CC)cc32)C(c2ccc(CC)cc2)(c2ccc(CC)cc2)c2cc(-c3sc(/C=C5\C(=O)c6cc7ccccc7cc6C5=C(C#N)C#N)cc3CC)sc2-4)cc1,-5.58,3.64,1411.856,-0.0298842597595612,0.0143460299790436
CCC1(CC)C2=C(c3ccc(-c4ccc(/C=C5\C(=O)c6cc(F)c(F)cc6C5=C(C#N)C#N)s4)cc31)C(CC)(CC)c1cc(-c3ccc(/C=C4\C(=O)c5cc(F)c(F)cc5C4=C(C#N)C#N)s3)ccc12,-5.61,4.56,961.078,-0.0184384543689814,0.0174176519921743
CCC1(CC)C2=C(c3ccc(-c4ccc(/C=C5\C(=O)c6ccc(F)cc6C5=C(C#N)C#N)s4)cc31)C(CC)(CC)c1cc(-c3ccc(/C=C4\C(=O)c5ccc(F)cc5C4=C(C#N)C#N)s3)ccc12,-5.6,4.1,925.098,-0.014680156429445,0.0212592532214836
CCC1(CC)C2=C(c3ccc(-c4ccc(/C=C5\C(=O)c6ccccc6C5=C(C#N)C#N)s4)cc31)C(CC)(CC)c1cc(-c3ccc(/C=C4\C(=O)c5ccccc5C4=C(C#N)C#N)s3)ccc12,-5.59,3.64,889.118,-0.012112207746549,0.0190728711095527
CCc1c(/C=C2\C(=O)c3cc(F)ccc3C2=C(C#N)C#N)sc2c1sc1c3c4nn(CC)nc4c4c5sc6c(CC)c(/C=C7\C(=O)c8cc(F)ccc8C7=C(C#N)C#N)sc6c5n(CC)c4c3n(CC)c21,-5.56,4.1,1006.183,-0.0304348354978651,0.0245998966409463
CCc1ccc(C2(c3ccc(CC)cc3)c3cc4c(cc3-c3sc(/C=C5\C(=O)c6ccc(C)cc6C5=C(C#N)C#N)cc32)C(c2ccc(CC)cc2)(c2ccc(CC)cc2)c2c-4sc3cc(/C=C4\C(=O)c5ccc(C)cc5C4=C(C#N)C#N)sc23)cc1,-5.6,3.64,1175.517,-0.0427362553999322,0.013435374410393
CCc1ccc(C2(c3ccc(CC)cc3)c3cc4c(cc3-c3sc(/C=C5\C(=O)c6ccc(F)cc6C5=C(C#N)C#N)cc32)C(c2ccc(CC)cc2)(c2ccc(CC)cc2)c2c-4sc3c4sc(/C=C5\C(=O)c6ccc(F)cc6C5=C(C#N)C#N)cc4n(CC)c23)cc1,-5.51,4.1,1250.534,-0.0427679367032494,0.0136651712782433
CCc1ccc(C2(c3ccc(CC)cc3)c3cc4c(cc3-c3sc5cc(/C=C6\C(=O)c7ccc(F)cc7C6=C(C#N)C#N)sc5c32)C(c2ccc(CC)cc2)(c2ccc(CC)cc2)c2c-4sc3c4sc(/C=C5\C(=O)c6ccc(F)cc6C5=C(C#N)C#N)cc4n(CC)c23)cc1,-5.46,4.1,1306.623,-0.0383504916617193,0.0131487741017683
CCc1ccc(C2(c3ccc(CC)cc3)c3cc4c(cc3-c3sc5c(sc6cc(/C=C7\C(=O)c8cc(F)ccc8C7=C(C#N)C#N)sc65)c32)C(c2ccc(CC)cc2)(c2ccc(CC)cc2)c2c-4sc3c4sc(/C=C5\C(=O)c6cc(F)ccc6C5=C(C#N)C#N)cc4n(CC)c23)cc1,-5.4,4.1,1362.712,-0.0340101497776253,0.014235649551174
CCc1ccc(C2(c3ccc(CC)cc3)c3cc4c5cc6c(cc5n(CC)c4cc3-c3sc4cc(/C=C5\C(=O)c7cc(F)c(F)cc7C5=C(C#N)C#N)sc4c32)-c2sc3cc(/C=C4\C(=O)c5cc(F)c(F)cc5C4=C(C#N)C#N)sc3c2C6(c2ccc(CC)cc2)c2ccc(CC)cc2)cc1,-5.61,4.56,1392.663,-0.0305026578737516,0.0152387903247579
CCc1ccc(C2(c3ccc(CC)cc3)c3cc4c5cc6c(cc5n(CC)c4cc3-c3sc4cc(/C=C5\C(=O)c7ccccc7C5=C(C#N)C#N)sc4c32)-c2sc3cc(/C=C4\C(=O)c5ccccc5C4=C(C#N)C#N)sc3c2C6(c2ccc(CC)cc2)c2ccc(CC)cc2)cc1,-5.54,3.64,1320.703,-0.0340379804644424,0.0132094460531733
CCCCCCCCCCCc1c(C=C2C(=O)c3ccccc3C2=C(C#N)C#N)sc2c1sc1c3c4nsnc4c4c5sc6c(CCCCCCCCCCC)c(C=CC=C7C(=O)c8ccccc8C7=C(C#N)C#N)sc6c5n(CC(CCCC)CCCCCC)c4c3n(CC(CCCC)CCCCC)c21,-5.54,3.64,1504.238,-0.0241124777586853,0.0144195737928194
CCCCC(CC)CC1(CC(CC)CCCC)c2cc(C=C3C(=O)c4cc(F)c(F)cc4C3=C(C#N)C#N)sc2-c2sc(-c3c(F)c(F)c(-c4cc5c(s4)C4=C(C=C(C=C6C(=O)c7cc(F)c(F)cc7C6=C(C#N)C#N)C4)C5(CC(CC)CCCC)C(CC)CCCC)c4nsnc34)cc21,-5.98,5.02,1421.822,-0.0254966085856871,0.0075748748232421
CCCCC(CC)CC1(CC(CC)CCCC)c2cc(C=C3C(=O)c4cc(F)c(F)cc4C3=C(C#N)C#N)sc2-c2sc(-c3ccc(-c4cc5c(s4)C4=C(C=C(C=C6C(=O)c7cc(F)c(F)cc7C6=C(C#N)C#N)C4)C5(CC(CC)CCCC)C(CC)CCCC)c4nsnc34)cc21,-5.89,4.56,1385.842,-0.0285567872833509,0.00869840761011528
CCCCCCCCOc1c(OCCCCCCCC)c(-c2cc3c(s2)-c2sc(C=C4C(=O)c5cc(F)c(F)cc5C4=C(C#N)C#N)cc2C3(CC(CC)CCCC)CC(CC)CCCC)c2nsnc2c1-c1cc2c(s1)C1=C(C=C(C=C3C(=O)c4cc(F)c(F)cc4C3=C(C#N)C#N)C1)C2(CC(CC)CCCC)C(CC)CCCC,-5.92,4.56,1642.272,-0.0306925605238413,0.00868892721229442
CCn1nc2c(-c3cc4c(s3)-c3sc(/C=C5\C(=O)c6cc(F)c(F)cc6C5=C(C#N)C#N)cc3C4(CC)CC)c(F)c(F)c(-c3cc4c(s3)-c3sc(/C=C5\C(=O)c6cc(F)c(F)cc6C5=C(C#N)C#N)cc3C4(CC)CC)c2n1,-5.56,5.02,1128.243,-0.0339318303572772,0.0115418195158546
CCn1nc2c(-c3cc4c(s3)-c3sc(/C=C5\C(=O)c6ccc(F)cc6C5=C(C#N)C#N)cc3C4(CC)CC)c(F)c(F)c(-c3cc4c(s3)-c3sc(/C=C5\C(=O)c6ccc(F)cc6C5=C(C#N)C#N)cc3C4(CC)CC)c2n1,-5.52,4.56,1092.263,-0.0327530420318944,0.0149131146515764
CCn1nc2c(-c3cc4c(s3)-c3sc(/C=C5\C(=O)c6ccccc6C5=C(C#N)C#N)cc3C4(CC)CC)c(F)c(F)c(-c3cc4c(s3)-c3sc(/C=C5\C(=O)c6ccccc6C5=C(C#N)C#N)cc3C4(CC)CC)c2n1,-5.47,4.1,1056.283,-0.0331849953076196,0.0183947240720387
CCc1cc2c(-c3ccc4c(c3)C(CC)(CC)C3=C4C(CC)(CC)c4cc(-c5sc(/C=C6\C(=O)c7cc(F)c(F)cc7C6=C(C#N)C#N)c6[se]c(CC)cc56)ccc43)sc(/C=C3\C(=O)c4cc(F)c(F)cc4C3=C(C#N)C#N)c2[se]1,-5.54,4.56,1223.15,-0.0354931145892958,0.0114069864357923
CCCCCCc1ccc(C2(c3ccc(CCCCCC)cc3)c3cc(C=C4C(=O)c5cc(F)c(F)cc5C4=C(C#N)C#N)sc3-c3sc4cc5c6c(sc5cc4c32)-c2c(n(CC(CC)CCCC)c3cc(C=C4C(=O)c5cc(F)c(F)cc5C4=C(C#N)C#N)sc23)C6(c2ccc(CCCCC)cc2)c2ccc(CCCCCC)cc2)cc1,-5.53,4.56,1637.17,-0.0223298430768916,0.00941306984166031
CCc1ccc(C2(c3ccc(C)cc3)c3cc4c(cc3-c3sc5cc(/C=C6\C(=O)c7cc(F)c(F)cc7C6=C(C#N)C#N)sc5c32)C(c2ccc(CC)cc2)(c2ccc(CC)cc2)c2c-4sc3cc(/C=C4\C(=O)c5sc(Cl)cc5C4=C(C#N)C#N)sc23)cc1,-5.4,4.33,1265.979,-0.0435868258432035,0.0147075111116193
CCc1ccc(C2(c3ccc(C)cc3)c3cc4c(cc3-c3sc5cc(/C=C6\C(=O)c7cc(F)c(F)cc7C6=C(C#N)C#N)sc5c32)C(c2ccc(CC)cc2)(c2ccc(CC)cc2)c2c-4sc3cc(/C=C4\C(=O)c5sc(C)cc5C4=C(C#N)C#N)sc23)cc1,-5.4,4.1,1245.561,-0.0422719071875052,0.0131055894898019
CCc1ccc(C2(c3ccc(CC)cc3)c3cc4c(cc3-c3sc5cc(/C=C6\C(=O)c7sc(Cl)cc7C6=C(C#N)C#N)sc5c32)C(c2ccc(CC)cc2)(c2ccc(CC)cc2)c2c-4sc3cc(/C=C4\C(=O)c5sc(Cl)cc5C4=C(C#N)C#N)sc23)cc1,-5.35,4.1,1284.5,-0.0377857929518692,0.0124793516452584
CCc1ccc(C2(c3ccc(CC)cc3)c3cc4c(cc3-c3sc(/C=C5\C(=O)c6cc(Cl)c(Cl)cc6C5=C(C#N)C#N)cc32)C(c2ccc(CC)cc2)(c2ccc(CC)cc2)c2cc(-c3c(F)c(F)c(-c5cc6c(s5)-c5cc7c(cc5C6(c5ccc(CC)cc5)c5ccc(CC)cc5)-c5sc(/C=C6\C(=O)c8cc(Cl)c(Cl)cc8C6=C(C#N)C#N)cc5C7(c5ccc(CC)cc5)c5cccc(CC)c5)c5nonc35)sc2-4)cc1,-5.7,5.02,2064.211,-0.016981466840369,0.00878601498720121
CCc1ccc(C2(c3ccc(CC)cc3)c3cc4c(cc3-c3sc(/C=C5\C(=O)c6cc(Cl)c(Cl)cc6C5=C(C#N)C#N)cc32)C(c2ccc(CC)cc2)(c2ccc(CC)cc2)c2cc(-c3c(F)c(F)c(-c5cc6c(s5)-c5cc7c(cc5C6(c5ccc(CC)cc5)c5ccc(CC)cc5)-c5sc(/C=C6\C(=O)c8cc(Cl)c(Cl)cc8C6=C(C#N)C#N)cc5C7(c5ccc(CC)cc5)c5cccc(CC)c5)c5nsnc35)sc2-4)cc1,-5.35,5.02,2080.279,-0.00935019095451955,0.00734043306705438
CCCCCCc1ccc(C2(c3ccc(CCCCCC)cc3)c3cc4c(cc3-c3sc(C=C5C(=O)c6cc(Cl)c(Cl)cc6C5=C(C#N)C#N)cc32)C(c2ccc(CCCCCC)cc2)(c2ccc(CCCCCC)cc2)c2c-4sc3c4sc(C=C5C(=O)c6cc(Cl)c(Cl)cc6C5=C(C#N)C#N)cc4n(CC(CC)CCCC)c23)cc1,-5.66,4.56,1660.928,-0.0192934385855094,0.00817864742357535
CCCCCCc1ccc(C2(c3ccc(CCCCCC)cc3)c3cc4c(cc3-c3sc(C=C5C(=O)c6cc(F)c(F)cc6C5=C(C#N)C#N)cc32)C(c2ccc(CCCCCC)cc2)(c2ccc(CCCCCC)cc2)c2c-4sc3c4sc(C=C5C(=O)c6cc(F)c(F)cc6C5=C(C#N)C#N)cc4n(CC(CC)CCCC)c23)cc1,-5.3,4.56,1595.108,-0.0233477581035175,0.00958255393054505
CCc1ccc(C2(c3ccc(CC)cc3)c3cc4c(cc3-c3sc(/C=C5\C(=O)c6ccccc6C5=C(C#N)C#N)cc32)C(c2ccc(CC)cc2)(c2ccc(CC)cc2)c2c-4sc3c4sc(/C=C5\C(=O)c6ccccc6C5=C(C#N)C#N)cc4n(CC)c23)cc1,-5.79,3.64,1214.554,-0.0454304793959676,0.0140866914909423
CCc1ccc(C2(c3ccc(CC)cc3)c3cc4c(cc3-c3sc5cc(/C=C6\C(=O)c7cc(F)c(F)cc7C6=C(C#N)C#N)sc5c32)C(c2ccc(CC)cc2)(c2ccc(CC)cc2)c2c-4sc3cc(/C=C4\C(=O)c5sc(Br)cc5C4=C(C#N)C#N)sc23)cc1,-5.74,4.33,1324.457,-0.0350168751540128,0.010929688814536
CCc1ccc(C2(c3ccc(CC)cc3)c3cc4c(cc3-c3sc5cc(/C=C6\C(=O)c7sc(Br)cc7C6=C(C#N)C#N)sc5c32)C(c2ccc(CC)cc2)(c2ccc(CC)cc2)c2c-4sc3cc(/C=C4\C(=O)c5sc(Br)cc5C4=C(C#N)C#N)sc23)cc1,-5.65,4.1,1373.402,-0.0326468397392422,0.0141138231324512
CCCCCCCCCCCc1c(C=C2C(=O)c3cc4cc(Br)sc4cc3C2=C(C#N)C#N)sc2c1sc1c3c4nsnc4c4c5sc6c(CCCCCCCCCCC)c(C=C7C(=O)c8cc9cc(Br)sc9cc8C7=C(C#N)C#N)sc6c5n(CC(CCCC)CCCCCCC)c4c3n(CC(CCCC)CCCCCC)c21,-5.64,4.1,1776.224,-0.0198318356755775,0.00867584467214893
CCCCCCCCCCCc1c(C=C2C(=O)c3cc(F)c(F)cc3C2=C(C#N)C#N)sc2c1sc1c3c4nsnc4c4c5sc6c(CCCCCCCCCCC)c(C=C7C(=O)c8cc(F)c(F)cc8C7=C(C#N)C#N)sc6c5n(CC(CCC)CCCC)c4c3n(CCCCC3CCCCC3)c21,-5.64,4.56,1492.036,-0.0271993744516107,0.0124190182756431
N#CC(C#N)=C1C(=Cc2cc3sc4c(c3s2)C(CCCCCCc2ccccc2)(CCCCCCc2ccccc2)c2cc3c(cc2-4)C(CCCCCCc2ccccc2)(CCCCCCc2ccccc2)c2c-3sc3cc(C=C4C(=O)c5cc(F)c(F)cc5C4=C(C#N)C#N)sc23)C(=O)c2cc(F)c(F)cc21,-5.68,4.56,1499.944,-0.0227730368471764,0.0130817315587461
CCCCCCCC(CCCC)COc1c(/C=C2\C(=O)C3C=C(F)C(F)=CC3C2=C(C#N)C#N)sc2c1sc1c3c4nsnc4c4c5sc6c(SCC(CCCC)CCCCCC)c(C=C7C(=O)c8cc(F)c(F)cc8C7=C(C#N)C#N)sc6c5n(CC(CCCC)CCCCCC)c4c3n(CC(CCCC)CCCCCC)c21,-5.55,4.56,1656.35,-0.0245317002749001,0.0118912914363127
CCc1c(/C=C2\C(=O)c3cc(F)c(F)cc3C2=C(C#N)C#N)sc2c1sc1c3c4nsnc4c4c5sc6c(CC)c(/C=C7\C(=O)c8c(Cl)c(Cl)c(Cl)c(Cl)c8C7=C(C#N)C#N)sc6c5n(CC)c4c3n(CC)c21,-5.72,5.02,1132.961,-0.0365259983828222,0.0128974276955994
CCc1c(/C=C2\C(=O)c3cc(Cl)c(Cl)cc3C2=C(C#N)C#N)sc2c1sc1c3c4nsnc4c4c5sc6c(CC)c(/C=C7\C(=O)c8c(Cl)c(Cl)c(Cl)c(Cl)c8C7=C(C#N)C#N)sc6c5n(CC)c4c3n(CC)c21,-5.64,5.02,1165.871,-0.0374746554916678,0.0114114435702553
CCCCCCCCCCCc1c(C=C2C(=O)c3cc(C=Cc4ccc5c(c4)C(=O)C(=Cc4sc6c(sc7c8c9nsnc9c9c%10sc%11c(CCCCCCCCCCC)c(C=C%12C(=O)c%13cc(C)ccc%13C%12=C(C#N)C#N)sc%11c%10n(CC(CCCCCCCC)CCCCCCCCCC)c9c8n(CC(CCCCCCCC)CCCCCCCCCC)c67)c4CCCCCCCCCCC)C5=C(C#N)C#N)ccc3C2=C(C#N)C#N)sc2c1sc1c3c4nsnc4c4c5sc6cc(C=C7C(=O)c8cc(C)ccc8C7=C(C#N)C#N)sc6c5n(CC(CCCCCCCC)CCCCCCCCCC)c4c3n(CC(CCCCCCCC)CCCCCCCCCC)c21,-5.62,7.28,3331.097,-0.00998045792459468,0.00725120480446713
CCCCCCCCCCCc1c(C=C2C(=O)c3cc(-c4ccc(-c5ccc6c(c5)C(=O)C(=Cc5sc7c(sc8c9c%10nsnc%10c%10c%11sc%12c(CCCCCCCCCCC)c(C=C%13C(=O)c%14cc(C)ccc%14C%13=C(C#N)C#N)sc%12c%11n(CC(CCCCCCCC)CCCCCCCCCC)c%10c9n(CC(CCCCCCCC)CCCCCCCCCC)c78)c5CCCCCCCCCCC)C6=C(C#N)C#N)s4)ccc3C2=C(C#N)C#N)sc2c1sc1c3c4nsnc4c4c5sc6cc(C=C7C(=O)c8cc(C)ccc8C7=C(C#N)C#N)sc6c5n(CC(CCCCCCCC)CCCCCCCCCC)c4c3n(CC(CCCCCCCC)CCCCCCCCCC)c21,-5.65,7.28,3387.186,-0.0106700769378845,0.00640568252526045
CCCCCCCCCCCc1c(C=C2C(=O)c3cc(-c4ccc(-c5ccc(-c6ccc7c(c6)C(=O)C(=Cc6sc8c(sc9c%10c%11nsnc%11c%11c%12sc%13c(CCCCCCCCCCC)c(C=C%14C(=O)c%15cc(C)ccc%15C%14=C(C#N)C#N)sc%13c%12n(CC(CCCCCCCC)CCCCCCCCCC)c%11c%10n(CC(CCCCCCCC)CCCCCCCCCCC)c89)c6CCCCCCCCCCC)C7=C(C#N)C#N)s5)s4)ccc3C2=C(C#N)C#N)sc2c1sc1c3c4nsnc4c4c5sc6c(CCCCCCCCCCC)c(C=C7C(=O)c8cc(C(C)(C)C)ccc8C7=C(C#N)C#N)sc6c5n(CC(CCCCCCCC)CCCCCCCCCC)c4c3n(CC(CCCCCCCC)CCCCCCCCCC)c21,-5.72,7.28,3679.718,-0.0107624340728431,0.00785023647247937
CCCCCCCCCCCc1c(C=C2C(=O)c3cc(F)c(F)cc3C2=C(C#N)C#N)sc2c1sc1c3c4nsnc4c4c5sc6c(CCCCCCCCCCC)c(C=C7C(=O)c8cc(F)c(F)cc8C7=C(C#N)C#N)sc6c5n(CC(CC)CCCC)c4c3n(CCCCCCCCCOc3ccc(OCCCCCCCCCn4c5c6sc(C=C7C(=O)c8cc(F)c(F)cc8C7=C(C#N)C#N)c(CCCCCCCCCCC)c6sc5c5c6nsnc6c6c7sc8c(CCCCCCCCCCC)c(C=C9C(=O)c%10cc(F)c(F)cc%10C9=C(C#N)C#N)sc8c7n(CC(CC)CCCC)c6c54)cc3)c21,-5.7,9.12,3038.076,-0.00862389009287842,0.00673781174661708
CCCCCCCCCCCc1c(C=C2C(=O)c3cc(F)c(F)cc3C2=C(C#N)C#N)sc2c1sc1c3c4nsnc4c4c5sc6c(CCCCCCCCCCC)c(C=C7C(=O)c8cc(F)c(F)cc8C7=C(C#N)C#N)sc6c5n(CC(CC)CCCC)c4c3n(CCCCCCCCOc3ccc(OCCCCCCCCn4c5c6sc(C=C7C(=O)c8cc(F)c(F)cc8C7=C(C#N)C#N)c(CCCCCCCCCCC)c6sc5c5c6nsnc6c6c7sc8c(CCCCCCCCCCC)c(C=C9C(=O)c%10cc(F)c(F)cc%10C9=C(C#N)C#N)sc8c7n(CC(CC)CCCC)c6c54)cc3)c21,-5.67,9.12,3010.022,-0.00927968270975157,0.00659453800129454
CCCCCCCCCCCc1c(C=C2C(=O)c3cc(F)c(F)cc3C2=C(C#N)C#N)sc2c1sc1c3c4nsnc4c4c5sc6c(CCCCCCCCCCC)c(C=C7C(=O)c8cc(F)c(F)cc8C7=C(C#N)C#N)sc6c5n(CC(CC)CCCC)c4c3n(CCCCCCOc3ccc(OCCCCCCn4c5c6sc(C=C7C(=O)c8cc(F)c(F)cc8C7=C(C#N)C#N)c(CCCCCCCCCCC)c6sc5c5c6nsnc6c6c7sc8c(CCCCCCCCCCC)c(C=C9C(=O)c%10cc(F)c(F)cc%10C9=C(C#N)C#N)sc8c7n(CC(CC)CCCC)c6c54)cc3)c21,-5.67,9.12,2953.914,-0.00966007280586043,0.0062089489889895
CCCCC(CC)Cc1sc(-c2c3cc(-c4ccc(-c5sc(-c6ccc(C)s6)c6c5C(=O)c5c(CC(CC)CCCC)sc(CC(CC)CCCC)c5C6=O)s4)sc3c(-c3cc(F)c(CC(CC)CCCC)s3)c3cc(C)sc23)cc1F,-5.68,1.46,1249.956,-0.00754993858985041,0.0146930834529269
CCCCCCC(CCCC)Cc1c(C=C2C(=O)c3cc(Cl)c(Cl)cc3C2=C(C#N)C#N)sc2c1sc1c3c4nc(-c5scc(F)c5F)c(-c5scc(F)c5F)nc4c4c5sc6c(CC(CCCC)CCCCCC)c(C=C7C(=O)c8cc(Cl)c(Cl)cc8C7=C(C#N)C#N)sc6c5n(CC(CC)CCCC)c4c3n(CC(CC)CCCC)c21,-5.58,5.48,1776.03,-0.0184885769981529,0.00945784421290216
CCCCCCCCCCCc1c(C=C2C(=O)c3cc(F)c(F)cc3C2=C(C#N)C#N)sc2c1sc1c3c4nc5cc(Cl)c6ccccc6c5nc4c4c5sc6c(CCCCCCCCCCC)c(C=C7C(=O)c8cc(F)c(F)cc8C7=C(C#N)C#N)sc6c5n(CC(CCCC)CCCCCC)c4c3n(CC(CCCC)CCCCCC)c21,-5.61,4.79,1692.723,-0.0196959231542571,0.00819369041786726
CCCCCCCCCCCc1c(C=C2C(=O)c3cc(F)c(F)cc3C2=C(C#N)C#N)sc2c1sc1c3c4nc5ccc6ccc(C)cc6c5nc4c4c5sc6c(CCCCCCCCCCC)c(C=C7C(=O)c8cc(F)c(F)cc8C7=C(C#N)C#N)sc6c5n(CC(CCCC)CCCCCC)c4c3n(CC(CCCC)CCCCCC)c21,-5.56,4.56,1672.305,-0.0218466895300648,0.00797913056359397
CCCCCCCCCCCc1c(C=C2C(=O)c3cc(F)c(F)cc3C2=C(C#N)C#N)sc2c1sc1c3c4nc5ccc6cc(Cl)ccc6c5nc4c4c5sc6c(CCCCCCCCCCC)c(C=C7C(=O)c8cc(F)c(F)cc8C7=C(C#N)C#N)sc6c5n(CC(CCCC)CCCCCC)c4c3n(CC(CCCC)CCCCCC)c21,-5.68,4.79,1692.723,-0.0213013458477636,0.0110592975207526
CCCCCCCCCCCc1c(C=C2C(=O)c3cc(F)c(F)cc3C2=C(C#N)C#N)sc2c1sc1c3c4nc5ccc6ccccc6c5nc4c4c5sc6c(CCCCCCCCCCC)c(C=C7C(=O)c8cc(F)c(F)cc8C7=C(C#N)C#N)sc6c5n(CC(CCCC)CCCCCC)c4c3n(CC(CCCC)CCCCCC)c21,-5.65,4.56,1658.278,-0.0223293268271231,0.00939871145349138
CCCCCCC(CCCC)CCc1c(C=C2C(=O)c3cc(F)c(F)cc3C2=C(C#N)C#N)sc2c1sc1c3c4nsnc4c4c5sc6c(CCC(CCCC)CCCCCC)c(/C=C7\C(=O)c8cc(F)c(F)cc8C7C(C#N)C#N)sc6c5n(CC(CC)CCCC)c4c3n(CC(CC)CCCC)c21,-5.68,4.56,1510.095,-0.0185526769804082,0.0118995190663608
CCCCCCCCCCCCC(CCCCCCCCCC)Cn1c2c3sc(C=C4C(=O)c5cc(C)ccc5C4=C(C#N)C#N)c(CCCCCCCCCCC)c3sc2c2c3nsnc3c3c4sc5c(CCCCCCCCCCC)c(C=C6C(=O)c7cc(-c8ccc(C)s8)ccc7C6=C(C#N)C#N)sc5c4n(CC(CCCCCCCCCC)CCCCCCCCCCCC)c3c21,-5.52,3.64,1939.056,-0.0102679953245646,0.00701623396869825
C=C1C(=Cc2sc3c(sc4c5c6nsnc6c6c7sc8c(CCCCCCCCC)c(C=C9C(=C)c%10cc(Cl)c(OC)cc%10C9=O)sc8c7n(CC(CCCC)CCCCCC)c6c5n(CC(CCCC)CCCCCC)c34)c2CCCCCCCCC)C(=O)c2cc(Cl)c(Cl)cc21,-5.74,1.69,1469.44,-0.0251276816888065,0.014870480750771
CCCCCCCCCCCc1c(C=C2C(=O)c3c(ccc(C)c3F)C2=C(C#N)C#N)sc2c1sc1c3c4nsnc4c4c5sc6c(CCCCCCCCCCC)c(C=C7C(=O)c8c(ccc(-c9ccc(C)s9)c8F)C7=C(C#N)C#N)sc6c5n(CC(CCCCCCCC)CCCCCCCCCC)c4c3n(CC(CCCCCCCC)CCCCCCCCCC)c21,-5.68,4.1,1862.82,-0.013339546415632,0.00775300827632414
CCCCCCCCCCCc1c(C=C2C(=O)c3cc(-c4ccc(-c5ccc6c(c5)C(=O)C(=Cc5sc7c(sc8c9c%10nsnc%10c%10c%11sc%12c(CCCCCCCCCCC)c(C=C%13C(=O)c%14cc(F)c(F)cc%14C%13=C(C#N)C#N)sc%12c%11n(CC(CCCCCC)CCCCCCCC)c%10c9n(CC(CCCCCC)CCCCCCCC)c78)c5CCCCCCCCCCC)C6=C(C#N)C#N)s4)ccc3C2=C(C#N)C#N)sc2c1sc1c3c4nsnc4c4c5sc6c(CCCCCCCCCCC)c(C=C7C(=O)c8cc(F)c(F)cc8C7=C(C#N)C#N)sc6c5n(CC(CCCCCC)CCCCCCCC)c4c3n(CC(CCCCCC)CCCCCCCC)c21,-5.6,8.2,3360.957,-0.0101949743804367,0.00668798727474132
CCCCCCCCCCCc1c(C=C2C(=O)c3cc(Br)ccc3C2=C(C#N)C#N)sc2c1sc1c3c4nsnc4c4c5sc6c(CCCCCCCCCCC)c(C=C7C(=O)c8cc(F)c(F)cc8C7=C(C#N)C#N)sc6c5n(CC(CCCCCC)CCCCCCCC)c4c3n(CC(CCCCCC)CCCCCCCC)c21,-5.56,4.33,1719.319,-0.0231790898458494,0.00716427676714953
CCCCCCCCCCCCc1c(C=C2C(=O)c3cc(Cl)c(Cl)cc3C2=C(C#N)C#N)sc2c1sc1c3sc4c5sc6c(CCCCCCCCCCCC)c(C=C7C(=O)c8cc(Cl)c(Cl)cc8C7=C(C#N)C#N)sc6c5n(CC(CCCC)CCCCCC)c4c3n(CC(CCCC)CCCCCC)c21,-5.71,4.56,1606.025,-0.0229702396488735,0.00881016105764877
CCCCCCCCCCCCc1c(C=C2C(=O)c3cc(F)c(F)cc3C2=C(C#N)C#N)sc2c1sc1c3sc4c5sc6c(CCCCCCCCCCCC)c(C=C7C(=O)c8cc(F)c(F)cc8C7=C(C#N)C#N)sc6c5n(CC(CCCC)CCCCCC)c4c3n(CC(CCCC)CCCCCC)c21,-5.51,4.56,1540.205,-0.0230216661348949,0.00864495054275005
CCCCCCCCC1(CCCCCCCC)c2cc3c(cc2-c2cc4c(cc21)-c1sc(C=C2C(=O)c5cc(F)c(F)cc5C2=C(C#N)C#N)cc1C4(CCCCCCCC)CCCCCCCC)C(CCCCCCCC)(CCCCCCCC)c1cc2c(cc1-3)C(CCCCCCCC)(CCCCCCCC)c1cc(C=C3C(=O)c4cc(F)c(F)cc4C3=C(C#N)C#N)sc1-2,-5.75,4.56,1820.672,-0.0167569652422531,0.00843763666024195
CCCCCCCCC1(CCCCCCCC)c2cc3c(cc2-c2cc4c(cc21)-c1sc(C=C2C(=O)c5ccccc5C2=C(C#N)C#N)cc1C4(CCCCCCCC)CCCCCCCC)C(CCCCCCCC)(CCCCCCCC)c1cc2c(cc1-3)C(CCCCCCCC)(CCCCCCCC)c1cc(C=C3C(=O)c4ccccc4C3=C(C#N)C#N)sc1-2,-5.66,3.64,1748.712,-0.0196118145982089,0.00861738146304854
CCc1ccc(C2(c3ccc(CC)cc3)c3cc4c(cc3-c3sc5cc(/C=C6\C(=O)c7c(csc7Cl)C6=C(C#N)C#N)sc5c32)C(c2ccc(CC)cc2)(c2ccc(CC)cc2)c2c-4sc3cc(/C=C4\C(=O)c5c(csc5Cl)C4=C(C#N)C#N)sc23)cc1,-5.58,4.1,1284.5,-0.03666291165778,0.00918453656498546
CCC1(CC)c2cc3c(cc2-c2sc4cc(/C=C5\C(=O)c6ccccc6C5=C(C#N)C#N)sc4c21)C(CC)(CC)c1c-3sc2cc(/C=C3\C(=O)c4ccc(-c5ccc(-c6ccc7c(c6)C(=C(C#N)C#N)/C(=C/c6cc8sc9c(c8s6)C(CC)(CC)c6cc8c(cc6-9)C(CC)(CC)c6c-8sc8cc(/C=C9\C(=O)c%10ccc(-c%11cccs%11)cc%10C9=C(C#N)C#N)sc68)C7=O)s5)cc4C3=C(C#N)C#N)sc12,-5.79,7.28,1960.558,-0.0155376791273927,0.00760566214896496
CCc1c(/C=C2\C(=O)c3cc(Cl)c(Br)cc3C2=C(C#N)C#N)sc2c1sc1c3c4nsnc4c4c5sc6c(CC)c(/C=C7\C(=O)c8cc(Cl)c(Br)cc8C7=C(C#N)C#N)sc6c5n(CC)c4c3n(CC)c21,-5.79,4.56,1185.883,-0.0361603855856035,0.0119874604223238
CCc1c(/C=C2\C(=O)c3c(Cl)cc(Br)cc3C2=C(C#N)C#N)sc2c1sc1c3c4nsnc4c4c5sc6c(CC)c(/C=C7\C(=O)c8c(Cl)cc(Br)cc8C7=C(C#N)C#N)sc6c5n(CC)c4c3n(CC)c21,-5.71,4.56,1185.883,-0.0378183881770276,0.0116828795498589
CCc1c(/C=C2\C(=O)c3c(ccc(Br)c3Cl)C2=C(C#N)C#N)sc2c1sc1c3c4nsnc4c4c5sc6c(CC)c(/C=C7\C(=O)c8c(ccc(Br)c8Cl)C7=C(C#N)C#N)sc6c5n(CC)c4c3n(CC)c21,-5.71,4.56,1185.883,-0.0376226748572983,0.00945474738973115
CCOc1c(/C=C2\C(=O)c3cc(F)c(F)cc3C2=C(C#N)C#N)sc2c1sc1c3c4nsnc4c4c5sc6c(CC)c(/C=C7\C(=O)c8cc(F)c(F)cc8C7=C(C#N)C#N)sc6c5n(CC)c4c3n(CC)c21,-5.81,4.56,1047.16,-0.0335134050050804,0.024749348334405
CCCCCCCCOC1c2sc3c4c5nsnc5c5c6sc7c(OCCCCCCC)c(C=C8C(=O)c9cc(F)c(F)cc9C8=C(C#N)C#N)sc7c6n(CC(CC)CCCC)c5c4n(CC(CC)CCCC)c3c2SC1C=C1C(=O)c2cc(F)c(F)cc2C1=C(C#N)C#N,-5.81,4.56,1387.796,-0.0236504221248225,0.00989828526239023
CCCCCCCCCCCc1c(C=C2C(=O)c3cc(Cl)c(Cl)cc3C2=C(C#N)C#N)sc2c3c(sc12)-c1c(c2c(c4nsnc14)c1sc4c(CCCCCCCCCCC)c(C=C5C(=O)c6cc(Cl)c(Cl)cc6C5=C(C#N)C#N)sc4c1n2C(CCCC)CCCCCC)C3CC(CCCC)CCCCCC,-5.83,4.56,1614.992,-0.0292081715263848,0.0133808456082136
CCCCCCCCCCCOc1c(C=C2C(=O)c3cc(Cl)c(Cl)cc3C2=C(C#N)C#N)sc2c3c(sc12)-c1c(c2c(c4nsnc14)c1sc4c(CCCCCCCCCCC)c(C=C5C(=O)c6cc(Cl)c(Cl)cc6C5=C(C#N)C#N)sc4c1n2C(CCC)CCCCC)C3CC(CCC)CCCCC,-5.84,4.56,1574.883,-0.0293349613839497,0.0110865779373293
CCCCCCCCCCCOc1c(C=C2C(=O)c3cc(Cl)c(Cl)cc3C2=C(C#N)C#N)sc2c3c(sc12)-c1c(c2c(c4nsnc14)c1sc4c(CCCCCCCCCCC)c(C=C5C(=O)c6cc(Cl)c(Cl)cc6C5=C(C#N)C#N)sc4c1n2C(CC)CCCC)C3CC(CC)CCCC,-5.85,4.56,1518.775,-0.0277539210975116,0.0118683452662065
CCCCCCCCCCCOc1c(C=C2C(=O)c3cc(Cl)c(Cl)cc3C2=C(C#N)C#N)sc2c3c(sc12)-c1c(c2c(c4nsnc14)c1sc4c(CCCCCCCCCCC)c(C=C5C(=O)c6cc(Cl)c(Cl)cc6C5=C(C#N)C#N)sc4c1n2C(CCCC)CCCCCC)C3CC(CCCC)CCCCCC,-5.99,4.56,1630.991,-0.0276703586263029,0.0121765231491282
CCCCCCCCCCCOc1c(C=C2C(=O)c3cc(Cl)c(Cl)cc3C2=C(C#N)C#N)sc2c3c(sc12)-c1c(c2c(c4nsnc14)c1sc4c(OCCCCCCCCCCC)c(C=C5C(=O)c6cc(Cl)c(Cl)cc6C5=C(C#N)C#N)sc4c1n2C(CCCC)CCCCCC)C3CC(CCCC)CCCCCC,-5.99,4.56,1646.99,-0.0287813035120302,0.0137134745611644
CCCCCCc1ccc(C2(c3ccc(CCCCCC)cc3)c3cc4c(cc3-c3sc5cc(C=C6C(=O)c7c(csc7Cl)C6=C(C#N)C#N)sc5c32)C(c2ccc(CCCCCC)cc2)(c2ccc(CCCCCC)cc2)c2c-4sc3cc(C=C4C(=O)c5c(csc5Cl)C4=C(C#N)C#N)sc23)cc1,-5.99,4.1,1508.932,-0.0265705621182358,0.0107183877046709
CCCCCCCCCCCc1c(C=C2C(=O)c3cc(-c4ccc(C)s4)ccc3C2=C(C#N)C#N)sc2c1sc1c2cc(CC(CCCCCCCC)CCCCCCCCCC)c2c1c1nsnc1c1c3sc4c(CCCCCCCCCCC)c(C=C5C(=O)c6cc(C)ccc6C5=C(C#N)C#N)sc4c3n(CC(CCCCCCCC)CCCCCCCCCC)c21,-5.66,3.64,1837.863,-0.0138059464754968,0.00892288110961091
CCCCCCCCCCCc1c(C=C2C(=O)c3cc4cc(F)c(F)cc4cc3C2=C(C#N)C#N)sc2c1sc1c3c4nsnc4c4c5sc6c(CCCCCCCCCCC)c(C=C7C(=O)c8cc9cc(F)c(F)cc9cc8C7=C(C#N)C#N)sc6c5n(CC(CCCC)CCCCCC)c4c3n(CC(CCCC)CCCCCC)c21,-5.45,4.56,1664.307,-0.0219250889329705,0.0103401565768883
CCCCCCCCCCCc1c(C=C2C(=O)c3cc4ccc(F)cc4cc3C2=C(C#N)C#N)sc2c1sc1c3c4nsnc4c4c5sc6c(CCCCCCCCCCC)c(C=C7C(=O)c8cc9ccc(F)cc9cc8C7=C(C#N)C#N)sc6c5n(CC(CCCC)CCCCCC)c4c3n(CC(CCCC)CCCCCC)c21,-5.65,4.1,1628.327,-0.0225464249299936,0.00717869496667921
CCCCCCCCCCCc1c(C=C2C(=O)c3cc4ccccc4cc3C2=C(C#N)C#N)sc2c1sc1c3c4nsnc4c4c5sc6c(CCCCCCCCCCC)c(C=C7C(=O)c8cc9ccccc9cc8C7=C(C#N)C#N)sc6c5n(CC(CCCC)CCCCCC)c4c3n(CC(CCCC)CCCCCC)c21,-5.66,3.64,1592.347,-0.0232797699566935,0.00887562858075807
CCCCCCc1cccc(-c2c(C=C3C(=O)c4cc(F)c(F)cc4C3=C(C#N)C#N)sc3c2sc2c4c5nsnc5c5c6sc7c(-c8cccc(CCCCCC)c8)c(C=C8C(=O)c9cc(F)c(F)cc9C8=C(C#N)C#N)sc7c6n(CC(CCC)CCCC)c5c4n(CC(CC)CCCC)c32)c1,-5.65,4.56,1477.924,-0.027022794629551,0.00919479176307756
CCCCC(CC)CCc1cccc(-c2c(C=C3C(=O)c4cc(F)c(F)cc4C3=C(C#N)C#N)sc3c2sc2c4c5nsnc5c5c6sc7c(-c8cccc(CCC(CC)CCCC)c8)c(C=C8C(=O)c9cc(F)c(F)cc9C8=C(C#N)C#N)sc7c6n(CC(CCC)CCCC)c5c4n(CC(CC)CCCC)c32)c1,-5.65,4.56,1562.086,-0.0262965054541544,0.0116962941756302
CCCCC(CC)Cc1cccc(-c2c(C=C3C(=O)c4cc(F)c(F)cc4C3=C(C#N)C#N)sc3c2sc2c4c5nsnc5c5c6sc7c(-c8cccc(CC(CC)CCCC)c8)c(C=C8C(=O)c9cc(F)c(F)cc9C8=C(C#N)C#N)sc7c6n(CC(CCC)CCCC)c5c4n(CC(CC)CCCC)c32)c1,-5.65,4.56,1534.032,-0.0268925125060006,0.0132112701758116
CCCCCCCCCCCc1c(C=C2C(=O)c3cc(F)c(F)cc3C2=C(C#N)C#N)sc2c1sc1c3c4nsnc4c4c5sc6c(CCCCCCCCCCC)c(/C=C7\C(=O)c8cc(F)c(F)cc8C7C(C#N)C#N)sc6c5n(CC(CCCCCCC)CCCCCCCCC)c4c3n(CC(CCCCCCC)CCCCCCCCC)c21,-5.49,4.56,1734.527,-0.0175676046144753,0.00871678793192034
CCOc1c2oc3c4sc(/C=C5\C(=O)c6cc(F)c(F)cc6C5=C(C#N)C#N)cc4n(CC)c3c2c(OCC)c2oc3c4sc(/C=C5\C(=O)c6cc(F)c(F)cc6C5=C(C#N)C#N)cc4n(CC)c3c12,-5.61,4.56,972.958,-0.0231124309097419,0.0216027827206033
CCc1sc(-c2c3cc(-c4ccc(-c5sc(-c6ccc(-c7cc8c(-c9cc(F)c(CC)s9)c9sc(-c%10ccc(-c%11sc(-c%12ccc(-c%13cc%14c(-c%15cc(F)c(CC)s%15)c%15sc(-c%16ccc(-c%17sc(-c%18cccs%18)c%18c%17C(=O)c%17c(CC)sc(CC)c%17C%18=O)s%16)cc%15c(-c%15cc(F)c(CC)s%15)c%14s%13)s%12)c%12c%11C(=O)c%11c(CC)sc(CC)c%11C%12=O)s%10)cc9c(-c9cc(F)c(CC)s9)c8s7)s6)c6c5C(=O)c5c(CC)sc(CC)c5C6=O)s4)sc3c(-c3cc(F)c(CC)s3)c3ccsc23)cc1F,-5.64,4.38,2651.73,-0.0121259534490187,0.00827176478723564
CCCCCCc1cccc(-c2c(C=C3C(=O)c4cc(F)c(F)cc4C3=C(C#N)C#N)[se]c3c2sc2c4c5nsnc5c5c6sc7c(-c8cccc(CCCCCC)c8)c(C=C8C(=O)c9cc(F)c(F)cc9C8=C(C#N)C#N)[se]c7c6n(CC(CCCC)CCCCCC)c5c4n(CC(CCCC)CCCCCC)c23)c1,-5.63,4.56,1669.899,-0.0258135255247198,0.0106380436867679
CCCCCCc1cccc(-c2c(C=C3C(=O)c4cc(F)c(F)cc4C3=C(C#N)C#N)sc3c2[se]c2c4c5nsnc5c5c6[se]c7c(-c8cccc(CCCCCC)c8)c(C=C8C(=O)c9cc(F)c(F)cc9C8=C(C#N)C#N)sc7c6n(CC(CCCC)CCCCCC)c5c4n(CC(CCCC)CCCCCC)c32)c1,-5.68,4.56,1669.899,-0.026562003022063,0.0113273149724155
CCCCCCc1cccc(-c2c(C=C3C(=O)c4cc(F)c(F)cc4C3=C(C#N)C#N)sc3c2sc2c4c5nsnc5c5c6sc7c(-c8cccc(CCCCCC)c8)c(C=C8C(=O)c9cc(F)c(F)cc9C8=C(C#N)C#N)sc7c6n(CC(CCCC)CCCCCC)c5c4n(CC(CCCC)CCCCCC)c32)c1,-5.64,4.56,1576.113,-0.024574630462739,0.00987154448082759
CCCCCCCCCCCc1c(C=C2C(=O)c3cc(F)c(F)cc3C2=C(C#N)C#N)sc2c1sc1c3c4nc5cc(F)c(F)cc5nc4c4c5sc6c(CCCCCCCCCCC)c(C=C7C(=O)c8cc(F)c(F)cc8C7=C(C#N)C#N)sc6c5n(CC(CCCC)CCCCCC)c4c3n(CC(CCCC)CCCCCC)c21,-5.64,5.02,1644.198,-0.0251647971678192,0.00763197715509955
CCCCCCCCCCCc1c(C=C2C(=O)c3cc(F)c(F)cc3C2=C(C#N)C#N)sc2c1sc1c3c4nc5ccccc5nc4c4c5sc6c(CCCCCCCCCCC)c(C=C7C(=O)c8cc(F)c(F)cc8C7=C(C#N)C#N)sc6c5n(CC(CCCC)CCCCCC)c4c3n(CC(CCCC)CCCCCC)c21,-5.64,4.56,1608.218,-0.0259869285083657,0.0068111414662935
CCCCCCCCCCC(CCCCCCCC)Cn1c2c3sc(C=C4C(=O)c5cc(F)c(F)cc5C4=C(C#N)C#N)c(CCCCCCCCC)c3sc2c2c3nsnc3c3c4sc5c(CCCCCCCCC)c(/C=C6\C(=O)c7cc(F)c(F)cc7C6C(C#N)C#N)sc5c4n(CC(CCCCCCCC)CCCCCCCCCC)c3c21,-5.8,4.56,1734.527,-0.018276883700372,0.00618861649875438
CCCCCCCCCCC(CCCCCCCC)Cn1c2c3sc(C=C4C(=O)c5ccc(/C=C/c6ccc7c(c6)C(=O)/C(=C\c6sc8c(sc9c%10c%11nsnc%11c%11c%12sc%13c(CCCCCCCCC)c(C=C%14C(=O)c%15cc(F)c(F)cc%15C%14=C(C#N)C#N)sc%13c%12n(CC(CCCCCCCC)CCCCCCCCCC)c%11c%10n(CC(CCCCCCCC)CCCCCCCCCC)c89)c6CCCCCCCCC)C7C(C#N)C#N)cc5C4=C(C#N)C#N)c(CCCCCCCCC)c3sc2c2c3nsnc3c3c4sc5c(CCCCCCCCC)c(C=C6C(=O)c7cc(F)c(F)cc7C6=C(C#N)C#N)sc5c4n(CC(CCCCCCCC)CCCCCCCCCC)c3c21,-5.67,8.2,3419.1,-0.00977040567690762,0.00674938645750729
CCCCCCCCCCCCC(CCCCCCCCCC)Cn1c2c3sc(C=C4C(=O)c5cc(C=Cc6ccc7c(c6)C(=O)C(=Cc6sc8c(sc9c%10c%11nsnc%11c%11c%12sc%13c(CCCCCCCCCCC)c(C=C%14C(=O)c%15cc(F)c(F)cc%15C%14=C(C#N)C#N)sc%13c%12n(CC(CCCCCCCCCC)CCCCCCCCCCCC)c%11c%10n(CC(CCCCCCCCCC)CCCCCCCCCCCC)c89)c6CCCCCCCCCCC)C7=C(C#N)C#N)ccc5C4=C(C#N)C#N)c(CCCCCCCCCCC)c3sc2c2c3nsnc3c3c4sc5c(CCCCCCCCCCC)c(C=C6C(=O)c7cc(C=Cc8ccc9c(c8)C(=O)C(=Cc8sc%10c(sc%11c%12c%13nsnc%13c%13c%14sc%15c(CCCCCCCCCCC)c(C=C%16C(=O)c%17cc(F)c(F)cc%17C%16=C(C#N)C#N)sc%15c%14n(CC(CCCCCCCCCC)CCCCCCCCCCCC)c%13c%12n(C(CCCCCCCCCC)CCCCCCCCCCCC)c%10%11)c8CCCCCCCCCCC)C9=C(C#N)C#N)ccc7C6=C(C#N)C#N)sc5c4n(CC(CCCCCCCCCC)CCCCCCCCCCCC)c3c21,-5.63,11.84,5592.60200000001,-0.0110785658663477,0.00751702254660854
CCCCCCC(CCCC)Cc1c(/C=C2\C(=O)c3cc(F)c(F)cc3C2C(C#N)C#N)sc2c1sc1c3c4nsnc4c4c5sc6c(C(CCCC)CCCCCC)c(C=C7C(=O)c8cc(F)c(F)cc8C7=C(C#N)C#N)sc6c5n(CC(CC)CCCc5ccc(F)cc5)c4c3n(CC(CC)CCCc3ccc(F)cc3)c21,-5.64,5.02,1628.136,-0.0285473500716252,0.010369167538416
CCCCCCC(CCCC)Cc1c(/C=C2\C(=O)c3cc(F)c(F)cc3C2C(C#N)C#N)sc2c1sc1c3c4nsnc4c4c5sc6c(C(CCCC)CCCCCC)c(C=C7C(=O)c8cc(F)c(F)cc8C7=C(C#N)C#N)sc6c5n(CC(CC)CCCc5ccccc5)c4c3n(CC(CC)CCCc3ccccc3)c21,-5.64,4.56,1592.156,-0.0302127350039401,0.00830910479452619
CCCCCCC(CCCC)Cc1c(/C=C2\C(=O)c3cc(F)c(F)cc3C2C(C#N)C#N)sc2c1sc1c3c4nsnc4c4c5sc6c(C(CCCC)CCCCCC)c(C=C7C(=O)c8cc(F)c(F)cc8C7=C(C#N)C#N)sc6c5n(CC(CC)CCCc5ccc(C)cc5)c4c3n(CC(CC)CCCc3cccc(C)c3)c21,-5.75,4.56,1620.21,-0.0266868443122219,0.010472281205509
CCCCCCCCCCCc1c(C=C2C(=O)c3cc(Cl)c(Cl)cc3C2=C(C#N)C#N)sc2c1sc1c3c4nc5cc(F)c(-c6ccc(-c7cc8nc9c(nc8c(C)c7F)c7c8sc%10c(CCCCCCCCCCC)c(C=C%11C(=O)c%12cc(Cl)c(Cl)cc%12C%11=C(C#N)C#N)sc%10c8n(-c8ccc(CC(CCCCCCCCCC)CCCCCCCCCC)cc8)c7c7c9c8sc9c(CCCCCCCCCCC)c(C=C%10C(=O)c%11cc(Cl)c(Cl)cc%11C%10=C(C#N)C#N)sc9c8n7-c7ccc(CC(CCCCCCCCCC)CCCCCCCCCC)cc7)s6)cc5nc4c4c5sc6c(CCCCCCCCCCC)c(C=C7C(=O)c8cc(Cl)c(Cl)cc8C7=C(C#N)C#N)sc6c5n(-c5ccc(CC(CCCCCCCCCC)CCCCCCCCCC)cc5)c4c3n(-c3ccc(CC(CCCCCCCCCC)CCCCCCCCCC)cc3)c21,-5.72,9.58,4343.666,-0.00965483336685313,0.00711705561298664
CCCCCCCCCCCc1c(C=C2C(=O)c3cc(Cl)c(Cl)cc3C2=C(C#N)C#N)sc2c1sc1c3c4nc5cc(-c6ccc(-c7cc(F)c8nc9c(nc8c7)c7c8sc%10c(CCCCCCCCCCC)c(C=C%11C(=O)c%12cc(Cl)c(Cl)cc%12C%11=C(C#N)C#N)sc%10c8n(-c8ccc(CC(CCCCCCCCCC)CCCCCCCCCC)cc8)c7c7c9c8sc9c(CCCCCCCCCCC)c(C=C%10C(=O)c%11cc(Cl)c(Cl)cc%11C%10=C(C#N)C#N)sc9c8n7-c7ccc(CC(CCCCCCCCCC)CCCCCCCCCC)cc7)s6)cc(F)c5nc4c4c5sc6c(CCCCCCCCCCC)c(C=C7C(=O)c8cc(Cl)c(Cl)cc8C7=C(C#N)C#N)sc6c5n(-c5ccc(CC(CCCCCCCCCC)CCCCCCCCCC)cc5)c4c3n(-c3ccc(CC(CCCCCCCCCC)CCCCCCCCCC)cc3)c21,-5.52,9.58,4329.639,-0.011107999187693,0.00720632458372047
CCCCCCCCCCCc1c(C=C2C(=O)c3cc(Cl)c(Cl)cc3C2=C(C#N)C#N)sc2c1sc1c3c4nc5ccc(-c6csc(-c7ccc8nc9c(nc8c7F)c7c8sc%10c(CCCCCCCCCCC)c(C=C%11C(=O)c%12cc(Cl)c(Cl)cc%12C%11=C(C#N)C#N)sc%10c8n(-c8ccc(CC(CCCCCCCCCC)CCCCCCCCCC)cc8)c7c7c9c8sc9c(CCCCCCCCCCC)c(C=C%10C(=O)c%11cc(Cl)c(Cl)cc%11C%10=C(C#N)C#N)sc9c8n7-c7ccc(CC(CCCCCCCCCC)CCCCCCCCCC)cc7)c6)c(F)c5nc4c4c5sc6c(CCCCCCCCCCC)c(C=C7C(=O)c8cc(Cl)c(Cl)cc8C7=C(C#N)C#N)sc6c5n(-c5ccc(CC(CCCCCCCCCC)CCCCCCCCCC)cc5)c4c3n(-c3ccc(CC(CCCCCCCCCC)CCCCCCCCCC)cc3)c21,-5.66,9.58,4329.639,-0.00968400588875992,0.00694697980349135
CCSc1cc(/C=C2\C(=O)c3cc(F)c(F)cc3C2=C(C#N)C#N)sc1-c1cc2c(s1)-c1cc3c(cc1C2(c1ccc(CC)cc1)c1ccc(CC)cc1)-c1sc(/C=C2\C(=O)c4cc(F)c(F)cc4C2=C(C#N)C#N)cc1C3(c1ccc(CC)cc1)c1ccc(CC)cc1,-5.75,4.56,1305.582,-0.0353657415338069,0.0125404243332182
CCCCCCCCCCCc1c(C=C2C(=O)c3cc(F)c(F)cc3C2=C(C#N)C#N)sc2c1sc1c3c4nsnc4c4c5sc6c(CCCCCCCCCCC)c(C=C7C(=O)c8cc(F)c(F)cc8C7=C(C#N)C#N)sc6c5n(CC(CCCC)CCCCCC)c4c3n(CC(CCCC)CCCCCC)c21,-5.66,4.56,1564.187,-0.0299327613166258,0.00866085231018913
CCCCCCCCCCCc1c(C=C2C(=O)c3ccccc3C2=C(C#N)C#N)sc2c1sc1c3c4nsnc4c4c5sc6c(CCCCCCCCCCC)c(C=C7C(=O)c8ccccc8C7=C(C#N)C#N)sc6c5n(CC(CCCC)CCCCCC)c4c3n(CC(CCCC)CCCCCC)c21,-5.69,3.64,1492.227,-0.0271715395635535,0.0107471875755411
CCCCCCCCCCCc1c(C=C2C(=O)c3cc(F)c(F)cc3C2=C(C#N)C#N)sc2c1sc1c3c4nsnc4c4c5sc6c(CCCCCCCCCCC)c(C=C7C(=O)c8cc(F)c(F)cc8C7=C(C#N)C#N)sc6c5n(CC(CCCCCC)CCCCCCCC)c4c3n(CC(CC)CCCC)c21,-5.68,4.56,1564.187,-0.0277894041622973,0.0138304566812909
CCCCCCCCCCCc1c(C=C2C(=O)c3cc(F)c(F)cc3C2=C(C#N)C#N)sc2c1sc1c3c4nsnc4c4c5sc6c(CCCCCCCCCCC)c(C=C7C(=O)c8cc(F)c(F)cc8C7=C(C#N)C#N)sc6c5n(CC(CCCCCCCC)CCCCCCCCCC)c4c3n(CC(C)C)c21,-5.71,4.56,1564.187,-0.0272180129920617,0.0112014437135039
CCc1cc(-c2ccc(/C=C3\C(=O)c4cc(F)c(F)cc4C3=C(C#N)C#N)[se]2)sc1-c1sc(-c2ccc(/C=C3\C(=O)c4cc(F)c(F)cc4C3=C(C#N)C#N)[se]2)cc1CC,-5.52,4.56,960.754,0.00150129335075564,0.0203536214773524
CCCCCCC(CCCC)COc1c(C=C2C(=O)c3cc(F)c(F)cc3C2=C(C#N)C#N)sc2c1sc1c3c4nsnc4c4c5sc6c(SCC(CCCC)CCCCCC)c(/C=C7\C(=O)c8cc(F)c(F)cc8C7C(C#N)C#N)sc6c5n(CC(CCCC)CCCCCC)c4c3n(CC(CCCC)CCCCCC)c21,-5.54,4.56,1642.323,-0.0213880496992017,0.0124617268768096
CCCCCCC(CCCC)COc1c(C=C2C(=O)c3ccc(F)cc3C2=C(C#N)C#N)sc2c1sc1c3c4nsnc4c4c5sc6c(SCC(CCCC)CCCCCC)c(/C=C7\C(=O)c8ccc(F)cc8C7C(C#N)C#N)sc6c5n(CC(CCCC)CCCCCC)c4c3n(CC(CCCC)CCCCCC)c21,-5.62,4.1,1606.343,-0.0212202565618312,0.0108455547295793
CCCCCCC(CCCC)COc1c(C=C2C(=O)c3c(ccc(Br)c3F)C2=C(C#N)C#N)sc2c1sc1c3c4nsnc4c4c5sc6c(SCC(CCCC)CCCCCC)c(/C=C7\C(=O)c8c(ccc(Br)c8F)C7C(C#N)C#N)sc6c5n(CC(CCCC)CCCCCC)c4c3n(CC(CCCC)CCCCCC)c21,-5.62,4.56,1764.135,-0.0198123112110046,0.00787815935548032
CCCCCCCCCCCc1c(C=C2C(=O)c3cc(F)c(F)cc3C2=C(C#N)C#N)sc2c3c(sc12)-c1c(c2c(c4nn(C)nc14)c1sc4c(CCCCCCCCCCC)c(C=C5C(=O)c6cc(F)c(F)cc6C5=C(C#N)C#N)sc4c1n2C(CC)CCCC)C3CC(CC)CCCC,-5.59,4.56,1433.931,-0.0295973725976925,0.00989965632390578
CCCCCCCCCCCc1c(C=C2C(=O)c3cc(F)c(F)cc3C2=C(C#N)C#N)sc2c3c(sc12)-c1c(c2c(c4nn(C)nc14)c1sc4c(CCCCCCCCCCC)c(C=C5C(=O)c6cc(F)c(F)cc6C5=C(C#N)C#N)sc4c1n2C(CC)CC)C3CC(CC)CC,-5.65,4.56,1377.823,-0.0286818575801093,0.00693436050522945
CCCCCCCCCCCc1c(C=C2C(=O)c3cc(F)c(F)cc3C2=C(C#N)C#N)sc2c3c(sc12)-c1c(c2c(c4nn(CC(CC)CCCC)nc14)c1sc4c(CCCCCCCCCCC)c(C=C5C(=O)c6cc(F)c(F)cc6C5=C(C#N)C#N)sc4c1n2C(CC)CC)C3CC(CC)CC,-5.65,4.56,1476.012,-0.0262689060076311,0.00954824379197167
CCCCCCCCCCCc1c(C=C2C(=O)c3cc(F)c(F)cc3C2=C(C#N)C#N)sc2c1sc1c3c4nsnc4c4c5sc6c(CCCCCCCCCCC)c(C=C7C(=O)c8c(csc8Cl)C7=C(C#N)C#N)sc6c5n(CC(CC)CCCC)c4c3n(CC(CC)CCCC)c21,-5.65,4.33,1456.465,-0.0274335379722786,0.00688189570205465
CCCCCCCCc1c(C=C2C(=O)C3C(=CSC3Cl)C2=C(C#N)C#N)sc2c1SC1c3c(c4c(c5nsnc35)c3sc5c(CCCCCCCC)c(C=C6C(=O)C7=C(Cl)SCC7C6=C(C#N)C#N)sc5c3n4CC(CC)CCCC)N(CC(CC)CCCC)C21,-5.65,4.1,1382.845,-0.0047893379319852,0.0160236622510594
CCCCCCCCC/C=C/c1c(C=C2C(=O)c3cc(F)c(F)cc3C2=C(C#N)C#N)sc2c1sc1c3c4nsnc4c4c5sc6c(CCCCCCCCCCC)c(C=C7C(=O)c8cc(-c9cc%10c(s9)c9cc(-c%11ccc%12c(c%11)C(=O)C(=Cc%11sc%13c(sc%14c%15c%16nsnc%16c%16c%17sc%18c(CCCCCCCCCCC)c(C=C%19C(=O)c%20cc(F)c(F)cc%20C%19=C(C#N)C#N)sc%18c%17n(CC(CCCCCC)CCCCCCCC)c%16c%15n(CC(CCCCCC)CCCCCCCC)c%13%14)c%11CCCCCCCCCCC)C%12=C(C#N)C#N)sc9c9cc(-c%11ccc%12c(c%11)C(=C(C#N)C#N)C(=Cc%11sc%13c(sc%14c%15c%16nsnc%16c%16c%17sc%18c(CCCCCCCCCCC)c(C=C%19C(=O)c%20cc(F)c(F)cc%20C%19=C(C#N)C#N)sc%18c%17n(CC(CCCCC)CCCCCCCC)c%16c%15n(CC(CCCCCC)CCCCCCCC)c%13%14)c%11CCCCCCCCCCC)C%12=O)sc%109)ccc8C7=C(C#N)C#N)sc6c5n(CC(CCCCCC)CCCCCCCCC)c4c3n(CC(CCCCCC)CCCCCCCC)c21,-5.67,12.3,5159.58600000001,-0.0106946858162548,0.00824410139160941
CCCCCCC/C=C/c1c(C=C2C(=O)c3cc(F)c(F)cc3C2=C(C#N)C#N)sc2c1sc1c3c4nsnc4c4c5sc6c(CCCCCCCCC)c(C=C7C(=O)c8cc(-c9cc%10c(s9)c9cc(-c%11ccc%12c(c%11)C(=O)C(=Cc%11sc%13c(sc%14c%15c%16nsnc%16c%16c%17sc%18c(CCCCCCCCC)c(C=C%19C(=O)c%20cc(F)c(F)cc%20C%19=C(C#N)C#N)sc%18c%17n(CC(CCCCCC)CCCCCC)c%16c%15n(CC(CCCCCC)CCCCCC)c%13%14)c%11CCCCCCCCC)C%12=C(C#N)C#N)sc9c9cc(-c%11ccc%12c(c%11)C(=C(C#N)C#N)C(=Cc%11sc%13c(sc%14c%15c%16nsnc%16c%16c%17sc%18c(CCCCCCCCC)c(C=C%19C(=O)c%20cc(F)c(F)cc%20C%19=C(C#N)C#N)sc%18c%17n(CC(CCCCC)CCCCCC)c%16c%15n(CC(CCCCCC)CCCCCC)c%13%14)c%11CCCCCCCCC)C%12=O)sc%109)ccc8C7=C(C#N)C#N)sc6c5n(CC(CCCCCC)CCCCCCC)c4c3n(CC(CCCCCC)CCCCCC)c21,-5.66,12.3,4822.93800000001,-0.0107059752815358,0.00812274379624651
CCCCCCCCCCCc1c(C=C2C(=O)c3cc(F)c(F)cc3C2=C(C#N)C#N)sc2c1sc1c3c4nsnc4c4c5sc6c(CCCCCCCCCCC)c(/C=C7\C(=O)c8cc(F)c(F)cc8C7C(C#N)C#N)sc6c5n(CC(CC)CCCC)c4c3n(CC(CC)CCCC)c21,-5.71,4.56,1453.987,-0.0208741115893629,0.00984416651638918
CCCCCCCCCCCc1c(C=C2C(=O)c3cc(F)c(F)cc3C2=C(C#N)C#N)sc2c1sc1c3c4nsnc4c4c5sc6c(CCCCCCCCCCC)c(/C=C7\C(=O)c8cc(F)c(F)cc8C7C(C#N)C#N)sc6c5n(CC(CCC)CCCCC)c4c3n(CC(CCC)CCCCC)c21,-5.63,4.56,1510.095,-0.01915920041119,0.0109812306858619
CCCCCCCCCCCc1c(C=C2C(=O)c3cc(F)c(F)cc3C2=C(C#N)C#N)sc2c1sc1c3c4nsnc4c4c5sc6c(CCCCCCCCCCC)c(/C=C7\C(=O)c8cc(F)c(F)cc8C7C(C#N)C#N)sc6c5n(CC(CCCCC)CCCCCCC)c4c3n(CC(CCCCC)CCCCCCC)c21,-5.71,4.56,1622.311,-0.0190139767226319,0.0131992193328367
CCCCCCCCCCCc1c(C=C2C(=O)c3cc(F)c(F)cc3C2=C(C#N)C#N)sc2c1sc1c3c4nsnc4c4c5sc6c(CCCCCCCCCCC)c(/C=C7\C(=O)c8cc(F)c(F)cc8C7C(C#N)C#N)sc6c5n(CC(CCCCCC)CCCCCCCC)c4c3n(CC(CCCCCC)CCCCCCCC)c21,-5.73,4.56,1678.419,-0.019661921763314,0.010242788348795
CCCCCCCCCCCc1c2sc3c1sc1c4c5nsnc5c5c6sc7c(CCCCCCCCCCC)c(C=C8C(=O)c9cc(F)c(F)cc9C8=C(C#N)C#N)sc7c6n(C(CCCCCCC)CCCCCCCCC)c5c4n(c31)CC(CCCCCCCCC)CCCCCC[F+]c1cc3c(cc1F)C(=C(C#N)C#N)C(C2)C3=O,-5.65,4.56,1705.465,-0.0205614042614989,0.00831764411239053
CCCCCCCCCCCc1c(C=C2C(=O)c3cc(F)c(F)cc3C2=C(C#N)C#N)sc2c1sc1c3c4nsnc4c4c5sc6c(CCCCCCCCCCC)c(/C=C7\C(=O)c8cc(F)c(F)cc8C7C(C#N)C#N)sc6c5n(CC(CCCCCCCC)CCCCCCCCCC)c4c3n(CC(CCCCCCCC)CCCCCCCCCC)c21,-5.63,4.56,1790.635,-0.0143059425129918,0.00695620835426782
CCCCC(CC)CC1c2c(sc3c(CCCCCCCCCCC4CCCCC4)c(C=C4C(=O)c5cc(Cl)c(Cl)cc5C4=C(C#N)C#N)sc23)-c2c1c1c(c3nsnc23)c2sc3c(CCCCCCCCCCCC4CCCCC4)c(C=C4C(=O)c5cc(Cl)c(Cl)cc5C4=C(C#N)C#N)sc3c2n1CC(CC)CCCC,-5.79,4.56,1667.068,-0.0285340032371299,0.00898498850516018
CCCCC(CC)CC1c2c(sc3c(CCCCCCCCCCC4CCCCC4)c(C=C4C(=O)c5cc(F)c(F)cc5C4=C(C#N)C#N)sc23)-c2c1c1c(c3nsnc23)c2sc3c(CCCCCCCCCCCC4CCCCC4)c(C=C4C(=O)c5cc(F)c(F)cc5C4=C(C#N)C#N)sc3c2n1CC(CC)CCCC,-5.74,4.56,1601.248,-0.029298832998533,0.012120856785074
CCCCCCC(CCCC)CSc1cccc(-c2c(C=C3C(=O)c4cc(F)c(F)cc4C3=C(C#N)C#N)sc3c2sc2c4c5nsnc5c5c6sc7c(-c8cccc(SCC(CCCC)CCCCCC)c8)c(C=C8C(=O)c9cc(F)c(F)cc9C8=C(C#N)C#N)sc7c6n(CC(CC)CCCC)c5c4n(CC(CC)CCCC)c32)c1,-5.74,4.56,1696.355,-0.0198642662735921,0.0118011345783514
CCCCCCC(CCCC)COc1cccc(-c2c(C=C3C(=O)c4cc(F)c(F)cc4C3=C(C#N)C#N)sc3c2sc2c4c5nsnc5c5c6sc7c(-c8cccc(OCC(CCCC)CCCCCC)c8)c(C=C8C(=O)c9cc(F)c(F)cc9C8=C(C#N)C#N)sc7c6n(CC(CC)CCCC)c5c4n(CC(CC)CCCC)c32)c1,-5.72,4.56,1664.219,-0.0220311263805641,0.0078056218973295
CCCCCCCCC(CCCCCC)Cn1c2c3sc(C=C4C(=O)c5cc(F)c(F)cc5C4=C(C#N)C#N)c(CCCCC)c3sc2c2c3nsnc3c3c4sc5c(CCCCC)c(C=C6C(=O)c7cc(F)c(F)cc7C6=C(C#N)C#N)sc5c4n(CC(CCCCCC)CCCCCCCC)c3c21,-5.72,4.56,1508.079,-0.0271415486851846,0.0136026695295208
CCCCCCCCCCCc1c(C=C2C(=O)c3cc(F)c(F)cc3C2=C(C#N)C#N)sc2c3c(sc12)-c1c(c2c(c4nn(C)nc14)c1sc4c(CCCCCCCCCCC)c(C=C5C(=O)c6cc(F)c(F)cc6C5=C(C#N)C#N)sc4c1n2CC(CC)CCCC)C3CC(CC)CCCC,-5.65,4.56,1447.958,-0.0299326257339294,0.00961299042703672
CCCCCCCCCCCc1c(C=C2C(=O)c3cc(F)c(F)cc3C2=C(C#N)C#N)sc2c3c(sc12)-c1c(c2c(c4nn(CC(CC)CCCC)nc14)c1sc4c(CCCCCCCCCCC)c(C=C5C(=O)c6cc(F)c(F)cc6C5=C(C#N)C#N)sc4c1n2CC(CC)CCCC)C3CC(CC)CCCC,-5.66,4.56,1546.147,-0.0311370894480115,0.010098704184898
CCCCCCCCCCCc1c(C=C2C(=O)c3cc(F)c(F)cc3C2=C(C#N)C#N)sc2c3c(sc12)-c1c(c2c(c4nn(CCCCCC)nc14)c1sc4c(CCCCCCCCCCC)c(C=C5C(=O)c6cc(F)c(F)cc6C5=C(C#N)C#N)sc4c1n2CC(CC)CCCC)C3CC(CC)CCCC,-5.82,4.56,1518.093,-0.029837042956865,0.00963000183216456
CCCCCCCCCCCc1c(C=C2C(=O)c3cc(F)c(F)cc3C2=C(C#N)C#N)sc2c3c(sc12)-c1c(c2c(c4nn(CC(C)CC)nc14)c1sc4c(CCCCCCCCCCC)c(C=C5C(=O)c6cc(F)c(F)cc6C5=C(C#N)C#N)sc4c1n2CC(CC)CCCC)C3CC(CC)CCCC,-5.8,4.56,1504.066,-0.0280516278583168,0.00896123645117256
CCCCCCC(CCCC)Cn1c2c3sc(C=C4C(=O)c5cc(F)c(F)cc5C4=C(C#N)C#N)cc3sc2c2c3cscc3c3c4sc5cc(C=C6C(=O)c7cc(C)c(F)cc7C6=C(C#N)C#N)sc5c4n(CC(CC)CCCC)c3c21,-5.68,4.33,1193.546,-0.0315553157531035,0.00608203304820282
CCCCCCCCCCCc1c(/C=C2\C(=O)C3CC(F)=C(F)C=C3C2=C(C#N)C#N)sc2c1sc1c3c4nsnc4c4c5sc6c(c5n(CC5C=CC(CC(CCCCCC)CCCCCCCC)=CC5)c4c3n(CC(CCCCCC)CCCCCCCC)c21)SC(/C=C1\C(=O)C2CC(F)=C(F)C=C2C1=C(C#N)C#N)C6CCCCCCCCCCC,-5.68,4.56,1774.592,-0.0150565110402634,0.0110584237126698
CCCCCCCCCc1c(C=C2C(=O)c3cc(Cl)c(Cl)cc3C2=C(C#N)C#N)sc2c1sc1c3c(n(CC(CCCC)CCCCCC)c12)-c1c(c2sc4c(CCCCCCCCC)c(C=C5C(=O)c6cc(Cl)c(Cl)cc6C5=C(C#N)C#N)sc4c2n1CC(CCCC)CCCCCC)C1N=CC=NC31,-5.63,4.56,1569.886,-0.0242898624294971,0.0117948624859434
CCCCCCCCCc1c(C=C2C(=O)c3cc(Cl)c(Cl)cc3C2=C(C#N)C#N)sc2c1sc1c3c(n(CC(CCCC)CCCCCC)c12)-c1c(c2sc4c(CCCCCCCCC)c(C=C5C(=O)c6cc(Cl)c(Cl)cc6C5=C(C#N)C#N)sc4c2n1CC(CCCC)CCCCCC)C1N=C(c2cc(F)c(CC(CC)CCCC)s2)C(c2cc(F)c(CC(CC)CCCC)s2)=NC31,-5.68,5.02,1994.552,-0.00995439969688322,0.00673765289657325
CCCCCCCCCc1c(C=C2C(=O)c3cc(Cl)c(Cl)cc3C2=C(C#N)C#N)sc2c1sc1c3c(n(CC(CCCC)CCCCCC)c12)-c1c(c2sc4c(CCCCCCCCC)c(C=C5C(=O)c6cc(Cl)c(Cl)cc6C5=C(C#N)C#N)sc4c2n1CC(CCCC)CCCCCC)C1N=C(C(CC)CCCC)C(C(CC)CC)=NC31,-5.68,4.56,1738.21,-0.0212502514479478,0.00805863277275111
CCCCCCCCCc1c(C=C2C(=O)c3cc(Cl)c(Cl)cc3C2=C(C#N)C#N)sc2c1sc1c3c(n(CC(CCCC)CCCCCC)c12)-c1c(c2sc4c(CCCCCCCCC)c(C=C5C(=O)c6cc(Cl)c(Cl)cc6C5=C(C#N)C#N)sc4c2n1CC(CCCC)CCCCCC)C1N=C(c2ccc(CC(CC)CCCC)s2)C(c2ccc(CC(CC)CCCC)s2)=NC31,-5.58,4.56,1958.572,-0.0121800948167737,0.00656088705154565
CCCCCCCCCCCc1c(C=C2C(=O)c3cc4cc(F)c(F)cc4cc3C2=C(C#N)C#N)sc2c1sc1c3c4nsnc4c4c5sc6c(CCCCCCCCCCC)c(C=C7C(=O)c8cc9cc(F)c(F)cc9cc8C7=C(C#N)C#N)sc6c5n(CC(CC)CCCC)c4c3n(CCC(CC)CCCC)c21,-5.42,4.56,1566.118,-0.0264395209810098,0.0104491784523972
CCCCCCc1ccc(C2(c3ccc(CCCCCC)cc3)c3cc4c(cc3-c3sc5cc(/C=C6\C(=O)c7cc(F)c(F)cc7C6=C(C#N)C#N)sc5c32)C(c2ccc(CCCCCC)cc2)(c2ccc(CCCCCC)cc2)c2c-4sc3cc(/C=C4\C(=O)c5cc(F)c(F)cc5C4=C(C#N)C#N)sc23)cc1,-5.5,4.56,1499.944,-0.0217155336244985,0.0143086485539872
CCCCCCCCC(CCCCCC)Cn1c2c3sc(C=C4C(=O)c5ccc(-c6cc(Cl)c(Cl)c(Cl)c6)cc5C4=C(C#N)C#N)c(CCCCC)c3sc2c2c3nsnc3c3c4sc5c(CCCCC)c(C=C6C(=O)c7ccc(-c8cc(Cl)c(Cl)c(Cl)c8)cc7C6=C(C#N)C#N)sc5c4n(CC(CCCCCC)CCCCCCCC)c3c21,-5.58,5.02,1794.985,-0.0148612793423345,0.00957205101728557
CCCCCCCCCc1c(C=C2C(=O)c3cc(Cl)c(Cl)cc3C2=C(C#N)C#N)sc2c3c(sc12)-c1c(c2c(c4nsnc14)c1sc4c(CCCCCCCCC)c(C=C5C(=O)c6cc7cc(F)c(F)cc7cc6C5=C(C#N)C#N)sc4c1n2CC(CCCC)CCCCCC)C3CC(CCCC)CCCCCC,-5.52,4.56,1590.061,-0.0292091574857204,0.013194540491296
CCCCCCCCCCCc1c(C=C2C(=O)c3cc(Cl)c(Cl)cc3C2=C(C#N)C#N)sc2c3c(sc12)-c1c(c2c(c4nsnc14)c1sc4c(CCCCCCCCCCC)c(C=C5C(=O)c6cc7cc(F)c(F)cc7cc6C5=C(C#N)C#N)sc4c1n2CC(CCCC)CCCCCC)C3CC(CCCC)CCCCCC,-5.52,4.56,1646.169,-0.0277598211076294,0.0129247961023096
CCCCCCCCCCCc1c(C=C2C(=O)c3cc(Cl)c(Cl)cc3C2=C(C#N)C#N)sc2c3c(sc12)-c1c(c2c(c4nsnc14)c1sc4c(CCCCCCCCCCC)c(C=C5C(=O)c6cc(Cl)c(Cl)cc6C5=C(C#N)C#N)sc4c1n2CC(CCCC)CCCCCC)C3CC(CCCC)CCCCCC,-5.63,4.56,1629.019,-0.0281200525002277,0.0097093811288435
CCCCCCCCCCCc1c(C=C2C(=O)c3cc4cc(F)c(F)cc4cc3C2=C(C#N)C#N)sc2c3c(sc12)-c1c(c2c(c4nsnc14)c1sc4c(CCCCCCCCCCC)c(C=C5C(=O)c6cc7cc(F)c(F)cc7cc6C5=C(C#N)C#N)sc4c1n2CC(CCCC)CCCCCC)C3CC(CCCC)CCCCCC,-5.63,4.56,1663.319,-0.0222387481592393,0.0113880632199775
CCCCCCCCCCCc1c(C=C2C(=O)c3cc4cc(F)c(F)cc4cc3C2=C(C#N)C#N)sc2c1sc1c3c4nsnc4c4c5sc6c(CCCCCCCCCCC)c(C=C7C(=O)c8cc9cc(F)c(F)cc9cc8C7=C(C#N)C#N)sc6c5n(C(=O)OCC(CCCC)CCCCCC)c4c3n(C(=O)OCC(CCCC)CCCCCC)c21,-5.65,6.46,1752.325,-0.0186856599628562,0.00998939807364676
CCCCCCCCCCCc1c(C=C2C(=O)c3cc(Cl)c(Cl)cc3C2=C(C#N)C#N)sc2c1sc1c3c4nsnc4c4c5sc6c(CCCCCCCCCCC)c(C=C7C(=O)c8cc9cc(F)c(F)cc9cc8C7=C(C#N)C#N)sc6c5n(C(=O)OCC(CCCC)CCCCCC)c4c3n(C(=O)OCC(CCCC)CCCCCC)c21,-5.54,6.46,1735.175,-0.0246369470111974,0.00790371053309644
CCCCCCCCCc1c(C=C2C(=O)c3cc(Cl)c(Cl)cc3C2=C(C#N)C#N)sc2c1sc1c3c4nsnc4c4c5sc6c(CCCCCCCCC)c(C=C7C(=O)c8cc9cc(F)c(F)cc9cc8C7=C(C#N)C#N)sc6c5n(C(=O)OCC(CCCC)CCCCCC)c4c3n(C(=O)OCC(CCCC)CCCCCC)c21,-5.71,6.46,1679.067,-0.0219292395245468,0.00891060710527063
CCCCCCCCCCCc1c(C=C2C(=O)c3cc(F)c(F)cc3C2=C(C#N)C#N)sc2c1sc1c3c4nc5c6ccccc6c6ccccc6c5nc4c4c5sc6c(CCCCCCCCCCC)c(C=C7C(=O)c8cc(F)c(F)cc8C7=C(C#N)C#N)sc6c5n(CC(CCCC)CCCCCC)c4c3n(CC(CCCC)CCCCCC)c21,-5.67,4.56,1708.338,-0.0221959024819009,0.00687702412852062
CCCCCCCCCCCCC(CCCCCCCCCC)CN1Cc2c(c3nsnc3c3c4sc5c(CCCCCCCCCCC)c(C=C6C(=O)c7cc(CC)ccc7C6=C(C#N)C#N)sc5c4n(CC(CCCCCCCCCC)CCCCCCCCCCCC)c23)-c2sc3c(CCCCCCCCCCC)c(C=C4C(=O)c5cc(-c6sc(C)c(F)c6F)ccc5C4=C(C#N)C#N)sc3c21,-5.65,4.1,2003.09,-0.0102782490879741,0.00651188534028133
CCCCCCCCCCCCC(CCCCCCCCCC)CN1Cc2c(c3nsnc3c3c4sc5c(CC(CCCC)CCCCCC)c(C=C6C(=O)c7cc(CC)ccc7C6=C(C#N)C#N)sc5c4n(CC(CCCCCCCCCC)CCCCCCCCCCCC)c23)-c2sc3c(CC(CCCC)CCCCCC)c(C=C4C(=O)c5cc(-c6sc(C)c(F)c6F)ccc5C4=C(C#N)C#N)sc3c21,-5.64,4.1,2031.144,-0.0104211137489272,0.00525295473545964
CCCCCCCCCCCCC(CCCCCCCCCC)CN1Cc2c(c3nsnc3c3c4sc5c(CC(CCCC)CCCCCC)c(C=C6C(=O)c7cc(CC)ccc7C6=C(C#N)C#N)sc5c4n(CC(CCCCCCCCCC)CCCCCCCCCCCC)c23)-c2sc3c(CC(CCCC)CCCCCC)c(C=C4C(=O)c5cc(-c6ccc(C)s6)ccc5C4=C(C#N)C#N)sc3c21,-5.65,3.64,1995.164,-0.0116380358722311,0.00635088746531526
CCCCCCCCCCCc1c(C=C2C(=O)c3cc(Br)c(Br)cc3C2=C(C#N)C#N)sc2c1sc1c3c4nc5cc(Br)c(Br)cc5nc4c4c5sc6c(CCCCCCCCCCC)c(C=C7C(=O)c8cc(Br)c(Br)cc8C7=C(C#N)C#N)sc6c5n(CC(CCCCCC)CCCCCCCC)c4c3n(CC(CCCCCC)CCCCCCCC)c21,-5.67,5.02,2121.85,-0.0102138356941218,0.00620493625620586
CCCCCCCCCCCc1c(C=C2C(=O)c3cc(F)c(F)cc3C2=C(C#N)C#N)sc2c1sc1c3c4nc5cc(C)c(Br)cc5nc4c4c5sc6c(CCCCCCCCCCC)c(C=C7C(=O)c8cc(F)c(F)cc8C7=C(C#N)C#N)sc6c5n(CC(CCCCCC)CCCCCCCC)c4c3n(CC(CCCCCC)CCCCCCCC)c21,-5.3,4.79,1813.357,-0.0173167564185372,0.00890876925527819
CCCCCCCCCCCc1c(C=C2C(=O)c3cc(F)c(F)cc3C2=C(C#N)C#N)sc2c1sc1c3c4nc5cc(C)c(C)cc5nc4c4c5sc6c(CCCCCCCCCCC)c(C=C7C(=O)c8cc(F)c(F)cc8C7=C(C#N)C#N)sc6c5n(CC(CCCCCC)CCCCCCCC)c4c3n(CC(CCCCCC)CCCCCCCC)c21,-5.3,4.56,1748.488,-0.0182329366697256,0.0080538189665379
CCCCCCCCCCCc1c(C=C2C(=O)c3cc(F)c(F)cc3C2=C(C#N)C#N)sc2c1sc1c3c4nc5cc(Br)c(Br)cc5nc4c4c5sc6c(CCCCCCCCCCC)c(C=C7C(=O)c8cc(F)c(F)cc8C7=C(C#N)C#N)sc6c5n(CC(CCCCCC)CCCCCCCC)c4c3n(CC(CCCCCC)CCCCCCCC)c21,-5.68,5.02,1878.226,-0.013593657530343,0.00886938004462201
CCCCCCCCCc1c(C=C2C(=O)c3c(ccc(Cl)c3Cl)C2=C(C#N)C#N)sc2c1sc1c3c4nsnc4c4c5sc6c(CCCCCCCCC)c(C=C7C(=O)c8c(ccc(Cl)c8Cl)C7=C(C#N)C#N)sc6c5n(CC(CCCC)CCCCCC)c4c3n(CC(CCCC)CCCCCC)c21,-5.68,4.56,1573.899,-0.0288473129445986,0.0154041070760473
CCCCCCCCC(CCCCCC)Cc1c(C=C2C(=O)c3cc(F)c(F)cc3C2=C(C#N)C#N)sc2c1sc1c3c4nsnc4c4c5sc6c(C(CCCCCC)CCCCCCCC)c(C=C7C(=O)c8cc(F)c(F)cc8C7=C(C#N)C#N)sc6c5n(CC(CC)CCCC)c4c3n(CC(CC)CCCC)c21,-5.68,4.56,1578.214,-0.0278686691935666,0.0101720858327017
CCCCCCCCCCC(CCCCCCCC)Cc1c(C=C2C(=O)c3cc(F)c(F)cc3C2=C(C#N)C#N)sc2c1sc1c3c4nsnc4c4c5sc6c(C(CCCCCCCC)CCCCCCCCCC)c(C=C7C(=O)c8cc(F)c(F)cc8C7=C(C#N)C#N)sc6c5n(CC(CC)CCCC)c4c3n(CC(CC)CCCC)c21,-5.68,4.56,1690.43,-0.0248017197349081,0.00929607970460214
CCCCC(CC)CC1c2c(sc3cc(C=C4C(=O)c5cc(F)c(F)cc5C4=C(C#N)C#N)sc23)-c2c1c1c(c3nn(CC(CC)CCCC)nc23)c2sc3cc(C=C4C(=O)c5cc(F)c(F)cc5C4=C(C#N)C#N)sc3c2n1CC(CC)CCCC,-5.66,4.56,1237.553,-0.0300764856077548,0.00695621090264098
CCCCCCc1c(C=C2C(=O)c3cc(F)c(F)cc3C2=C(C#N)C#N)sc2c3c(sc12)-c1c(c2c(c4nn(CC(CC)CCCC)nc14)c1sc4c(CCCCCC)c(C=C5C(=O)c6cc(F)c(F)cc6C5=C(C#N)C#N)sc4c1n2CC(CC)CCCC)C3CC(CC)CCCC,-5.72,4.56,1405.877,-0.0283315052575972,0.0069285434720486
CCOc1c(/C=C2\C(=O)c3cc(F)c(F)cc3C2=C(C#N)C#N)sc2c1sc1c3c4nsnc4c4c5sc6c(OCC)c(/C=C7\C(=O)c8cc(F)c(F)cc8C7=C(C#N)C#N)sc6c5n(CC)c4c3n(CC)c21,-5.74,4.56,1063.159,-0.0337225695026077,0.0214471510758295
CCCCCCCCCCCc1c(C=C2C(=O)c3cc(Br)c(F)cc3C2=C(C#N)C#N)sc2c1sc1c3c4nsnc4c4c5sc6c(CCCCCCCCCCC)c(C=C7C(=O)c8cc(Br)c(F)cc8C7=C(C#N)C#N)sc6c5n(CC(CCCC)CCCCCC)c4c3n(CC(CCCC)CCCCCC)c21,-5.54,4.56,1685.999,-0.026542773121704,0.0125401394715284
CCCCCCCCCCCc1c(C=C2C(=O)c3cc(Cl)c(F)cc3C2=C(C#N)C#N)sc2c1sc1c3c4nsnc4c4c5sc6c(CCCCCCCCCCC)c(C=C7C(=O)c8cc(Cl)c(F)cc8C7=C(C#N)C#N)sc6c5n(CC(CCCC)CCCCCC)c4c3n(CC(CCCC)CCCCCC)c21,-5.68,4.56,1597.097,-0.0289981345082169,0.0123431156752341
CCCCCCCCCCCc1c(C=C2C(=O)c3cc(Br)c(Cl)cc3C2=C(C#N)C#N)sc2c1sc1c3c4nsnc4c4c5sc6c(CCCCCCCCCCC)c(C=C7C(=O)c8cc(Br)c(Cl)cc8C7=C(C#N)C#N)sc6c5n(CC(CCCC)CCCCCC)c4c3n(CC(CCCC)CCCCCC)c21,-5.67,4.56,1718.909,-0.0242471212345974,0.01001838473323
CCCCCCC(CCCC)Cc1c(C=C2C(=O)C3=C(C=CC(Br)C=C3)C2=C(C#N)C#N)sc2c1sc1c3c4nsnc4c4c5sc6c(CC(CCCC)CCCCCC)c(C=C7C(=O)C8=C(C=CC(Br)C=C8)C7=C(C#N)C#N)sc6c5n(CC(CC)CCCC)c4c3n(CC(CC)CCCC)c21,-5.63,4.1,1593.911,-0.030478247043246,0.00760760650887243
CCCCCCCCCCCCC(CCCCCCCCCC)Cn1c2c3sc(C=C4C(=O)c5cc(C)ccc5C4=C(C#N)C#N)c(CCCCCCCCCCC)c3sc2c2c3nsnc3c3c4sc5c(CCCCCCCCCCC)c(C=C6C(=O)c7cc(-c8ccc(Cc9ccc%10c(c9)C(=O)C(=Cc9sc%11c(sc%12c%13c%14nsnc%14c%14c%15sc%16c(CC(CCCC)CCCCCC)c(C=C%17C(=O)c%18cc(-c%19ccc(C(C)(C)C)s%19)ccc%18C%17=C(C#N)C#N)sc%16c%15n(CC(CCCCCCCCCC)CCCCCCCCCCCC)c%14c%13n(CC(CCCCCCCCCC)CCCCCCCCCCCC)c%11%12)c9CC(CCCC)CCCCCC)C%10=C(C#N)C#N)s8)ccc7C6=C(C#N)C#N)sc5c4n(CC(CCCCCCCCCC)CCCCCCCCCCCC)c3c21,-5.59,7.28,3932.204,-0.00913050623001483,0.00673899998371868
CCc1c(/C=C2\C(=O)c3cc(Cl)c(Cl)cc3C2=C(C#N)C#N)sc2c1sc1c3c4nsnc4c4c5sc6c(CC)c(/C=C7\C(=O)c8cc(Cl)c(Cl)cc8C7=C(C#N)C#N)sc6c5n(CC)c4c3n(CC)c21,-5.7,4.56,1096.981,-0.035863935435839,0.0153711405974482
CCCCCCCCCCCc1c(C=C2C(=O)c3cc(Cl)c(Cl)cc3C2=C(C#N)C#N)sc2c1sc1c3c4nsnc4c4c5sc6c(CCCCCCCCCCC)c(C=C7C(=O)c8cc(Cl)c(Cl)cc8C7=C(C#N)C#N)sc6c5n(CC(CCCCCC)CCCCCCCC)c4c3n(CC(CCCCCC)CCCCCCCC)c21,-5.58,4.56,1742.223,-0.0178259031357596,0.0103504954271865
CCCCCCCCCCCc1c(C=C2C(=O)c3cc(F)c(F)cc3C2=C(C#N)C#N)sc2c1sc1c3c4nc(-c5ccccc5)c(-c5ccccc5)nc4c4c5sc6c(CCCCCCCCCCC)c(C=C7C(=O)c8cc(F)c(F)cc8C7=C(C#N)C#N)sc6c5n(CC(CCCC)CCCCCC)c4c3n(CC(CCCC)CCCCCC)c21,-5.72,4.56,1710.354,-0.0186757764220365,0.00846929578842392
CCCCCCCCCCCc1c(C=C2C(=O)c3cc(Cl)c(Cl)cc3C2=C(C#N)C#N)sc2c1SC1c3c(c4c(c5nsnc35)c3sc5c(CCCCCCCCCCC)c(C=C6C(=O)c7cc(Cl)c(Cl)cc7C6=C(C#N)C#N)sc5c3n4CC(CC)CCCC)N(CC(CC)CCCC)C21,-5.68,4.56,1519.807,-0.0243516467212922,0.00921780569406347
CCc1c(/C=C2\C(=O)c3ccc(Cl)cc3C2=C(C#N)C#N)sc2c1sc1c3c4nsnc4c4c5sc6c(CC)c(/C=C7\C(=O)c8cc(Cl)c(Cl)cc8C7=C(C#N)C#N)sc6c5n(CC)c4c3n(CC)c21,-5.67,4.33,1062.536,-0.0388484688484712,0.0184002927814576
CCc1c(/C=C2\C(=O)c3ccc(Cl)cc3C2=C(C#N)C#N)sc2c1sc1c3c4nsnc4c4c5sc6c(CC)c(/C=C7\C(=O)c8cc(F)c(F)cc8C7=C(C#N)C#N)sc6c5n(CC)c4c3n(CC)c21,-5.58,4.33,1029.626,-0.0372520786294931,0.0262995175302746
CCc1ccc(C2(c3ccc(CC)cc3)c3cc4c(cc3-c3sc(/C=C5\C(=O)c6ccccc6C5=C(C#N)C#N)cc32)C(c2ccc(CC)cc2)(c2ccc(CC)cc2)c2cc(/C=C3\C(=O)c5ccccc5C3=C(C#N)C#N)sc2-4)cc1,-5.42,3.64,1091.374,-0.0323976978119723,0.0134476358024378
CCc1c(/C=C2\C(=O)c3cc(F)c(F)cc3C2=C(C#N)C#N)sc2c1sc1c3c4nccnc4c4c5sc6c(CC)c(/C=C7\C(=O)c8cc(F)c(F)cc8C7=C(C#N)C#N)sc6c5n(CC)c4c3n(CC)c21,-5.64,4.56,1025.132,-0.0351479208390045,0.0263812007026197
CCc1c(/C=C2\C(=O)c3cc(F)c(F)cc3C2=C(C#N)C#N)sc2c1sc1c3c4nc(C)c(C)nc4c4c5sc6c(CC)c(/C=C7\C(=O)c8cc(F)c(F)cc8C7=C(C#N)C#N)sc6c5n(CC)c4c3n(CC)c21,-5.62,4.56,1053.186,-0.0390767698941418,0.019851522414079
CCCCCCCc1c(C=C2C(=O)c3cc(Cl)c(Cl)cc3C2=C(C#N)C#N)sc2c1sc1c3c4nsnc4c4c5sc6c(CCCCCCC)c(C=C7C(=O)c8cc(Cl)c(Cl)cc8C7=C(C#N)C#N)sc6c5n(CC(CCCC)CCCCCC)c4c3n(CC(CCCC)CCCCCC)c21,-5.63,4.56,1517.791,-0.0284637492252508,0.0120671829176022
CCCCCCCCCCCc1c(C=C2C(=O)c3cc(F)c(F)cc3C2=C(C#N)C#N)sc2c1sc1c3c4nsnc4c4c5sc(C=C6C(=O)c7cc(F)c(F)cc7C6=C(C#N)C#N)c(OCCCCCCCCCC)c5n(CC(CCCC)CCCCCCCC)c4c3n(CC(CCCC)CCCCCCCC)c21,-5.53,4.56,1566.178,-0.0269402101432795,0.0107140400161207
CCCCCCCCCCCc1c(C=C2C(=O)c3cc(F)c(F)cc3C2=C(C#N)C#N)sc2c3c4nsnc4c4c5sc6c(OCCCCCCCCCC)c(C=C7C(=O)c8cc(F)c(F)cc8C7=C(C#N)C#N)sc6c5n(CC(CCCC)CCCCCCCC)c4c3n(CC(CCCC)CCCCCCCC)c12,-5.57,4.56,1566.178,-0.024749737385464,0.012314620960783
CCCCCCCCCCCc1c(C=C2C(=O)c3cc(I)c(I)cc3C2=C(C#N)C#N)sc2c1sc1c3c4nsnc4c4c5sc6c(CCCCCCCCCCC)c(C=C7C(=O)c8cc(I)c(I)cc8C7=C(C#N)C#N)sc6c5n(CC(CCCC)CCCCCC)c4c3n(CC(CCCC)CCCCCC)c21,-5.56,4.56,1995.811,-0.0174599259090998,0.00722976715443896
CCCCCCCCCCCc1c(C=C2C(=O)c3cc(Br)c(Br)cc3C2=C(C#N)C#N)sc2c1sc1c3c4nsnc4c4c5sc6c(CCCCCCCCCCC)c(C=C7C(=O)c8cc(Br)c(Br)cc8C7=C(C#N)C#N)sc6c5n(CC(CC)CCCC)c4c3n(CC(CC)CCCC)c21,-5.71,4.56,1695.595,-0.0275302799262743,0.00848030582803117
CCc1c(/C=C2\C(=O)c3cc(Br)c(Br)cc3C2=C(C#N)C#N)sc2c1sc1c3c4nsnc4c4c5sc6c(CC)c(/C=C7\C(=O)c8cc(Br)c(Br)cc8C7=C(C#N)C#N)sc6c5n(CC)c4c3n(CC)c21,-5.71,4.56,1274.785,-0.0371442788247938,0.0132392085374652
CCc1c(/C=C2\C(=O)c3ccc(Br)cc3C2=C(C#N)C#N)sc2c1sc1c3c4nsnc4c4c5sc6c(CC)c(/C=C7\C(=O)c8ccc(Br)cc8C7=C(C#N)C#N)sc6c5n(CC)c4c3n(CC)c21,-5.71,4.1,1116.993,-0.0395432883989914,0.0220551916687656
CCOc1ccc(C2(c3ccc(OCC)cc3)c3cc(/C=C4\C(=O)c5cc(Cl)c(Cl)cc5C4=C(C#N)C#N)sc3-c3ccc4cc5c6c(ccc5cc4c32)-c2sc(/C=C3\C(=O)c4cc(Cl)c(Cl)cc4C3=C(C#N)C#N)cc2C6(c2ccc(OCC)cc2)c2ccc(OCC)cc2)cc1,-5.63,4.56,1393.27,-0.0260201863574061,0.0129104454731168
CCCCCCCCCc1c(C=C2C(=O)c3cc(F)c(F)cc3C2=C(C#N)C#N)sc2c1sc1c3c4nsnc4c4c5sc6c(CCCCCCCCC)c(C=C7C(=O)c8cc(F)c(F)cc8C7=C(C#N)C#N)sc6c5n(CC(CCCC)CCCCCC)c4c3n(CC(CCCC)CCCCC)c21,-5.63,4.56,1494.052,-0.0264895830971552,0.00925709959774513
CCc1c(C=C2C(=O)c3cc(F)c(F)cc3C2=C(C#N)C#N)sc2c1sc1c2sc2c3c4nsnc4c4c5sc6c(CC)c(C=C7C(=O)c8cc(F)c(F)cc8C7=C(C#N)C#N)sc6c5n(CC)c4c3n(CC)c12,-5.63,4.56,1087.25,-0.0380546968868392,0.0198976708278239
CCc1c(C=C2C(=O)c3cc(F)c(F)cc3C2=C(C#N)C#N)sc2c1sc1c2sc2c3c4nsnc4c4c5sc(C=C6C(=O)c7cc(F)c(F)cc7C6=C(C#N)C#N)c(CC)c5n(CC)c4c3n(CC)c12,-5.65,4.56,1031.161,-0.0365010486641046,0.0261327167334236
CCN1C(=O)c2ccc3c4ccc5c6c(cc(-c7cc8c9c(ccc%10c%11ccc%12c%13c(ccc(c7c9%10)c%13%11)C(=O)N(CC)C%12=O)C(=O)N(CC)C8=O)c(c7ccc(c2c37)C1=O)c64)C(=O)N(CC)C5=O,-5.55,4,890.908,-0.0158102148271339,0.0274942700427064
CCN1C(=O)c2ccc3c4c(F)cc5c6c(cc(-c7cc8c9c(cc(F)c%10c%11ccc%12c%13c(cc(F)c(c7c9%10)c%13%11)C(=O)N(CC)C%12=O)C(=O)N(CC)C8=O)c(c7c(F)cc(c2c37)C1=O)c64)C(=O)N(CC)C5=O,-5.68,4.92,962.868,-0.0193897628810433,0.0252468167962787
CCCCCCCCCCCc1c(C=C2C(=O)c3cc(C(F)(F)F)ccc3C2=C(C#N)C#N)sc2c1sc1c3c4nsnc4c4c5sc6c(CCCCCCCCCCC)c(C=C7C(=O)c8cc(C(F)(F)F)ccc8C7=C(C#N)C#N)sc6c5n(CC(CC)CCCC)c4c3n(CC(CC)CCCC)c21,-5.69,5.02,1516.005,-0.0272214247109586,0.00770753113992943
CCCCCCCCCCCc1c(C=C2C(=O)c3cc(C(F)(F)F)ccc3C2=C(C#N)C#N)sc2c1sc1c3c4nsnc4c4c5sc6c(CCCCCCCCCCC)c(C=C7C(=O)c8cc(Cl)c(Cl)cc8C7=C(C#N)C#N)sc6c5n(CC(CC)CCCC)c4c3n(CC(CC)CCCC)c21,-5.69,4.79,1516.898,-0.0288115175249773,0.0124694667651022
CCCCCCCCCCCc1c(C=C2C(=O)c3c(cc(F)c(F)c3F)C2=C(C#N)C#N)sc2c1sc1c3c4nsnc4c4c5sc6c(CCCCCCCCCCC)c(C=C7C(=O)c8c(cc(F)c(F)c8F)C7=C(C#N)C#N)sc6c5n(CC(CCCC)CCCCCC)c4c3n(CC(CCCC)CCCCCC)c21,-5.91,5.02,1600.167,-0.0252936767864999,0.014191704272888
CCCCCCCCCCCc1c(C=C2C(=O)c3ccc(F)cc3C2=C(C#N)C#N)sc2c1sc1c3c4nsnc4c4c5sc6c(CCCCCCCCCCC)c(C=C7C(=O)c8ccc(F)cc8C7=C(C#N)C#N)sc6c5n(CC(CCCC)CCCCCC)c4c3n(CC(CCCC)CCCCCC)c21,-5.87,4.1,1528.207,-0.0287631350033364,0.011026695796312
CCOc1cc(-c2cc(-c3ccc(CC)cc3)c(/C=C3\C(=O)c4cc(Cl)c(Cl)cc4C3=C(C#N)C#N)s2)c(OCC)cc1-c1cc(-c2ccc(CC)cc2)c(/C=C2\C(=O)c3cc(Cl)c(Cl)cc3C2=C(C#N)C#N)s1,-5.59,4.56,1084.934,-0.0303685269678413,0.00725525744480071
CCOc1cc(-c2cc(-c3ccc(CC)cc3)c(/C=C3\C(=O)c4cc(F)c(F)cc4C3=C(C#N)C#N)s2)c(OCC)cc1-c1cc(-c2ccc(CC)cc2)c(/C=C2\C(=O)c3cc(F)c(F)cc3C2=C(C#N)C#N)s1,-5.66,4.56,1019.114,-0.0328361092071878,0.0173710213008894
CCc1c(/C=C2\C(=O)c3cc(F)c(F)cc3C2=C(C#N)C#N)sc2c1sc1c3c4nsnc4c4c5sc6c7sc(/C=C8\C(=O)c9cc(F)c(F)cc9C8=C(C#N)C#N)cc7n(CC)c6c5n(CC)c4c3n(CC)c21,-5.71,4.56,1070.198,-0.0362959249010698,0.0220670789654006
CCn1c2cc(/C=C3\C(=O)c4cc(F)c(F)cc4C3=C(C#N)C#N)sc2c2sc3c(c21)C(c1ccccc1)(c1ccccc1)c1cc2c(cc1-3)C(c1ccccc1)(c1ccccc1)c1c-2sc2cc(/C=C3\C(=O)c4cc(F)c(F)cc4C3=C(C#N)C#N)sc12,-5.76,4.56,1230.387,-0.0427644802664537,0.00858753844794014
CCc1c(/C=C2\C(=O)c3cc(F)c(F)cc3C2=C(C#N)C#N)sc2c3c4nsnc4c4c5sc6c7sc(/C=C8\C(=O)c9cc(F)c(F)cc9C8=C(C#N)C#N)cc7n(CC)c6c5n(CC)c4c3n(CC)c12,-5.45,4.56,1014.109,-0.0330128384322528,0.0268359862359992
CCC1(CC)Oc2ccsc2-c2sc(-c3ccc4c(c3)C(=O)/C(=C\c3cc5sc6c(c5s3)C(CC)(CC)c3cc5c(cc3-6)C(CC)(CC)c3c-5sc5cc(/C=C6\C(=O)c7ccc(-c8cc9c(s8)-c8sc(-c%10ccc%11c(c%10)C(=O)/C(=C\c%10cc%12sc%13c(c%12s%10)C(CC)(CC)c%10cc%12c(cc%10-%13)C(CC)(CC)c%10c-%12sc%12cc(/C=C%13\C(=O)c%14ccccc%14C%13=C(C#N)C#N)sc%10%12)C%11=C(C#N)C#N)cc8C(CC)(CC)O9)cc7C6=C(C#N)C#N)sc35)C4=C(C#N)C#N)cc21,-5.45,7.28,2293.048,-0.0101727129768997,0.00546997557729466
CCC1(CC)c2ccsc2-c2sc(-c3ccc4c(c3)C(=O)/C(=C\c3cc5sc6c(c5s3)C(CC)(CC)c3cc5c(cc3-6)C(CC)(CC)c3c-5sc5cc(/C=C6\C(=O)c7ccc(-c8cc9c(s8)-c8sc(-c%10ccc%11c(c%10)C(=O)/C(=C\c%10cc%12sc%13c(c%12s%10)C(CC)(CC)c%10cc%12c(cc%10-%13)C(CC)(CC)c%10c-%12sc%12cc(/C=C%13\C(=O)c%14ccccc%14C%13=C(C#N)C#N)sc%10%12)C%11=C(C#N)C#N)cc8C9(CC)CC)cc7C6=C(C#N)C#N)sc35)C4=C(C#N)C#N)cc21,-5.42,7.28,2261.05,-0.0100032812709889,0.00617284450297133
CCC1(CC)c2cc3c(cc2-c2sc(/C=C4\C(=O)c5ccccc5C4=C(C#N)C#N)cc21)C(CC)(CC)c1cc(/C=C2\C(=O)c4cc(-c5cc6c(s5)-c5sc(-c7ccc8c(c7)C(=O)/C(=C\c7cc9c(s7)-c7cc%10c(cc7C9(CC)CC)-c7sc(/C=C9\C(=O)c%11cc(-c%12cc%13c(s%12)-c%12sccc%12C%13(CC)CC)ccc%11C9=C(C#N)C#N)cc7C%10(CC)CC)C8=C(C#N)C#N)cc5C6(CC)CC)ccc4C2=C(C#N)C#N)sc1-3,-5.42,7.28,2036.694,-0.0152817294531215,0.00875686055587723
CCc1c(/C=C2\C(=O)c3cc(C(F)(F)F)ccc3C2=C(C#N)C#N)sc2c1sc1c3c4nsnc4c4c5sc6c(CC)c(/C=C7\C(=O)c8cc(C(F)(F)F)ccc8C7=C(C#N)C#N)sc6c5n(CC)c4c3n(CC)c21,-5.5,5.02,1095.195,-0.0399788215117675,0.0169189121924322
CCCCCCCCCCCc1c(C=C2C(=O)c3cc(C(F)(F)F)ccc3C2=C(C#N)C#N)sc2c1sc1c3c4nsnc4c4c5sc6c(CCCCCCCCCCC)c(C=C7C(=O)c8ccc(C(F)(F)F)cc8C7=C(C#N)C#N)sc6c5n(CC(CC)CCCC)c4c3n(CC(CC)CCCC)c21,-5.53,5.02,1516.005,-0.0302696307229411,0.0163071759839873
CCCCCCCCCCCc1c(C=C2C(=O)c3cc(Cl)ccc3C2=C(C#N)C#N)sc2c1sc1c3c4nsnc4c4c5sc6c(CCCCCCCCCCC)c(C=C7C(=O)c8ccc(Cl)cc8C7=C(C#N)C#N)sc6c5n(CC(CC)CCCC)c4c3n(CC(CC)CCCC)c21,-5.62,4.1,1448.901,-0.0282744588355885,0.0109363627670989
CCc1c(/C=C2\C(=O)c3ccc(F)cc3C2=C(C#N)C#N)sc2c1sc1c3c4nsnc4c4c5sc6c(CC)c(/C=C7\C(=O)c8ccc(F)cc8C7=C(C#N)C#N)sc6c5n(CC)c4c3n(CC)c21,-5.7,4.1,995.180999999999,-0.031929402830879,0.0232867542533371
CCc1ccc(C2(c3ccc(CC)cc3)c3cc4c(cc3-c3sc5cc(/C=C6\C(=O)c7ccccc7C6=C(C#N)C#N)sc5c32)C(c2ccc(CC)cc2)(c2ccc(CC)cc2)c2c-4sc3cc(/C=C4\C(=O)c5ccccc5C4=C(C#N)C#N)sc23)cc1,-5.54,3.64,1203.552,-0.04232454429031,0.0152239326326353
CCc1ccc(C2(c3ccc(CC)cc3)c3cc4c(cc3-c3sc5cc(/C=C6\C(=O)c7c(cc(F)c(F)c7F)C6=C(C#N)C#N)sc5c32)C(c2ccc(CC)cc2)(c2ccc(CC)cc2)c2c-4sc3cc(/C=C4\C(=O)c5c(cc(F)c(F)c5F)C4=C(C#N)C#N)sc23)cc1,-5.7,5.02,1311.492,-0.0358366549106988,0.0139035575614949
CCCCCCc1ccc(C2(c3ccc(CCCCCC)cc3)c3cc4c(cc3-c3sc5cc(/C=C6/C(=O)c7cc(F)c(F)cc7C6=C(C#N)C#N)sc5c32)C(c2ccc(CCCCCC)cc2)(c2ccc(CCCCCC)cc2)c2c-4sc3cc(/C=C4/C(=O)c5cc(F)c(F)cc5C4=C(C#N)C#N)sc23)cc1,-5.83,4.56,1499.944,-0.0204327186442001,0.0134507894063466
CCc1ccc(C2(c3ccc(CC)cc3)c3cc4c(cc3-c3sc5cc(/C=C6\C(=O)c7ccccc7C6=C(C#N)C#N)sc5c32)C(c2ccc(CC)cc2)(c2ccc(CC)cc2)c2c-4sc3cc(/C=C4\C(=O)c5c(cc(F)c(F)c5F)C4=C(C#N)C#N)sc23)cc1,-5.62,4.33,1257.522,-0.0414956091373117,0.016048422260328
CCCCCCc1ccc(C2(c3ccc(CCCCCC)cc3)c3cc4c(cc3-c3sc5cc(C=C6C(=O)c7ccccc7C6=C(C#N)C#N)sc5c32)C(c2ccc(CCCCCC)cc2)(c2ccc(CCCCCC)cc2)c2c-4sc3cc(C=C4C(=O)c5cc(F)c(F)cc5C4=C(C#N)C#N)sc23)cc1,-5.59,4.1,1463.964,-0.0236344129727942,0.0135476828190569
CCCCC(CC)CC1(CC(CC)CCCC)c2cc3c(cc2-c2sc(C=C4C(=O)c5cc(F)c(F)cc5C4=C(C#N)C#N)cc21)C(CC(CC)CCCC)(CC(CC)CCCC)c1cc(C=C2C(=O)c4cc(F)c(F)cc4C2=C(C#N)C#N)sc1-3,-5.65,4.56,1195.59,-0.0043966567245426,0.0153041800910701
CCCCCCCCC(CCCCCC)COc1cc(-c2ccc(C=C3C(=O)c4cc(F)c(F)cc4C3=C(C#N)C#N)s2)c(OCC(CCCCCC)CCCCCCCC)cc1-c1ccc(C=C2C(=O)c3cc(F)c(F)cc3C2=C(C#N)C#N)s1,-5.68,4.56,1203.566,-0.0051722300388394,0.0191224317563721
CCCCCCCCC(CCCCCC)COc1cc(-c2cc(CCCCCC)c(C=C3C(=O)c4cc(F)c(F)cc4C3=C(C#N)C#N)s2)c(OCC(CCCCCC)CCCCCCCC)cc1-c1cc(CCCCCC)c(C=C2C(=O)c3cc(F)c(F)cc3C2=C(C#N)C#N)s1,-5.63,4.56,1371.89,-0.00514183549226279,0.0179046187210903
CCCCCCCCC(CCCCCC)COc1cc(-c2cc(OCCCCCC)c(C=C3C(=O)c4cc(F)c(F)cc4C3=C(C#N)C#N)s2)c(OCC(CCCCCC)CCCCCCCC)cc1-c1cc(OCCCCCC)c(C=C2C(=O)c3cc(F)c(F)cc3C2=C(C#N)C#N)s1,-5.67,4.56,1403.888,-0.00917527012097761,0.0163831542036996
CCc1cc(/C=C2\C(=O)c3cc(F)c(F)cc3C2=C(C#N)C#N)sc1-c1sc(-c2cc(-c3c(C)cc(C)cc3C)c(-c3sc(/C=C4\C(=O)c5cc(F)c(F)cc5C4=C(C#N)C#N)cc3CC)s2)cc1-c1c(C)cc(C)cc1C,-5.66,4.56,1103.326,-0.0318566020989361,0.00637273916607306
CCc1cc(/C=C2\C(=O)c3cc(F)c(F)cc3C2=C(C#N)C#N)sc1-c1sc(-c2cc(-c3ccccc3)c(-c3sc(/C=C4\C(=O)c5cc(F)c(F)cc5C4=C(C#N)C#N)cc3CC)s2)cc1-c1ccccc1,-5.5,4.56,1019.164,-0.0324752957154535,0.0106155915358405
CCC1(CC)c2cc(/C=C3\C(=O)c4cc(F)c(F)cc4C3=C(C#N)C#N)sc2-c2sc(-c3cc(F)c(-c4cc5c(s4)-c4sc(/C=C6\C(=O)c7cc(F)c(F)cc7C6=C(C#N)C#N)cc4C5(CC)CC)cc3F)cc21,-5.56,5.02,1059.176,-0.0254280783077022,0.00764491507351309
CCC1(CC)c2cc(/C=C3\C(=O)c4cc(F)c(F)cc4C3=C(C#N)C#N)sc2-c2sc(-c3c(F)c(F)c(-c4cc5c(s4)-c4sc(/C=C6\C(=O)c7cc(F)c(F)cc7C6=C(C#N)C#N)cc4C5(CC)CC)c(F)c3F)cc21,-5.56,5.48,1095.156,-0.0249504326029951,0.00589590451345339
CCC1(CC)c2cc(/C=C3\C(=O)c4cc(F)c(F)cc4C3=C(C#N)C#N)sc2-c2sc(-c3c(F)c(OC)c(-c4cc5c(s4)-c4sc(/C=C6\C(=O)c7cc(F)c(F)cc7C6=C(C#N)C#N)cc4C5(CC)CC)c(F)c3OC)cc21,-5.56,5.02,1119.228,-0.0298945978139986,0.0122524296691923
CCc1ccc(C2(c3ccc(CC)cc3)c3cc4c5cc6c(cc5n(CC)c4cc3-c3sc4cc(/C=C5\C(=O)c7cc(Cl)c(Cl)cc7C5=C(C#N)C#N)sc4c32)-c2sc3cc(/C=C4\C(=O)c5cc(Cl)c(Cl)cc5C4=C(C#N)C#N)sc3c2C6(c2ccc(CC)cc2)c2ccc(CC)cc2)cc1,-5.61,4.56,1458.483,-0.0270108620105927,0.0114281831923636
CCc1ccc(C2(c3ccc(CC)cc3)c3cc4c5cc6c(cc5n(CC)c4cc3-c3sc(/C=C4\C(=O)c5cc(F)c(F)cc5C4=C(C#N)C#N)cc32)-c2sc(/C=C3\C(=O)c4cc(F)c(F)cc4C3=C(C#N)C#N)cc2C6(c2ccc(CC)cc2)c2ccc(CC)cc2)cc1,-5.57,4.56,1280.485,-0.0412527866042241,0.0125207978082002
CCc1sc(-c2nc3c(nc2-c2cc(F)c(CC)s2)c2c4sc5c(CC)c(/C=C6\C(=O)c7cc(F)c(F)cc7C6=C(C#N)C#N)sc5c4n(CC)c2c2c3c3sc4c(CC)c(/C=C5\C(=O)c6cc(F)c(F)cc6C5=C(C#N)C#N)sc4c3n2CC)cc1F,-5.58,5.02,1281.474,-0.043964283235831,0.0123336620598717
CCc1ccc(-c2nc3c(nc2-c2ccc(CC)s2)c2c4sc5c(CC)c(/C=C6\C(=O)c7cc(F)c(F)cc7C6=C(C#N)C#N)sc5c4n(CC)c2c2c3c3sc4c(CC)c(/C=C5\C(=O)c6cc(F)c(F)cc6C5=C(C#N)C#N)sc4c3n2CC)s1,-5.57,4.56,1245.494,-0.0443625574656713,0.012996223464965
CCCCCCCCn1c2cc(C=C3C(=O)c4cc(Cl)c(Cl)cc4C3=C(C#N)C#N)sc2c2sc3c(c21)C(c1ccc(CCCCCC)cc1)(c1ccc(CCCCCC)cc1)c1cc2c(cc1-3)C(c1ccc(CCCCCC)cc1)(c1ccc(CCCCCC)cc1)c1cc(C=C3C(=O)c4cc(Cl)c(Cl)cc4C3=C(C#N)C#N)sc1-2,-5.69,4.56,1660.928,-0.0203810541409758,0.0130141813567523
CCc1ccc(C2(c3ccc(CC)cc3)c3cc4c(cc3-c3sc(/C=C5\C(=O)c6cc(Cl)c(Cl)cc6C5=C(C#N)C#N)cc32)C(c2ccc(CC)cc2)(c2ccc(CC)cc2)c2c-4sc3c4sc(/C=C5\C(=O)c6cc(Cl)c(Cl)cc6C5=C(C#N)C#N)cc4n(CC)c23)cc1,-5.72,4.56,1352.334,-0.0284037669226231,0.0156148013509958
CCCCCCc1ccc(C2(c3ccc(CCCCCC)cc3)c3cc4c(cc3-c3sc(C=C5C(=O)c6cc(F)c(F)cc6C5=C(C#N)C#N)cc32)C(c2ccc(CCCCCC)cc2)(c2ccc(CCCCCC)cc2)c2c-4sc3c4sc(C=C5C(=O)c6cc(F)c(F)cc6C5=C(C#N)C#N)cc4n(CC(CCCC)CCCCCC)c23)cc1,-5.43,4.56,1651.216,-0.0204352876078033,0.0135153708763174
CCC1(CC)Oc2cc3c(cc2-c2sc(/C=C4\C(=O)c5cc(F)c(F)cc5C4=C(C#N)C#N)cc21)C(CC)(CC)c1cc2c(cc1-3)OC(CC)(CC)c1cc(/C=C3\C(=O)c4cc(F)c(F)cc4C3=C(C#N)C#N)sc1-2,-5.62,4.56,1035.157,-0.0225565581479129,0.0156738583095373
CCC1(CC)c2cc3c(cc2-c2cc4c(cc21)-c1sc(/C=C2\C(=O)c5cc(F)c(F)cc5C2=C(C#N)C#N)cc1C4(CC)CC)C(CC)(CC)c1cc(/C=C2\C(=O)c4cc(F)c(F)cc4C2=C(C#N)C#N)sc1-3,-5.67,4.56,1003.159,-0.0172478989606468,0.0139447937383045
CCc1ccc(C2(c3ccc(CC)cc3)c3cc4c(cc3-c3sc5cc(/C=C6\C(=O)c7c(ccc8ccccc78)C6=C(C#N)C#N)sc5c32)C(c2ccc(CC)cc2)(c2ccc(CC)cc2)c2c-4sc3cc(/C=C4\C(=O)c5c(ccc6ccccc56)C4=C(C#N)C#N)sc23)cc1,-5.65,3.64,1303.672,-0.0307439032606034,0.014223507016271
CCCCCCCCCCCc1c(C=C2C(=O)c3cc(Cl)c(Cl)cc3C2=C(C#N)C#N)sc2c1sc1c3c4nsnc4c4c5sc6c(CCCCCCCCCCC)c(C=C7C(=O)c8cc(Cl)c(Cl)cc8C7=C(C#N)C#N)sc6c5n(CCCCCCOc5ccccc5)c4c3n(CCCCCCOc3ccccc3)c21,-5.51,4.56,1645.877,-0.0231738922240099,0.00772076935958896
CCCCCCCCCCCc1c(C=C2C(=O)c3cc(F)c(F)cc3C2=C(C#N)C#N)sc2c1sc1c3c4nsnc4c4c5sc6c(CCCCCCCCCCC)c(C=C7C(=O)c8cc(F)c(F)cc8C7=C(C#N)C#N)sc6c5n(CCCCCCOc5ccccc5)c4c3n(CCCCCCOc3ccccc3)c21,-5.48,4.56,1580.057,-0.0278239471290853,0.0109222700399676
CCCCCCCCCCCc1c(C=C2C(=O)c3cc(Cl)c(Cl)cc3C2=C(C#N)C#N)sc2c1sc1c3c4nsnc4c4c5sc6c(CCCCCCCCCCC)c(C=C7C(=O)c8cc(Cl)c(Cl)cc8C7=C(C#N)C#N)sc6c5n(CCCCCCOc5cccc(Cl)c5)c4c3n(CCCCCCOc3cccc(Cl)c3)c21,-5.51,5.02,1714.767,-0.0215589103468317,0.00801382556597548
CCCCCCCCCCCc1c(C=C2C(=O)c3cc(F)c(F)cc3C2=C(C#N)C#N)sc2c1sc1c3c4nsnc4c4c5sc6c(CCCCCCCCCCC)c(C=C7C(=O)c8cc(F)c(F)cc8C7=C(C#N)C#N)sc6c5n(CCCCCCOc5cccc(Cl)c5)c4c3n(CCCCCCOc3cccc(Cl)c3)c21,-5.48,5.02,1648.947,-0.0264590731620668,0.00998676906216653
CCCCCCCCc1c(C=C2C(=O)c3cc(F)ccc3C2=C(C#N)C#N)sc2c1sc1c3c4nn(CC(CC)CCCC)nc4c4c5sc6c(CCCCCCCC)c(C=C7C(=O)c8cc(F)ccc8C7=C(C#N)C#N)sc6c5n(CC(CC)CCCC)c4c3n(CC(CC)CCCC)c21,-5.65,4.1,1426.993,-0.0292883172009334,0.00871634584908086
CCCCC(CC)Cn1nc2c(n1)c1c3sc4cc(C=C5C(=O)c6ccccc6C5=C(C#N)C#N)sc4c3n(CC(CC)CCCC)c1c1c2c2sc3cc(C=C4C(=O)c5ccccc5C4=C(C#N)C#N)sc3c2n1CC(CC)CCCC,-5.51,3.64,1166.581,-0.033240467945302,0.00671584767805323
CCCCCCc1ccc(C2(c3ccc(CCCCCC)cc3)c3cc4c(cc3-c3sc(-c5sc(C=C6C(=O)c7ccccc7C6=C(C#N)C#N)cc5OCC(CC)CCCC)cc32)C(c2ccc(CCCCCC)cc2)(c2ccc(CCCCCC)cc2)c2cc(-c3sc(C=C5C(=O)c6ccccc6C5=C(C#N)C#N)cc3OCC(CC)CCCC)sc2-4)cc1,-5.5,3.64,1736.49,-0.0171329101615918,0.00998121552867782
CCN1C(=O)c2cc(-c3ccc(-c4ccc(C)s4)s3)c3c4c(cc(C)c(c24)C1=O)C(=O)N(CC)C3=O,-5.65,2,514.628,0.011278673714245,0.023384799343986
CCCCCCCCCCC(CCCCCCCC)CN1C(=O)c2cc(-c3cc(F)c(-c4sc(C)cc4F)s3)c3c4c(cc(C)c(c24)C1=O)C(=O)N(CC(CCCCCCCC)CCCCCCCCCC)C3=O,-5.72,2.46,1055.58,-0.004755230689117,0.0169679839681284
CCCCCCCC(CCCC)Cn1c2c3sc(C=C4C(=O)c5cc(F)c(F)cc5C4=C(C#N)C#N)c(-c4cc(CC(CC)CCCC)cs4)c3sc2c2c3nsnc3c3c4sc5c(-c6cc(CC(CC)CCCC)cs6)c(C=C6C(=O)c7cc(F)c(F)cc7C6=C(C#N)C#N)sc5c4n(CC(CCCCC)CCCCCC)c3c21,-5.7,4.56,1672.333,-0.0214025392031865,0.00681300905116776
CCCCCCCCCCCCC(CCCCCCCCCC)Cn1c2c3c(sc2c2c4nsnc4c4c5sc6c(CCCCCCCCCCC)c(C=C7C(=O)c8c(ccc(-c9ccc(-c%10sc(-c%11ccc(C)s%11)c%11c%10C(=O)c%10c(CC(CC)CCCC)sc(CC(CC)CCCC)c%10C%11=O)s9)c8F)C7=C(C#N)C#N)sc6c5n(CC(CCCCCCCCCC)CCCCCCCCCCCC)c4c21)C(CCCCCCCCCCC)=C(C=C1C(=O)c2c(ccc(C)c2F)C1=C(C#N)C#N)CS3,-5.52,5.1,2513.88,-0.0098667298858177,0.00703353362602937
CCCCCCCCCCCCC(CCCCCCCCCC)Cn1c2c3c(sc2c2c4nsnc4c4c5sc6c(CCCCCCCCCCC)c(C=C7C(=O)c8c(ccc(-c9ccc(-c%10sc(-c%11ccc(C)s%11)c%11c%10C(=O)c%10c(CC(CC)CCCC)sc(CC(CC)CCCC)c%10C%11=O)s9)c8C)C7=C(C#N)C#N)sc6c5n(CC(CCCCCCCCCC)CCCCCCCCCCCC)c4c21)C(CCCCCCCCCCC)=C(C=C1C(=O)c2c(ccc(C)c2C)C1=C(C#N)C#N)CS3,-5.57,4.64,2505.954,-0.0100394017736252,0.00817839389122411
CCCCCCCCCCCCC(CCCCCCCCCC)Cn1c2c3c(sc2c2c4nsnc4c4c5sc6c(CCCCCCCCCCC)c(C=C7C(=O)c8cc(-c9ccc(-c%10sc(-c%11ccc(C)s%11)c%11c%10C(=O)c%10c(CC(CC)CCCC)sc(CC(CC)CCCC)c%10C%11=O)s9)ccc8C7=C(C#N)C#N)sc6c5n(CC(CCCCCCCCCC)CCCCCCCCCCCC)c4c21)C(CCCCCCCCCCC)=C(C=C1C(=O)c2cc(C)ccc2C1=C(C#N)C#N)CS3,-5.57,4.64,2477.9,-0.0101060991495052,0.00731500399498868
CCc1c(C=C2C(=O)c3ccc(Cl)cc3C2=C(C#N)C#N)sc2c1sc1c3c4nsnc4c4c5sc6c(CC)c(C=C7C(=O)c8ccc(Cl)cc8C7=C(C#N)C#N)sc6c5n(CC)c4c3n(CC)c21,-5.67,4.1,1028.091,-0.0387166355428628,0.0217839534096835
N#CC(C#N)=C1/C(=C/c2cc3sc4c(c3s2)C(c2ccccc2)(c2ccccc2)c2cc3c(cc2-4)C(c2ccccc2)(c2ccccc2)c2c-3sc3c2sc2cc(/C=C4\C(=O)c5cc(F)c(F)cc5C4=C(C#N)C#N)sc23)C(=O)c2cc(F)c(F)cc21,-5.64,4.56,1219.385,-0.0437027404282877,0.0141913691661464
N#CC(C#N)=C1/C(=C/c2cc3sc4c(c3s2)C(c2ccccc2)(c2ccccc2)c2cc3c(cc2-4)C(c2ccccc2)(c2ccccc2)c2c-3sc3c2sc2cc(/C=C4\C(=O)c5ccc(F)cc5C4=C(C#N)C#N)sc23)C(=O)c2ccc(F)cc21,-5.71,4.1,1183.405,-0.0455507202087633,0.0111730194805261
N#CC(C#N)=C1/C(=C/c2cc3sc4c(c3s2)C(c2ccccc2)(c2ccccc2)c2cc3c(cc2-4)C(c2ccccc2)(c2ccccc2)c2c-3sc3c2sc2cc(/C=C4\C(=O)c5ccccc5C4=C(C#N)C#N)sc23)C(=O)c2ccccc21,-5.84,3.64,1147.425,-0.0486218675250362,0.0111096259563947
CCCCCCC1(CCCCCC)c2cc3c(cc2-c2sc4cc(C=C5C(=O)c6cscc6C5=C(C#N)C#N)sc4c21)C(CCCCCC)(CCCCCC)c1c-3sc2cc(C=C3C(=O)c4cscc4C3=C(C#N)C#N)sc12,-5.75,3.64,1135.65,-0.0172295238979919,0.0103564570238538
CCCCCCCCC1(CCCCCCCC)c2cc3c(cc2-c2sc4cc(C=C5C(=O)c6cscc6C5=C(C#N)C#N)sc4c21)C(CCCCCCCC)(CCCCCCCC)c1c-3sc2cc(C=C3C(=O)c4cscc4C3=C(C#N)C#N)sc12,-5.69,3.64,1247.866,-0.016366259886072,0.01166700746224
CCCCCCCCCCC1(CCCCCCCCCC)c2cc3c(cc2-c2sc4cc(C=C5C(=O)c6cscc6C5=C(C#N)C#N)sc4c21)C(CCCCCCCCCC)(CCCCCCCCCC)c1c-3sc2cc(C=C3C(=O)c4cscc4C3=C(C#N)C#N)sc12,-5.66,3.64,1360.082,-0.0149926804463079,0.0111541413234105
CCc1ccc(C2(c3ccc(CC)cc3)c3cc4c(cc3-c3sc(/C=C5\C(=O)c6ccc(F)cc6C5=C(C#N)C#N)cc32)C(c2ccc(CC)cc2)(c2ccc(CC)cc2)c2cc(/C=C3\C(=O)c5ccc(F)cc5C3=C(C#N)C#N)sc2-4)cc1,-5.62,4.1,1127.354,-0.0351571505432446,0.0144099048552362
CCc1ccc(C2(c3ccc(CC)cc3)c3cc4c(cc3-c3sc(/C=C5\C(=O)c6ccc(F)cc6C5=C(C#N)C#N)cc32)C(c2ccc(CC)cc2)(c2ccc(CC)cc2)c2c-4sc3cc(/C=C4\C(=O)c5ccc(F)cc5C4=C(C#N)C#N)sc23)cc1,-5.62,4.1,1183.443,-0.041502846922342,0.0123166651055402
CCc1ccc(C2(c3ccc(CC)cc3)c3cc4c(cc3-c3sc(/C=C5\C(=O)c6ccc(F)cc6C5=C(C#N)C#N)cc32)C(c2ccc(CC)cc2)(c2ccc(CC)cc2)c2c-4sc3c2sc2cc(/C=C4\C(=O)c5ccc(F)cc5C4=C(C#N)C#N)sc23)cc1,-5.66,4.1,1239.532,-0.0428352346562224,0.0155721625403579
CCc1ccc(C2(c3ccc(CC)cc3)c3cc4c(cc3-c3sc(-c5c(F)cc(/C=C6\SC(=S)N(CC)C6=O)c6nsnc56)cc32)C(c2ccc(CC)cc2)(c2ccc(CC)cc2)c2cc(-c3c(F)cc(/C=C5\SC(=S)N(CC)C5=O)c5nsnc35)sc2-4)cc1,-5.68,1.46,1329.796,-0.0435226956058028,0.0119373132904846
CCCCCCCCc1ccc(C2(c3ccc(CCCCCC)cc3)c3cc4c(cc3-c3sc(-c5c(Cl)cc(C=c6sc(=C(C#N)C#N)n(CC)c6=O)c6nn(CCCCCCCC)nc56)cc32)C(c2ccc(CCCCCC)cc2)(c2ccc(CCCCCCCC)cc2)c2cc(-c3c(Cl)cc(CC5SC(=C(C#N)C#N)N(CC)C5=O)c5nn(CCCCCCCC)nc35)sc2-4)cc1,-5.65,3.6,1899.55,-0.0194185445034569,0.00746874188210366
CCN1C(=O)/C(=C/c2ccc(-c3cc4c(s3)-c3cc5c(cc3C4(CC)CC)-c3sc(-c4ccc(/C=C6\SC(=S)N(CC)C6=O)c6nsnc46)cc3C5(CC)CC)c3nsnc23)SC1=S,-5.58,1,989.424,0.00222196937366843,0.0215473349350022
CCCCCCC(CCCC)Cc1cc(-c2cc3c4nsnc4c4cc(-c5cc(CC(CCCC)CCCCCC)c(-c6cc7c(-c8cc(F)c(CC(CC)CCCC)s8)c8sc(-c9ccc(-c%10sc(-c%11ccc(C)s%11)c%11c%10C(=O)c%10c(CC(CC)CCCC)sc(CC(CC)CCCC)c%10C%11=O)s9)cc8c(-c8cc(F)c(CC(CC)CCCC)s8)c7s6)s5)sc4c3s2)sc1-c1cc2c(-c3cc(F)c(CC(CC)CCCC)s3)c3sc(C)cc3c(-c3cc(F)c(CC(CC)CCCC)s3)c2s1,-5.69,1.92,2610.141,-0.0162865745852205,0.00734124831859164
CCCCCCCCCc1c(C=C2C(=O)c3cc(F)c(F)cc3C2=C(C#N)C#N)sc2c1sc1c3c4nsnc4c4c5sc6c(CCCCCCCCC)c(C=C7C(=O)c8cc(Cl)c(Cl)cc8C7=C(C#N)C#N)sc6c5n(CC(CCCC)CCCCCC)c4c3n(CC(CCCC)CCCCCC)c21,-5.65,4.56,1540.989,-0.0294445517366909,0.0134589195454313
CCCCCCCCCCCc1c(C=C2C(=O)c3cc(F)c(F)cc3C2=C(C#N)C#N)sc2c1sc1c3c4nsnc4c4c5sc6c(-c7ccc(CCCCC(F)(F)C(F)(F)F)cc7)c(C=C7C(=O)c8cc(F)c(F)cc8C7=C(C#N)C#N)sc6c5n(CC(CCC)CCCC)c4c3n(CC(CC)CCCC)c21,-5.64,5.71,1561.911,-0.0276532356439313,0.0139453209556953
CCCCCCCCCCCc1c(C=C2C(=O)c3cc(F)c(F)cc3C2=C(C#N)C#N)sc2c1sc1c3c4nsnc4c4c5sc6c(-c7ccc(CCCCCC)cc7)c(C=C7C(=O)c8cc(F)c(F)cc8C7=C(C#N)C#N)sc6c5n(CC(CCC)CCCC)c4c3n(CC(CC)CCCC)c21,-5.77,4.56,1471.961,-0.0249517509328242,0.0116343576774049
CCCCCCc1cccc(-c2c(C=C3C(=O)c4ccccc4C3=C(C#N)C#N)sc3c2sc2c4c5nsnc5c5c6sc7c(-c8cccc(CCCCCC)c8)c(C=C8C(=O)c9ccccc9C8=C(C#N)C#N)sc7c6n(CC(CCC)CCCC)c5c4n(CC(CC)CCCC)c32)c1,-5.74,3.64,1405.964,-0.0353914320610774,0.0155305377542117
CCCCCCCCCCCc1c(C=C2C(=O)c3cc(F)c(F)cc3C2=C(C#N)C#N)sc2c1sc1c3c4nsnc4c4c5sc6c(-c7ccc(CCCCCC)cc7)c(C=C7C(=O)c8cc(F)c(F)cc8C7=C(C#N)C#N)sc6c5n(CC(CC)CCCC)c4c3n(CC(CC)CCCC)c21,-5.73,4.56,1457.934,-0.0267700058933979,0.0106721508651807
CCCCCCc1ccc(-c2c(C=C3C(=O)c4cc(F)c(F)cc4C3=C(C#N)C#N)sc3c2sc2c4c5nsnc5c5c6sc7c(-c8ccc(CCCCCC)cc8)c(C=C8C(=O)c9cc(F)c(F)cc9C8=C(C#N)C#N)sc7c6n(CC(CC)CCCC)c5c4n(CC(CC)CCCC)c32)cc1,-5.73,4.56,1463.897,-0.0270604110323758,0.014205520455838
CCCCC(CC)Cc1cccc(-c2c(C=C3C(=O)c4cc(F)c(F)cc4C3=C(C#N)C#N)sc3c4c(sc23)-c2c(c3c(c5nsnc25)c2sc5c(-c6cccc(CC(CC)CCCC)c6)c(C=C6C(=O)c7cc(F)c(F)cc7C6=C(C#N)C#N)sc5c2n3CC(CC)CCCC)C4CC(CC)CCCC)c1,-5.73,4.56,1519.017,-0.024119531963348,0.0137584223436031
CCOC(=O)c1cc2c(/C=C3\C(=O)c4ccccc4C3=C(C#N)C#N)sc(-c3cc4c(s3)-c3cc5c(cc3C4(c3ccc(CC)cc3)c3ccc(CC)cc3)-c3sc(-c4sc(/C=C6\C(=O)c7ccccc7C6=C(C#N)C#N)c6cc(C(=O)OCC)sc46)cc3C5(c3ccc(CC)cc3)c3ccc(CC)cc3)c2s1,-5.36,5.54,1511.932,-0.0268026711576067,0.0112380182314601
CCc1ccc(C2(c3ccc(CC)cc3)c3c(sc4cc(/C=C5\C(=O)c6ccc(F)cc6C5=C(C#N)C#N)sc34)-c3sc4c5c(sc4c32)-c2sc3cc(/C=C4\C(=O)c6ccc(F)cc6C4=C(C#N)C#N)sc3c2C5(c2ccc(CC)cc2)c2ccc(CC)cc2)cc1,-5.44,4.1,1301.65,-0.039910405677217,0.00827458442482338
CCOc1c2sc3c(c2c(OCC)c2sc4c(c12)C(c1ccc(CC)cc1)(c1ccc(CC)cc1)c1cc(/C=C2\C(=O)c5ccc(F)cc5C2=C(C#N)C#N)sc1-4)C(c1ccc(CC)cc1)(c1ccc(CC)cc1)c1cc(/C=C2\C(=O)c4ccc(F)cc4C2=C(C#N)C#N)sc1-3,-5.44,4.1,1327.638,-0.0365247554847465,0.00902428215223018
CCOc1cc(/C=C2\C(=O)c3ccc(F)cc3C2=C(C#N)C#N)sc1-c1cc2c(s1)-c1cc3c(cc1C2(c1ccc(CC)cc1)c1ccc(CC)cc1)-c1sc(-c2sc(/C=C4\C(=O)c5ccc(F)cc5C4=C(C#N)C#N)cc2OCC)cc1C3(c1ccc(CC)cc1)c1ccc(CC)cc1,-5.24,4.1,1379.714,-0.0271850663772289,0.0153586325397216
CCOc1cc(/C=C2\C(=O)c3ccc(F)cc3C2=C(C#N)C#N)sc1-c1cc2sc3c(c2s1)C(c1ccc(CC)cc1)(c1ccc(CC)cc1)c1cc2c(cc1-3)C(c1ccc(CC)cc1)(c1ccc(CC)cc1)c1c-2sc2cc(-c3sc(/C=C4\C(=O)c5ccc(F)cc5C4=C(C#N)C#N)cc3OCC)sc12,-5.22,4.1,1491.892,-0.0228345324649301,0.0124664631921878
CCc1ccc(C2(c3ccc(CC)cc3)c3c(sc4c(CC)c(/C=C5\C(=O)c6cc(Cl)c(Cl)cc6C5=C(C#N)C#N)sc34)-c3sc4c5c(sc4c32)-c2sc3c(CC)c(/C=C4\C(=O)c6cc(Cl)c(Cl)cc6C4=C(C#N)C#N)sc3c2C5(c2ccc(CC)cc2)c2ccc(CC)cc2)cc1,-5.25,4.56,1459.558,-0.0304823272867507,0.0119115791384816
CCC1(CC)c2cc3c(cc2-c2sc(-c4ccc(C=C(C#N)C#N)c5nsnc45)cc21)C(CC)(CC)c1cc(-c2ccc(C=C(C#N)C#N)c4nsnc24)sc1-3,-5.68,2.64,799.048,0.0102265946626453,0.0253268184617611
CCCCCCc1ccc(C(c2ccc(CCCCCC)cc2)(c2cccc(-c3ccc(-c4ccc(C=C5SC(=S)N(CCCCCC)C5=O)c5nsnc45)s3)c2)c2csc(-c3ccc(C=C4SC(=S)N(CCCCCC)C4=O)c4nsnc34)c2)cc1,-5.48,1,1299.949,-0.0230662676767821,0.00844576468000379
CCCCCCc1ccc(C(c2ccc(CCCCCC)cc2)(c2cccc(-c3ccc(-c4ccc(C=C5SC(=S)N(CC)C5=O)c5nsnc45)s3)c2)c2csc(-c3ccc(C=C4SC(=S)N(CC)C4=O)c4nsnc34)c2)cc1,-5.51,1,1187.733,-0.0284210906898271,0.0108592497156952
CCn1c2cc(-c3ccc(/C=C4\C(=O)c5cscc5C4=C(C#N)C#N)s3)ccc2c2ccc(-c3ccc(/C=C4\C(=O)c5cscc5C4=C(C#N)C#N)s3)cc21,-5.47,3.64,779.953,-0.00679888881379743,0.0227982337707349
CCn1c2cc(-c3ccc(/C=C4\C(=O)c5cscc5C4=C(C#N)C#N)o3)ccc2c2ccc(-c3ccc(/C=C4\C(=O)c5cscc5C4=C(C#N)C#N)o3)cc21,-5.44,3.64,747.817,-0.00811977811718074,0.0190718023223124
CCC1(CC)c2cc(-c3ccc(/C=C4\C(=O)c5cscc5C4=C(C#N)C#N)s3)ccc2-c2ccc(-c3ccc(/C=C4\C(=O)c5cscc5C4=C(C#N)C#N)s3)cc21,-5.44,3.64,807.019,0.00571544227004013,0.0205328881563855
CCC1(CC)c2cc(-c3ccc(/C=C4\C(=O)c5cscc5C4=C(C#N)C#N)o3)ccc2-c2ccc(-c3ccc(/C=C4\C(=O)c5cscc5C4=C(C#N)C#N)o3)cc21,-5.44,3.64,774.883,0.00374224065770842,0.0230732457815893
CCCC[C@@H](CC)CC1(C[C@@H](CC)CCCC)c2cc(-c3ccc(/C=c4\sc(=C(C#N)C#N)n(CC)c4=O)c4nsnc34)sc2-c2sc(-c3ccc(/C=c4\sc(=C(C#N)C#N)n(CC)c4=O)c4nsnc34)cc21,-5.44,2.64,1077.491,-0.000261438678996158,0.0205429467274209
CCCC[C@@H](CC)CC1(C[C@@H](CC)CCCC)c2cc(-c3ccc(/C=C4\SC(=S)N(CC)C4=O)c4nsnc34)sc2-c2sc(-c3ccc(/C=C4\SC(=S)N(CC)C4=O)c4nsnc34)cc21,-5.44,1,1013.531,0.00922621537491875,0.0201053350588737
CCC1(CC)c2cc(-c3ccc(C=C(C#N)C#N)c4nsnc34)sc2-c2sc(-c3ccc(C=C(C#N)C#N)c4nsnc34)cc21,-6.18,2.64,654.831,0.0114844400255857,0.0241919469701704
CCn1c2cc(-c3ccc(C=C(C#N)C#N)c4nsnc34)ccc2c2ccc(-c3ccc(C=C(C#N)C#N)c4nsnc34)cc21,-5.28,2.64,615.707,0.0100090686080153,0.0217185849611798
CCC1(CC)c2cc(-c3ccc(C=C(C#N)C#N)c4nsnc34)ccc2-c2ccc(-c3ccc(C=C(C#N)C#N)c4nsnc34)cc21,-5.28,2.64,642.773,0.0109643496451659,0.024509735117396
CCc1ccc(C2(c3ccc(CC)cc3)c3cc(/C=C4\C(=O)c5ccccc5C4=C(C#N)C#N)sc3-c3sc4c5c(sc4c32)-c2sc(/C=C3\C(=O)c4ccccc4C3=C(C#N)C#N)cc2C5(c2ccc(CC)cc2)c2ccc(CC)cc2)cc1,-5.37,3.64,1153.492,-0.0401444158265988,0.0119200987991119
CCOc1cc(/C=C2\C(=O)c3cc(F)c(F)cc3C2=C(C#N)C#N)sc1-c1sc(-c2sc(/C=C3\C(=O)c4cc(F)c(F)cc4C3=C(C#N)C#N)cc2OCC)c(OCC)c1OCC,-5.52,4.56,904.945,0.0107469973017328,0.0259993433274843
CCOc1cc(-c2sc(-c3sc(/C=C4\C(=O)c5cc(F)c(F)cc5C4=C(C#N)C#N)cc3OCC)c(OCC)c2OCC)sc1/C=C1\C(=O)c2cc(F)c(F)cc2C1=C(C#N)C#N,-5.42,4.56,904.945,0.00880510023186052,0.0247860325495881
CCOc1cc(-c2sc(-c3cc(OCC)c(/C=C4\C(=O)c5cc(F)c(F)cc5C4=C(C#N)C#N)s3)c(OCC)c2OCC)sc1/C=C1\C(=O)c2cc(F)c(F)cc2C1=C(C#N)C#N,-5.34,4.56,904.945,0.00582691302547663,0.0241333580152714
CCOC(=O)c1sc2c(/C=C3\C(=O)c4cc(F)c(F)cc4C3=C(C#N)C#N)sc(-c3cc4c(s3)-c3cc5c(cc3C4(CC)CC)-c3sc(-c4sc(/C=C6\C(=O)c7cc(F)c(F)cc7C6=C(C#N)C#N)c6sc(C(=O)OCC)c(F)c46)cc3C5(CC)CC)c2c1F,-5.58,6.92,1315.48,-0.0405088740667667,0.00763384836711397
CCOC(=O)c1sc2c(/C=C3\C(=O)c4ccccc4C3=C(C#N)C#N)sc(-c3cc4c(s3)-c3cc5c(cc3C4(CC)CC)-c3sc(-c4sc(/C=C6\C(=O)c7cc(F)c(F)cc7C6=C(C#N)C#N)c6sc(C(=O)OCC)c(F)c46)cc3C5(CC)CC)c2c1F,-5.81,6.46,1279.5,-0.0279125224408338,0.00775994550436884
CCOC(=O)c1sc2c(/C=C3\C(=O)c4ccccc4C3=C(C#N)C#N)sc(-c3cc4c(s3)-c3cc5c(cc3C4(CC)CC)-c3sc(-c4sc(/C=C6\C(=O)c7ccccc7C6=C(C#N)C#N)c6sc(C(=O)OCC)c(F)c46)cc3C5(CC)CC)c2c1F,-5.61,6,1243.52,-0.0386900724710962,0.0127219784196327
CCc1ccc(C2(c3ccc(CC)cc3)c3cc4c(cc3-c3sc(C(C#N)=C(C#N)C#N)cc32)C(c2ccc(CC)cc2)(c2ccc(CC)cc2)c2cc(C(C#N)=C(C#N)C#N)sc2-4)cc1,-5.61,3.96,885.134,0.0068792084840963,0.0198520791852784
CCc1ccc(C2(c3ccc(CC)cc3)c3cc4c(cc3-c3sc(-c5ccc(C(C#N)=C(C#N)C#N)s5)cc32)C(c2ccc(CC)cc2)(c2ccc(CC)cc2)c2cc(-c3ccc(C(C#N)=C(C#N)C#N)s3)sc2-4)cc1,-5.79,3.96,1049.388,-0.0350412581985938,0.0161571564973031
CCc1ccc(C2(c3ccc(CC)cc3)c3cc4c(cc3-c3sc(C=C(C#N)C#N)cc32)C(c2ccc(CC)cc2)(c2ccc(CC)cc2)c2cc(C=C(C#N)C#N)sc2-4)cc1,-5.55,2.64,835.114,0.011462668352259,0.0202054811755162
CCCCC(CC)COc1cc(C=C2C(=O)c3cc(F)c(F)cc3C2=C(C#N)C#N)sc1-c1cc2c(s1)-c1sc(-c3sc(C=C4C(=O)c5cc(F)c(F)cc5C4=C(C#N)C#N)cc3OC(CC)CCCC)cc1C2(CC(CC)CCCC)CC(CC)CCCC,-5.44,4.56,1289.706,-0.0233161342080821,0.00910976056355561
CCCCC(CC)COc1cc(C=C2C(=O)c3cc(F)c(F)cc3C2=C(C#N)C#N)sc1-c1cc2c(s1)-c1sc(-c3sc(C=C4C(=O)c5cc(F)c(F)cc5C4=C(C#N)C#N)cc3CC(CC)CCCC)cc1C2(CC(CC)CCCC)CC(CC)CCCC,-5.44,4.56,1287.734,-0.018561704146065,0.00858348539232885
CCCCC(CC)CCc1cc(C=C2C(=O)c3cc(F)c(F)cc3C2=C(C#N)C#N)sc1-c1cc2c(s1)-c1sc(-c3sc(C=C4C(=O)c5cc(F)c(F)cc5C4=C(C#N)C#N)cc3CC(CC)CCCC)cc1C2(CC(CC)CCCC)CC(CC)CCCC,-5.46,4.56,1285.762,-0.0112141004134419,0.0138891527049492
CCOc1cc(/C=C2\C(=O)c3cc(F)c(F)cc3C2=C(C#N)C#N)sc1-c1cc2c(s1)-c1cc3c(cc1C2(CC)CC)-c1sc(-c2sc(/C=C4\C(=O)c5cc(F)c(F)cc5C4=C(C#N)C#N)cc2OCC)cc1C3(CC)CC,-5.5,4.56,1111.302,-0.0300088730853691,0.0114818232325914
CCOc1cc(/C=C2\C(=O)c3cc(F)c(F)cc3C2=C(C#N)C#N)sc1-c1cc2c(s1)-c1cc3c(cc1C2(CC)CC)-c1sc(-c2sc(/C=C4\C(=O)c5cc(F)c(F)cc5C4=C(C#N)C#N)cc2CC)cc1C3(CC)CC,-5.15,4.56,1095.303,-0.0291292926642882,0.0116586009317051
CCOc1cc(/C=C2\C(=O)c3cc(F)c(F)cc3C2=C(C#N)C#N)sc1-c1cc2c(s1)-c1cc3c(cc1C2(c1ccc(CC)cc1)c1ccc(CC)cc1)-c1sc(-c2sc(/C=C4\C(=O)c5cc(F)c(F)cc5C4=C(C#N)C#N)cc2CC)cc1C3(c1ccc(CC)cc1)c1ccc(CC)cc1,-5.3,4.56,1399.695,-0.0302652092680025,0.017370333498322
CCc1ccc(C2(c3ccc(CC)cc3)c3cc4c(cc3-c3sc(-c5ccc(/C=C6\C(=O)c7ccccc7C6=C(C#N)C#N)s5)cc32)C(c2ccc(CC)cc2)(c2ccc(CC)cc2)c2cc(-c3ccc(/C=C5\C(=O)c6ccccc6C5=C(C#N)C#N)s3)sc2-4)cc1,-5.56,3.64,1255.628,-0.038843082085775,0.0108478577886247
CCc1c(/C=C/C=C\C=C2/C(=O)c3cc(F)c(F)cc3C2=C(C#N)C#N)sc2c1sc1c3c4nsnc4c4c5sc6c(CC)c(/C=C/C=C/C=C7\C(=O)c8cc(F)c(F)cc8C7=C(C#N)C#N)sc6c5n(CC)c4c3n(CC)c21,-5.28,4.56,1135.313,-0.0408833099419029,0.00981298320740547
CCc1c(/C=C/C=C2\C(=O)c3cc(F)c(F)cc3C2=C(C#N)C#N)sc2c1sc1c3c4nsnc4c4c5sc6c(CC)c(/C=C/C=C/C=C7\C(=O)c8cc(F)c(F)cc8C7=C(C#N)C#N)sc6c5n(CC)c4c3n(CC)c21,-5.51,4.56,1109.275,-0.0379358178253616,0.0174354350335343
CCCCCCCCCCCc1c(C=CC=C2C(=O)c3ccccc3C2=C(C#N)C#N)sc2c1sc1c3c4nsnc4c4c5sc6c(CCCCCCCCCCC)c(C=CC=C7C(=O)c8ccccc8C7=C(C#N)C#N)sc6c5n(CC(CCCC)CCCCCC)c4c3n(CC(CCCC)CCCCC)c21,-5.62,3.64,1530.276,-0.0270931821887281,0.0126686104491732
CCc1ccc(C2(c3ccc(CC)cc3)c3cc4c(cc3-c3sc(C5=CC(=C6C(=O)N(CC)C(=S)N(CC)C6=O)CCC5)cc32)C(c2ccc(CC)cc2)(c2ccc(CC)cc2)c2cc(C3C=CC(=C5C(=O)N(CC)C(=S)N(CC)C5=O)CC3)sc2-4)cc1,-5.62,2,1235.72,-0.0357604052933537,0.00807562193553866
CCc1ccc(C2(c3ccc(CC)cc3)c3cc4c(cc3-c3sc5cc(C6=CC(=C7C(=O)N(CC)C(=S)N(CC)C7=O)CCC6)sc5c32)C(c2ccc(CC)cc2)(c2ccc(CC)cc2)c2c-4sc3cc(C4=CC(=C5C(=O)N(CC)C(=S)N(CC)C5=O)CCC4)sc23)cc1,-5.62,2,1347.898,-0.0358074477940213,0.0111457218094488
CCCCCCc1ccc(C2(c3ccc(CCCCCC)cc3)Cc3cc4c(cc3-c3sc5cc(C=C6C(=O)c7cc(Br)ccc7C6=C(C#N)C#N)sc5c32)C(c2ccc(CCCCCC)cc2)(c2ccc(CCCCCC)cc2)C2=C4SC3CC(C=C4C(=O)c5cc(Br)ccc5C4=C(C#N)C#N)SC23)cc1,-5.61,4.1,1603.835,-0.0281799940863082,0.00758520868977484
CCCCCCc1ccc(C2(c3ccc(CCCCCC)cc3)Cc3cc4c(cc3-c3sc5cc(C=C6C(=O)c7cc(Cl)ccc7C6=C(C#N)C#N)sc5c32)C(c2ccc(CCCCCC)cc2)(c2ccc(CCCCCC)cc2)C2=C4SC3CC(C=C4C(=O)c5cc(Cl)ccc5C4=C(C#N)C#N)SC23)cc1,-5.65,4.1,1514.933,-0.0267055622161229,0.00828328440238469
CCCCCCc1ccc(C2(c3ccc(CCCCCC)cc3)Cc3cc4c(cc3-c3sc5cc(C=C6C(=O)c7cc(F)ccc7C6=C(C#N)C#N)sc5c32)C(c2ccc(CCCCCC)cc2)(c2ccc(CCCCCC)cc2)C2=C4SC3CC(C=C4C(=O)c5cc(F)ccc5C4=C(C#N)C#N)SC23)cc1,-5.63,4.1,1482.023,-0.0255614660279071,0.00850391115235589
CCCCCCc1ccc(C2(c3ccc(CCCCCC)cc3)Cc3cc4c(cc3-c3sc5cc(C=C6C(=O)c7cc(I)ccc7C6=C(C#N)C#N)sc5c32)C(c2ccc(CCCCCC)cc2)(c2ccc(CCCCCC)cc2)C2=C4SC3CC(C=C4C(=O)c5cc(I)ccc5C4=C(C#N)C#N)SC23)cc1,-5.66,4.1,1697.835,-0.0280901640201702,0.0115180725261129
CCc1ccc(C2(c3ccc(CC)cc3)c3cc4c5cc6c(cc5n(CC)c4cc3-c3sc(/C=C4\C(=O)c5ccc(Cl)cc5C4=C(C#N)C#N)cc32)-c2sc(/C=C3\C(=O)c4ccc(Cl)cc4C3=C(C#N)C#N)cc2C6(c2ccc(CC)cc2)c2ccc(CC)cc2)cc1,-5.53,4.1,1277.415,-0.0405662753363196,0.00992665798437222
CCCCCCC(CCCC)Cn1c2c3sc(C=C4C(=O)c5cc(F)c(F)cc5C4=C(C#N)C#N)c(-c4cc(CC(CC)CCCC)cs4)c3sc2c2c3nsnc3c3c4sc5c(-c6cc(CC(CC)CCCC)cs6)c(C=C6C(=O)c7cc(F)c(F)cc7C6=C(C#N)C#N)sc5c4n(CC(CCCC)CCCCCC)c3c21,-5.61,4.56,1644.279,-0.0221090202565602,0.0059820406231737
CCCCCCc1cccc(-c2c(C=C3C(=O)c4cc(F)c(F)cc4C3=C(C#N)C#N)sc3c2sc2c4c5nsnc5c5c6sc7c(-c8cccc(CCCCCC)c8)c(C=C8C(=O)c9cc(F)c(F)cc9C8=C(C#N)C#N)sc7c6n(CC(CC)CCCC)c5c4n(CC(CC)CCCC)c32)c1,-5.59,4.56,1463.897,-0.030483537734593,0.0107005544255157
C.C.C.CCCCCCc1ccc(-c2c(C=C3C(=O)c4cc(F)c(F)cc4C3=C(C#N)C#N)sc3c2sc2c4c5nsnc5c5c6sc7c(-c8ccc(CCCCCC)cc8)c(C=C8C(=O)c9cc(F)c(F)cc9C8=C(C#N)C#N)sc7c6n(CC(CC)CCCC)c5c4n(CC(CC)CCCC)c32)cc1,-5.77,4.56,1512.026,-0.0240895305022773,0.0109237602614331
CCc1ccccc1-c1c(/C=C2\C(=O)c3cc(F)c(F)cc3C2=C(C#N)C#N)sc2c1sc1c3c4nsnc4c4c5sc6c(-c7ccccc7CC)c(/C=C7\C(=O)c8cc(F)c(F)cc8C7=C(C#N)C#N)sc6c5n(CC)c4c3n(CC)c21,-5.75,4.56,1183.357,-0.045210671093046,0.00949352822262617
CCCCC(CC)Cc1csc(-c2c(C=C3C(=O)c4cc(F)c(F)cc4C3=C(C#N)C#N)sc3c2sc2c4c5nsnc5c5c6sc7c(-c8cc(CC(CC)CCCC)cs8)c(C=C8C(=O)c9cc(F)c(F)cc9C8=C(C#N)C#N)sc7c6n(CC(CC)CCCC)c5c4n(CC(CC)CCCC)c32)c1,-5.58,4.56,1532.063,-0.0280553195224959,0.00985886448430531
CCCCCCC(CCCC)Cn1c2c3sc(C=C4C(=O)c5ccc(F)cc5C4=C(C#N)C#N)c(-c4ccc(CC(CC)CCCC)s4)c3sc2c2c3nsnc3c3c4sc5c(-c6ccc(CC(CC)CCCC)s6)c(C=C6C(=O)c7ccc(F)cc7C6=C(C#N)C#N)sc5c4n(CC(CCCC)CCCCCC)c3c21,-5.71,4.1,1608.299,-0.0240386512192252,0.00680598382118721
CCCCCCC(CCCC)Cn1c2c3sc(C=C4C(=O)c5ccc(F)cc5C4=C(C#N)C#N)c(-c4cccc(CC(CC)CCCC)c4)c3sc2c2c3nsnc3c3c4sc5c(-c6cccc(CC(CC)CCCC)c6)c(C=C6C(=O)c7ccc(F)cc7C6=C(C#N)C#N)sc5c4n(CC(CCCC)CCCCCC)c3c21,-5.66,4.1,1596.241,-0.0220341588137537,0.00868177624690697
CCCCCCC(CCCC)Cn1c2c3sc(C=C4C(=O)c5cc(F)c(F)cc5C4=C(C#N)C#N)c(-c4cccc(CC(CC)CCCC)c4)c3sc2c2c3nsnc3c3c4sc5c(-c6cccc(CC(CC)CCCC)c6)c(C=C6C(=O)c7cc(F)c(F)cc7C6=C(C#N)C#N)sc5c4n(CC(CCCC)CCCCCC)c3c21,-5.69,4.56,1632.221,-0.021273110830108,0.00799941141489593
