treatment,coefficient,std_error,p_value
HOMO,0.6431742,0.9876353,0.5149003
HOMO_LUMO_gap,1.89544065523944,1.12041408407569,0.0906970337573986
