treatment,outcome,ATE,SE,p_value
ewg_weighted,homo_ev,-0.0120126520610333,0.00761860394821969,0.114852508099256
ewg_weighted,lumo_ev,-0.0248065372176301,0.00739618027243302,0.000796621485133701
ewg_weighted,bandgap_ev,-0.0178439327232576,0.00951131852911242,0.0606451867898604
