outcome,econml_ate,doubleml_ate,difference,within_0005,ci_lower,ci_upper
homo_ev,-0.01221514123343747,-0.01201265,0.00020249123343746983,True,-0.02478030820005661,0.0003500257331816702
lumo_ev,-0.0187865275453164,-0.02480654,0.006020012454683598,False,-0.032138326399806766,-0.005434728690826035
bandgap_ev,-0.010395286499476172,-0.01784393,0.0074486435005238286,False,-0.024840392867393868,0.00404981986844152
