tpsa,hbd,hba,rotatable_bonds,heavy_atoms,heteroatoms,fused_rings,molar_ref,bertz_ct,canonical_SMILES,homo_ev,ewg_weighted
129.29999999999998,0,10,26,105,10,15,437.73800000000125,5091.598787018253,CCCCCCc1ccc(C2(c3ccc(CCCCCC)cc3)Cc3cc4c(cc3-c3sc5cc(C=C6C(=O)c7ccccc7C6=C(C#N)C#N)sc5c32)C(c2ccc(CCCCCC)cc2)(c2ccc(CCCCCC)cc2)C2=C4SC3CC(C=C4C(=O)c5ccccc5C4=C(C#N)C#N)SC23)cc1,-5.69,3.64
163.25,0,14,35,103,19,12,420.3740000000011,5022.668240944236,CCCCCCCCCCCc1c(C=C2C(=O)c3cc(F)c(F)cc3C2=C(C#N)C#N)sc2c3c(sc12)-c1c(c2c(c4nsnc14)c1sc4c(CCCCCCCCCCC)c(C=C5C(=O)c6cc(CF)c(F)cc6C5=C(C#N)C#N)sc4c1n2CC(CC)CCCC)CN3CC(CC)CCCC,-5.7,4.5600000000000005
164.94,0,13,6,71,19,12,283.77000000000044,4236.912018345367,CCc1c(/C=C2\C(=O)c3cc(Cl)c(F)cc3C2=C(C#N)C#N)sc2c1sc1c3c4nsnc4c4c5sc6c(CC)c(/C=C7\C(=O)c8cc(Cl)c(F)cc8C7=C(C#N)C#N)sc6c5n(CC)c4c3n(CC)c21,-5.74,4.5600000000000005
164.94,0,13,6,71,19,12,283.7700000000004,4236.912018345367,CCc1c(/C=C2\C(=O)c3cc(F)c(F)cc3C2=C(C#N)C#N)sc2c1sc1c3c4nsnc4c4c5sc6c(CC)c(/C=C7\C(=O)c8cc(Cl)c(Cl)cc8C7=C(C#N)C#N)sc6c5n(CC)c4c3n(CC)c21,-5.7,4.5600000000000005
129.29999999999998,0,10,29,88,14,8,355.92100000000113,3607.4315755415055,CCCCC(CC)Cc1cc(-c2cc(CC(CC)CCCC)c(-c3sc(-c4cc(CC(CC)CCCC)c(C=C5C(=O)c6cc(F)c(F)cc6C5=C(C#N)C#N)s4)cc3CC(CC)CCCC)s2)sc1C=C1C(=O)c2cc(F)c(F)cc2C1=C(C#N)C#N,-5.86,4.5600000000000005
164.94,0,13,34,103,19,12,421.1300000000012,4906.8037300287915,CCCCCCC(CCCC)Cc1c(C=C2C(=O)c3cc(F)c(F)cc3C2=C(C#N)C#N)sc2c1sc1c3c4nsnc4c4c5sc6c(CC(CCCC)CCCCCC)c(C=C7C(=O)c8cc(F)c(F)cc8C7=C(C#N)C#N)sc6c5n(CC(CC)CCCC)c4c3n(CC(CC)CCCC)c21,-5.67,4.5600000000000005
164.94,0,13,45,110,19,12,452.9700000000015,5220.2284627350045,CCCCCCCCCCCCC(CCCCCCCCCC)Cn1c2c3sc(C=C4C(=O)c5cc(F)c(F)cc5C4=C(C#N)C#N)c(CCCCCC)c3sc2c2c3nsnc3c3c4sc5c(CCCCCC)c(/C=C6\C(=O)c7cc(F)c(F)cc7C6C(C#N)C#N)sc5c4n(CCCCCCCCCCC)c3c21,-5.74,4.5600000000000005
164.94,0,13,57,123,19,12,512.9210000000018,5498.221213359728,CCCCCCCCCCCCC(CCCCCCCCCC)Cn1c2c3sc(C=C4C(=O)c5cc(F)c(F)cc5C4=C(C#N)C#N)c(CCCCCC)c3sc2c2c3nsnc3c3c4sc5c(CCCCCC)c(/C=C6\C(=O)c7cc(F)c(F)cc7C6C(C#N)C#N)sc5c4n(CC(CCCCCCCCCC)CCCCCCCCCCCC)c3c21,-5.71,4.5600000000000005
129.29999999999998,0,12,38,122,16,16,499.2840000000014,6108.121911193812,CCCCC(CC)CSc1cc(C=C2C(=O)c3cc(F)c(F)cc3C2=C(C#N)C#N)sc1-c1cc2sc3c(c2s1)C(CCCCCCc1ccccc1)(CCCCCCc1ccccc1)c1cc2c(cc1-3)C(CCCCCCc1ccccc1)(CCCCCCc1ccccc1)c1c-2sc2cc(C=C3C(=O)c4cc(F)c(F)cc4C3=C(C#N)C#N)sc12,-5.46,4.5600000000000005
164.94,0,15,34,99,19,12,427.0720000000011,4702.985139967103,CCCCCCC(CCCC)Cc1c(C=C2C(=O)c3c(csc3Cl)C2=C(C#N)C#N)sc2c1sc1c3c4nsnc4c4c5sc6c(CC(CCCC)CCCCCC)c(C=C7C(=O)c8c(csc8Cl)C7=C(C#N)C#N)sc6c5n(CC(CC)CCCC)c4c3n(CC(CC)CCCC)c21,-5.68,4.1000000000000005
164.94,0,13,38,105,19,12,450.7120000000011,4907.385849692899,CCCCCCCCCc1c(C=C2C(=O)c3cc(Cl)c(Cl)cc3C2=C(C#N)C#N)sc2c1sc1c3c4nsnc4c4c5sc6c(CCCCCCCCC)c(C=C7C(=O)c8cc(Cl)c(Cl)cc8C7=C(C#N)C#N)sc6c5n(CC(CCCC)CCCCCC)c4c3n(CC(CCCC)CCCCCC)c21,-5.7,4.5600000000000005
164.94,0,13,34,101,19,12,412.03600000000114,4832.020113480262,CCCCCCCCCCCc1c(C=C2C(=O)c3cc(F)c(F)cc3C2=C(C#N)C#N)sc2c1sc1c3c4nsnc4c4c5sc6c(CCCCCCCCCCC)c(C=C7C(=O)c8cc(F)c(F)cc8C7=C(C#N)C#N)sc6c5n(CC(CC)CCCC)c4c3n(CC(CC)CCCC)c21,-5.72,4.5600000000000005
164.94,0,12,41,117,20,13,472.7805000000014,5805.289644523273,CCCCCCC(CCCC)Cc1c(C=C2C(=O)c3cc(F)c(F)cc3C2=C(C#N)C#N)sc2c1sc1c3c4nc5cc(F)c(F)cc5nc4c4c5sc6c(CC(CCC)CCCCCC)c(/C=C7\C(=O)C8C=C(F)C(F)=CC8C7=C(C#N)C#N)sc6c5n(CC(CCCC)CCCCCC)c4c3n(CC(CCCC)CCCCCC)c21,-5.67,5.0200000000000005
183.39999999999998,0,15,37,104,21,12,417.8010000000012,5034.532987172494,CCCCCCCCCCCCOc1c(C=C2C(=O)c3cc(F)c(F)cc3C2=C(C#N)C#N)sc2c1sc1c3c4nsnc4c4c5sc6c(c5n(CC(CC)CCCC)c4c3n(CC(CC)CCCC)c21)SC(C=C1C(=O)c2cc(F)c(F)cc2C1=C(C#N)C#N)C6OCCCCCCCCCCC,-5.74,4.5600000000000005
135.78,0,14,37,119,18,14,493.30800000000147,5782.912038347791,CCCCCCCCc1c(C=C2C(=O)c3cc(F)c(F)cc3C2=C(C#N)C#N)sc2cc(-c3sc4c(N(c5ccc(CCCC)cc5)c5ccc(CCCCC)cc5)c(-c5cc6sc(C=C7C(=O)c8cc(F)c(F)cc8C7=C(C#N)C#N)c(CCCCCCCC)c6s5)sc4c3N(c3ccc(CCCC)cc3)c3ccc(CCCC)cc3)sc12,-5.55,4.5600000000000005
164.94,0,13,38,105,19,12,430.50400000000116,4907.385849692899,CCCCCCCCCc1c(C=C2C(=O)c3cc(F)c(F)cc3C2=C(C#N)C#N)sc2c1sc1c3c4nsnc4c4c5sc6c(CCCCCCCCC)c(C=C7C(=O)c8cc(F)c(F)cc8C7=C(C#N)C#N)sc6c5n(CC(CCCC)CCCCCC)c4c3n(CC(CCCC)CCCCCC)c21,-5.65,4.5600000000000005
164.94,0,13,55,120,19,12,499.14000000000175,5418.839541557653,CCCCCCCCCCCCC(CCCCCCCCCC)Cn1c2c3sc(C=C4C(=O)c5cc(F)c(F)cc5C4=C(C#N)C#N)c(CCCCCCCCCCC)c3sc2c2c3nsnc3c3c4sc5c(CCCCCCCCCCC)c(/C=C6\C(=O)c7cc(F)c(F)cc7C6C(C#N)C#N)sc5c4n(CCCCCCCCCCC)c3c21,-5.79,4.5600000000000005
164.94,0,13,67,133,19,12,559.0910000000019,5697.750685369287,CCCCCCCCCCCCC(CCCCCCCCCC)Cn1c2c3sc(C=C4C(=O)c5cc(F)c(F)cc5C4=C(C#N)C#N)c(CCCCCCCCCCC)c3sc2c2c3nsnc3c3c4sc5c(CCCCCCCCCCC)c(/C=C6\C(=O)c7cc(F)c(F)cc7C6C(C#N)C#N)sc5c4n(CC(CCCCCCCCCC)CCCCCCCCCCCC)c3c21,-5.78,4.5600000000000005
164.94,0,12,40,115,20,13,463.6165000000013,5745.324711629316,CCCCCCCCCc1c(/C=C2\C(=O)C3C=C(F)C(F)=CC3C2=C(C#N)C#N)sc2c1sc1c3c4nc5cc(F)c(F)cc5nc4c4c5sc6c(CC(CCCC)CCCCCC)c(C=C7C(=O)c8cc(F)c(F)cc8C7=C(C#N)C#N)sc6c5n(CC(CCCC)CCCCCC)c4c3n(CC(CCCC)CCCCCC)c21,-5.37,5.0200000000000005
164.94,0,15,30,105,21,14,430.96000000000095,5414.930016265987,CCCCCCCCc1ccc(-c2c(C=C3C(=O)c4cc(F)c(F)cc4C3=C(C#N)C#N)sc3c2sc2c4c5nsnc5c5c6sc7c(-c8ccc(CCCCCCCC)s8)c(C=C8C(=O)c9cc(F)c(F)cc9C8=C(C#N)C#N)sc7c6n(CC(CC)CCCC)c5c4n(CC(CC)CCCC)c32)s1,-5.6,4.5600000000000005
195.64999999999998,0,15,53,128,24,14,517.7480000000018,6249.293478411836,CCCCCCCCCCCCC(CCCCCCCCCC)Cn1c2c3sc(C=C4C(=O)c5cc(F)c(F)cc5C4=C(C#N)C#N)c(CCCCCCCCCCC)c3sc2c2c3nsnc3c3c4sc5c(CCCCCCCCCCC)c(C=C6C(=O)c7cc(F)c(F)cc7C6=C(C#N)C#N)sc5c4n(CCCCCCCCn4nc5cc(F)c(F)cc5n4)c3c21,-5.76,5.0200000000000005
164.94,0,13,52,118,20,12,491.02400000000165,5475.373660581834,CCCCCCCCCCCCC(CCCCCCCCCC)Cn1c2c3sc(C=C4C(=O)c5cc(F)c(F)cc5C4=C(C#N)C#N)c(CCCCCCCCCCC)c3sc2c2c3nsnc3c3c4sc5c(CCCCCCCCCCC)c(C=C6C(=O)c7cc(F)c(F)cc7C6=C(C#N)C#N)sc5c4n(CCCCCCCCCl)c3c21,-5.78,4.79
164.94,0,13,43,109,19,12,448.28300000000127,5219.9535192363865,CCCCCCCCCCCc1c(C=C2C(=O)c3cc(F)c(F)cc3C2=C(C#N)C#N)sc2c1sc1c3c4nsnc4c4c5sc6c(CCCCCCCCCCC)c(/C=C7\C(=O)c8cc(F)c(F)cc8C7C(C#N)C#N)sc6c5n(CC(CCCC)CCCCCC)c4c3n(CC(CCCC)CCCCCC)c21,-5.68,4.5600000000000005
164.94,0,13,51,117,19,12,485.97800000000166,5447.388726022303,CCCCCCCCCCCCC(CCCCCCCCCC)Cn1c2c3sc(C=C4C(=O)c5cc(F)c(F)cc5C4=C(C#N)C#N)c(CCCCCCCCCCC)c3sc2c2c3nsnc3c3c4sc5c(CCCCCCCCCCC)c(C=C6C(=O)c7cc(F)c(F)cc7C6=C(C#N)C#N)sc5c4n(CCCCCCCC)c3c21,-5.8,4.5600000000000005
129.29999999999998,0,10,26,108,14,15,432.57700000000114,5269.724206340341,CCCCCCc1ccc(C2(c3ccc(CCCCCC)cc3)c3cc4c(cc3-c3sc5cc(C=C6C(=O)c7cc(F)c(F)cc7C6=C(C#N)C#N)sc5c32)C(c2ccc(CCCCCC)cc2)(c2ccc(CCCCCC)cc2)c2c-4sc3cc(C=C4C(=O)c5cc(F)c(F)cc5C4=C(C#N)C#N)sc23)cc1,-5.74,4.5600000000000005
164.94,0,12,32,108,20,13,429.62700000000126,5544.622755948886,CCCCCCC(CCCC)c1c(C=C2C(=O)c3cc(F)c(F)cc3C2=C(C#N)C#N)sc2c1sc1c3c4nc5cc(F)c(F)cc5nc4c4c5sc6c(c5n(CC(CC)CCCC)c4c3n(CC(CC)CCCC)c21)SC(C=C1C(=O)c2cc(F)c(F)cc2C1=C(C#N)C#N)C6C(CCCC)CCCCCC,-5.62,5.0200000000000005
164.94,0,12,37,113,20,13,454.69000000000125,5831.25222223232,CCCCCCCCC(CCCC)Cc1c(C=C2C(=O)c3cc(F)c(F)cc3C2=C(C#N)C#N)sc2c1sc1c3c4nc5cc(F)c(F)cc5nc4c4c5sc6c(C(CCCC)CCCCCCCC)c(C=C7C(=O)c8cc(F)c(F)cc8C7=C(C#N)C#N)sc6c5n(CC(CC)CCCC)c4c3n(CC(CC)CCCC)c21,-5.65,5.0200000000000005
164.94,0,12,37,111,18,13,454.77400000000125,5706.921825790952,CCCCCCCCC(CCCC)Cc1c(C=C2C(=O)c3cc(F)c(F)cc3C2=C(C#N)C#N)sc2c1sc1c3c4nc5ccccc5nc4c4c5sc6c(C(CCCC)CCCCCCCC)c(C=C7C(=O)c8cc(F)c(F)cc8C7=C(C#N)C#N)sc6c5n(CC(CC)CCCC)c4c3n(CC(CC)CCCC)c21,-5.57,4.5600000000000005
164.94,0,12,37,115,22,13,454.6060000000013,5954.945445474261,CCCCCCCCC(CCCC)Cc1c(C=C2C(=O)c3cc(F)c(F)cc3C2=C(C#N)C#N)sc2c1sc1c3c4nc5c(F)c(F)c(F)c(F)c5nc4c4c5sc6c(C(CCCC)CCCCCCCC)c(C=C7C(=O)c8cc(F)c(F)cc8C7=C(C#N)C#N)sc6c5n(CC(CC)CCCC)c4c3n(CC(CC)CCCC)c21,-5.72,5.48
164.94,0,13,36,103,19,12,421.2700000000012,4869.69139766537,CCCCCCCCCCCc1c(C=C2C(=O)c3cc(F)c(F)cc3C2=C(C#N)C#N)sc2c1sc1c3c4nsnc4c4c5sc6c(CCCCCCCCCCC)c(C=C7C(=O)c8cc(F)c(F)cc8C7=C(C#N)C#N)sc6c5n(CCC(CC)CCCC)c4c3n(CCC(CC)CCCC)c21,-5.7,4.5600000000000005
164.94,0,13,39,106,19,12,435.1210000000012,5237.74186156324,CCCCCCCCCc1c(C=C2C(=O)c3cc(F)c(F)cc3C2=C(C#N)C#N)sc2c1sc1c3c4nsnc4c4c5sc6c(CCCCCCCCC)c(C=C7C(=O)c8cc(F)c(F)cc8C7=C(C#N)C#N)sc6c5n(CCC(CCCC)CCCCCC)c4c3n(CCC(CCCC)CCCCC)c21,-5.7,4.5600000000000005
186.73999999999998,0,13,38,109,19,12,464.55200000000104,5221.573145273083,CCCCCCCCCc1c(C=C2C(=O)c3cc(Cl)c(Cl)cc3C2=C(C#N)C#N)sc2c1sc1c3c4c(C#N)sc(C#N)c4c4c5sc6c(CCCCCCCCC)c(C=C7C(=O)c8cc(Cl)c(Cl)cc8C7=C(C#N)C#N)sc6c5n(CC(CCCC)CCCCCC)c4c3n(CC(CCCC)CCCCCC)c21,-5.74,5.88
186.73999999999998,0,12,38,114,18,13,484.1810000000012,5619.818245628613,CCCCCCCCCc1c(C=C2C(=O)c3cc(Cl)c(Cl)cc3C2=C(C#N)C#N)sc2c1sc1c3c4c(C#N)c5ccccc5c(C#N)c4c4c5sc6c(CCCCCCCCC)c(C=C7C(=O)c8cc(Cl)c(Cl)cc8C7=C(C#N)C#N)sc6c5n(CC(CCCC)CCCCCC)c4c3n(CC(CCCC)CCCCCC)c21,-5.69,5.88
41.57,1,10,37,89,13,11,399.00070000000125,3918.162308389827,CCCCCCC(CCCC)Cc1csc(-c2cc3c4nsnc4c4cc(-c5cc(CC(CCCC)CCCCCC)c(-c6cc7c(-c8cc(F)c(CC(CC)CCCC)s8)c8sccc8c(-c8cc(F)c(CC(CC)CCCC)[nH]8)c7s6)s5)sc4c3s2)c1,-5.74,0.46
164.94,0,13,28,107,19,14,435.066000000001,5540.193849732954,CCCCC(CC)Cc1cccc(-c2c(C=C3C(=O)c4cc(F)c(F)cc4C3=C(C#N)C#N)sc3c2sc2c4c5nsnc5c5c6sc7c(-c8cccc(CC(CC)CCCC)c8)c(C=C8C(=O)c9cc(F)c(F)cc9C8=C(C#N)C#N)sc7c6n(CC(CC)CCCC)c5c4n(CC(CC)CCCC)c32)c1,-5.57,4.5600000000000005
164.94,0,13,36,105,19,12,430.3640000000012,4944.533804382324,CCCCCCC(CCCC)CCc1c(C=C2C(=O)c3cc(F)c(F)cc3C2=C(C#N)C#N)sc2c1sc1c3c4nsnc4c4c5sc6c(CCC(CCCC)CCCCCC)c(C=C7C(=O)c8cc(F)c(F)cc8C7=C(C#N)C#N)sc6c5n(CC(CC)CCCC)c4c3n(CC(CC)CCCC)c21,-5.74,4.5600000000000005
164.94,0,15,29,106,21,14,435.43700000000104,5823.955901368315,CCCCC(CC)Cc1csc(-c2c(C=C3C(=O)c4cc(F)c(F)cc4C3=C(C#N)C#N)sc3c2sc2c4c5nsnc5c5c6sc7c(-c8cc(CC(CC)CCCC)cs8)c(C=C8C(=O)c9cc(F)c(F)cc9C8=C(C#N)C#N)sc7c6n(CC(CCC)CCCC)c5c4n(CC(CC)CCCC)c32)c1,-5.69,4.5600000000000005
164.94,0,15,31,106,21,14,435.57700000000096,5784.31063269725,CCCCCCCCc1ccc(-c2c(C=C3C(=O)c4cc(F)c(F)cc4C3=C(C#N)C#N)sc3c2sc2c4c5nsnc5c5c6sc7c(-c8ccc(CCCCCCCC)s8)c(C=C8C(=O)c9cc(F)c(F)cc9C8=C(C#N)C#N)sc7c6n(CC(CCC)CCCC)c5c4n(CC(CC)CCCC)c32)s1,-5.69,4.5600000000000005
164.94,0,15,29,106,21,14,435.437000000001,5823.955901368315,CCCCC(CC)Cc1ccc(-c2c(C=C3C(=O)c4cc(F)c(F)cc4C3=C(C#N)C#N)sc3c2sc2c4c5nsnc5c5c6sc7c(-c8ccc(CC(CC)CCCC)s8)c(C=C8C(=O)c9cc(F)c(F)cc9C8=C(C#N)C#N)sc7c6n(CC(CCC)CCCC)c5c4n(CC(CC)CCCC)c32)s1,-5.71,4.5600000000000005
129.29999999999998,0,8,44,109,12,11,462.6330000000015,4264.102552907782,CCCCCCCCC1(CCCCCCCC)c2cc3c(cc2-c2cc4c(cc21)-c1sc(C=C2C(=O)c5cc(Cl)c(Cl)cc5C2=C(C#N)C#N)cc1C4(CCCCCCCC)CCCCCCCC)C(CCCCCCCC)(CCCCCCCC)c1cc(C=C2C(=O)c4cc(Cl)c(Cl)cc4C2=C(C#N)C#N)sc1-3,-5.5,4.5600000000000005
129.29999999999998,0,8,8,71,10,11,286.4010000000001,3518.201991808769,CCC1(CC)c2cc3c(cc2-c2cc4c(cc21)-c1sc(/C=C2\C(=O)c5ccc(Cl)cc5C2=C(C#N)C#N)cc1C4(CC)CC)C(CC)(CC)c1cc(/C=C2\C(=O)c4ccc(Cl)cc4C2=C(C#N)C#N)sc1-3,-5.46,4.1000000000000005
129.29999999999998,0,8,8,69,8,11,276.38099999999986,3402.0694266405762,CCC1(CC)c2cc3c(cc2-c2cc4c(cc21)-c1sc(/C=C2\C(=O)c5ccccc5C2=C(C#N)C#N)cc1C4(CC)CC)C(CC)(CC)c1cc(/C=C2\C(=O)c4ccccc4C2=C(C#N)C#N)sc1-3,-5.43,3.64
129.29999999999998,0,8,6,60,10,9,229.49899999999957,2909.225304717152,CCC1(CC)c2cc3c(cc2-c2sc(/C=C4\C(=O)c5ccc(F)cc5C4=C(C#N)C#N)cc21)C(CC)(CC)c1cc(/C=C2\C(=O)c4ccc(F)cc4C2=C(C#N)C#N)sc1-3,-5.52,4.1000000000000005
129.29999999999998,0,8,6,58,8,9,229.58299999999952,2796.3259557258007,CCC1(CC)c2cc3c(cc2-c2sc(/C=C4\C(=O)c5ccccc5C4=C(C#N)C#N)cc21)C(CC)(CC)c1cc(/C=C2\C(=O)c4ccccc4C2=C(C#N)C#N)sc1-3,-5.51,3.64
129.29999999999998,0,8,6,60,8,9,239.05699999999945,2896.9952488625518,CCC1(CC)c2cc3c(cc2-c2sc(/C=C4\C(=O)c5ccc(C)cc5C4=C(C#N)C#N)cc21)C(CC)(CC)c1cc(/C=C2\C(=O)c4ccc(C)cc4C2=C(C#N)C#N)sc1-3,-5.51,3.64
129.29999999999998,0,14,26,103,16,15,429.1620000000011,5117.211966122805,CCCCCCc1ccc(C2(c3ccc(CCCCCC)s3)Cc3cc4c(cc3-c3sc5cc(C=C6C(=O)c7cc(F)ccc7C6=C(C#N)C#N)sc5c32)C(c2ccc(CCCCCC)s2)(c2ccc(CCCCCC)s2)C2=C4SC3CC(C=C4C(=O)c5cc(F)ccc5C4=C(C#N)C#N)SC23)s1,-5.74,4.1000000000000005
129.29999999999998,0,14,26,101,14,15,429.2460000000011,4989.309561050763,CCCCCCc1ccc(C2(c3ccc(CCCCCC)s3)Cc3cc4c(cc3-c3sc5cc(C=C6C(=O)c7ccccc7C6=C(C#N)C#N)sc5c32)C(c2ccc(CCCCCC)s2)(c2ccc(CCCCCC)s2)C2=C4SC3CC(C=C4C(=O)c5ccccc5C4=C(C#N)C#N)SC23)s1,-5.66,3.64
129.29999999999998,0,10,10,88,10,15,358.8730000000009,4741.584489199257,CCc1ccc(C2(c3ccc(CC)cc3)c3cc(/C=C4\C(=O)c5ccccc5C4=C(C#N)C#N)sc3-c3sc4cc5c6c(sc5cc4c32)-c2sc(/C=C3\C(=O)c4ccccc4C3=C(C#N)C#N)cc2C6(c2ccc(CC)cc2)c2ccc(CC)cc2)cc1,-5.48,3.64
129.29999999999998,0,12,14,102,12,17,424.2550000000013,5589.567283264079,CCc1ccc(C2(c3ccc(CC)cc3)c3cc(/C=C4\C(=O)c5ccccc5C4=C(C#N)C#N)sc3-c3sc4c(-c5ccc(CC)s5)c5c6c(sc5c(-c5ccc(CC)s5)c4c32)-c2sc(/C=C3\C(=O)c4ccccc4C3=C(C#N)C#N)cc2C6(c2ccc(CC)cc2)c2ccc(CC)cc2)cc1,-5.43,3.64
129.29999999999998,0,8,6,66,12,10,246.92099999999948,3350.5499099148033,CCC1(CC)c2cc(/C=C3\C(=O)c4cc(F)c(F)cc4C3=C(C#N)C#N)sc2-c2c1ccc1c3c(ccc21)C(CC)(CC)c1cc(/C=C2\C(=O)c4cc(F)c(F)cc4C2=C(C#N)C#N)sc1-3,-5.65,4.5600000000000005
129.29999999999998,0,10,12,100,14,16,394.96700000000124,5486.6724144930895,CCc1ccc(C2(c3ccc(CC)cc3)c3cc(/C=C4\C(=O)c5cc(F)c(F)cc5C4=C(C#N)C#N)sc3-c3sc4c(c(CC)cc5c4cc(CC)c4c6c(sc45)-c4sc(/C=C5\C(=O)c7cc(F)c(F)cc7C5=C(C#N)C#N)cc4C6(c4ccc(CC)cc4)c4ccc(CC)cc4)c32)cc1,-5.65,4.5600000000000005
129.29999999999998,0,8,22,74,8,9,303.4550000000002,3061.0997904127235,CCCCCCC1(CCCCCC)c2cc3c(cc2-c2sc(C=C4C(=O)c5ccccc5C4=C(C#N)C#N)cc21)C(CCCCCC)(CCCCCC)c1cc(C=C2C(=O)c4ccccc4C2=C(C#N)C#N)sc1-3,-5.7,3.64
129.29999999999998,0,8,10,86,12,13,327.93900000000065,4364.136787346423,CCc1ccc(C2(c3ccc(CC)cc3)c3cc4c(cc3-c3sc(/C=C5\C(=O)c6cc(F)c(F)cc6C5=C(C#N)C#N)cc32)C(c2ccc(CC)cc2)(c2ccc(CC)cc2)c2cc(/C=C3\C(=O)c5cc(F)c(F)cc5C3=C(C#N)C#N)sc2-4)cc1,-5.82,4.5600000000000005
129.29999999999998,0,10,10,92,14,15,358.70500000000067,4982.030544838465,CCc1ccc(C2(c3ccc(CC)cc3)c3cc4c(cc3-c3sc5cc(/C=C6\C(=O)c7cc(F)c(F)cc7C6=C(C#N)C#N)sc5c32)C(c2ccc(CC)cc2)(c2ccc(CC)cc2)c2c-4sc3cc(/C=C4\C(=O)c5cc(F)c(F)cc5C4=C(C#N)C#N)sc23)cc1,-5.74,4.5600000000000005
129.29999999999998,0,12,10,98,16,17,389.47100000000074,5608.831737532276,CCc1ccc(C2(c3ccc(CC)cc3)c3cc4c(cc3-c3sc5c(sc6cc(/C=C7\C(=O)c8cc(F)c(F)cc8C7=C(C#N)C#N)sc65)c32)C(c2ccc(CC)cc2)(c2ccc(CC)cc2)c2c-4sc3c2sc2cc(/C=C4\C(=O)c5cc(F)c(F)cc5C4=C(C#N)C#N)sc23)cc1,-5.52,4.5600000000000005
112.22999999999999,0,9,75,142,9,12,620.2345000000024,5249.657556572641,CCCCCCCCCCCCCCCCC1(CCCCCCCCCCCCCCCC)c2cc3c(cc2-c2sc(C=C4C(=O)c5ccc(C)cc5C4=C(C#N)C#N)cc21)C(CCCCCCCCCCCCCCCC)(CCCCCCCCCCCCCCCC)c1cc(/C=C2\Cc4ccc(-c5cc6c(s5)-c5sc(C)cc5C6(CC(CC)CCCC)CC(CC)CCCC)cc4C2=C(C#N)C#N)sc1-3,-5.52,3.14
129.29999999999998,0,12,10,96,14,17,389.55500000000075,5488.544239785922,CCc1ccc(C2(c3ccc(CC)cc3)c3cc4c(cc3-c3sc5c(sc6cc(/C=C7\C(=O)c8cc(F)ccc8C7=C(C#N)C#N)sc65)c32)C(c2ccc(CC)cc2)(c2ccc(CC)cc2)c2c-4sc3c2sc2cc(/C=C4\C(=O)c5cc(F)ccc5C4=C(C#N)C#N)sc23)cc1,-5.52,4.1000000000000005
129.29999999999998,0,12,10,96,14,17,389.55500000000075,5488.544239785922,CCc1ccc(C2(c3ccc(CC)cc3)c3cc4c(cc3-c3sc5c(sc6cc(/C=C7\C(=O)c8c(F)cccc8C7=C(C#N)C#N)sc65)c32)C(c2ccc(CC)cc2)(c2ccc(CC)cc2)c2c-4sc3c2sc2cc(/C=C4\C(=O)c5c(F)cccc5C4=C(C#N)C#N)sc23)cc1,-5.54,4.1000000000000005
129.29999999999998,0,12,10,94,12,17,389.6390000000008,5364.599521697438,CCc1ccc(C2(c3ccc(CC)cc3)c3cc4c(cc3-c3sc5c(sc6cc(/C=C7\C(=O)c8ccccc8C7=C(C#N)C#N)sc65)c32)C(c2ccc(CC)cc2)(c2ccc(CC)cc2)c2c-4sc3c2sc2cc(/C=C4\C(=O)c5ccccc5C4=C(C#N)C#N)sc23)cc1,-5.45,3.64
129.29999999999998,0,14,26,105,18,15,429.07800000000105,5241.491887241386,CCCCCCc1ccc(C2(c3ccc(CCCCCC)s3)Cc3cc4c(cc3-c3sc5cc(C=C6C(=O)c7cc(F)c(F)cc7C6=C(C#N)C#N)sc5c32)C(c2ccc(CCCCCC)s2)(c2ccc(CCCCCC)s2)C2=C4SC3CC(C=C4C(=O)c5cc(F)c(F)cc5C4=C(C#N)C#N)SC23)s1,-5.75,4.5600000000000005
147.76,0,16,28,105,16,15,442.3500000000011,5152.826396932653,CCCCCCc1ccc(C2(c3ccc(CCCCCC)s3)Cc3cc4c(cc3-c3sc5cc(C=C6C(=O)c7ccc(OC)cc7C6=C(C#N)C#N)sc5c32)C(c2ccc(CCCCCC)s2)(c2ccc(CCCCCC)s2)C2=C4SC3CC(C=C4C(=O)c5cc(OC)ccc5C4=C(C#N)C#N)SC23)s1,-5.67,3.64
147.76,0,12,10,90,16,14,344.2510000000007,4676.871072354025,CCc1ccc(C2(c3ccc(CC)cc3)Oc3c(sc4c5c(sc34)-c3sc(/C=C4\C(=O)c6cc(F)c(F)cc6C4=C(C#N)C#N)cc3C(c3ccc(CC)cc3)(c3ccc(CC)cc3)O5)-c3sc(/C=C4\C(=O)c5cc(F)c(F)cc5C4=C(C#N)C#N)cc32)cc1,-5.64,4.5600000000000005
147.76,0,12,10,88,14,14,344.33500000000066,4559.470567950308,CCc1ccc(C2(c3ccc(CC)cc3)Oc3c(sc4c5c(sc34)-c3sc(/C=C4\C(=O)c6ccc(F)cc6C4=C(C#N)C#N)cc3C(c3ccc(CC)cc3)(c3ccc(CC)cc3)O5)-c3sc(/C=C4\C(=O)c5ccc(F)cc5C4=C(C#N)C#N)cc32)cc1,-5.6,4.1000000000000005
147.76,0,12,10,86,12,14,344.4190000000007,4438.465294221419,CCc1ccc(C2(c3ccc(CC)cc3)Oc3c(sc4c5c(sc34)-c3sc(/C=C4\C(=O)c6ccccc6C4=C(C#N)C#N)cc3C(c3ccc(CC)cc3)(c3ccc(CC)cc3)O5)-c3sc(/C=C4\C(=O)c5ccccc5C4=C(C#N)C#N)cc32)cc1,-5.57,3.64
129.29999999999998,0,10,9,70,14,10,269.12599999999975,3679.299832593245,CCSc1cc(C=C2C(=O)c3cc(F)c(F)cc3C2=C(C#N)C#N)sc1-c1cc2c(s1)-c1cc3c(cc1C2(CC)CC)-c1sc(C=C2C(=O)c4cc(F)c(F)cc4C2=C(C#N)C#N)cc1C3(CC)CC,-5.76,4.5600000000000005
129.29999999999998,0,8,38,126,10,16,516.4030000000017,5866.14372638697,CCCCCC(CCCC)c1ccc(C2(c3ccc(C(CCCC)CCCCC)cc3)C3=C(c4cc5c(cc42)-c2sc(C=C4C(=O)c6ccc(F)cc6C4=C(C#N)C#N)cc2C5)C(c2ccc(C(CCCC)CCCCC)cc2)(c2ccc(C(CCCC)CCCCC)cc2)c2cc4c(cc23)CC2C=C(C=C3C(=O)c5cc(F)ccc5C3=C(C#N)C#N)SC42)cc1,-5.53,4.1000000000000005
129.29999999999998,0,8,18,130,10,22,531.6130000000018,7150.646897387099,CCc1ccc(C2(c3ccc(CC)cc3)c3cc4c(cc3-c3[se]c(/C=C5\C(=O)c6ccccc6C5=C(C#N)C#N)cc32)C(c2ccc(CC)cc2)(c2ccc(CC)cc2)c2c-4sc3c4c(sc23)-c2cc3c(cc2C4(c2ccc(CC)cc2)c2ccc(CC)cc2)-c2[se]c(/C=C4\C(=O)c5ccccc5C4=C(C#N)C#N)cc2C3(c2ccc(CC)cc2)c2ccc(CC)cc2)cc1,-5.41,3.64
147.76,0,12,42,130,16,15,546.2470000000017,6171.895871570498,CCCCCCc1ccc(C2(c3ccc(CCCCCC)cc3)c3cc4c(cc3-c3sc(-c5sc(C=C6C(=O)c7cc(Cl)c(Cl)cc7C6=C(C#N)C#N)cc5OCC(CC)CCCC)cc32)C(c2ccc(CCCCCC)cc2)(c2ccc(CCCCCC)cc2)c2cc(-c3sc(C=C5C(=O)c6ccc(Cl)c(Cl)c6C5=C(C#N)C#N)cc3OCC(CC)CCCC)sc2-4)cc1,-5.66,4.5600000000000005
147.76,0,12,12,86,16,13,333.39100000000064,4553.099801120025,CCOc1cc(-c2cc3c(s2)-c2sc(/C=C4\C(=O)c5cc6cc(F)c(F)cc6cc5C4=C(C#N)C#N)cc2C3(CC)CC)c(OCC)cc1-c1cc2c(s1)-c1sc(/C=C3\C(=O)c4cc5cc(F)c(F)cc5cc4C3=C(C#N)C#N)cc1C2(CC)CC,-5.44,4.5600000000000005
147.76,0,12,12,84,14,13,333.4750000000007,4436.7039180546235,CCOc1cc(-c2cc3c(s2)-c2sc(/C=C4\C(=O)c5cc6ccc(F)cc6cc5C4=C(C#N)C#N)cc2C3(CC)CC)c(OCC)cc1-c1cc2c(s1)-c1sc(/C=C3\C(=O)c4cc5ccc(F)cc5cc4C3=C(C#N)C#N)cc1C2(CC)CC,-5.39,4.1000000000000005
147.76,0,12,12,82,12,13,333.5590000000007,4316.7235892993385,CCOc1cc(-c2cc3c(s2)-c2sc(/C=C4\C(=O)c5cc6ccccc6cc5C4=C(C#N)C#N)cc2C3(CC)CC)c(OCC)cc1-c1cc2c(s1)-c1sc(/C=C3\C(=O)c4cc5ccccc5cc4C3=C(C#N)C#N)cc1C2(CC)CC,-5.35,3.64
147.76,0,12,42,130,16,15,526.0390000000016,5810.895871570496,CCCCCCc1ccc(C2(c3ccc(CCCCCC)cc3)c3cc4c(cc3-c3sc(-c5sc(C=C6C(=O)c7cc(F)c(F)cc7C6=C(C#N)C#N)cc5OCC(CC)CCCC)cc32)C(c2ccc(CCCCCC)cc2)(c2ccc(CCCCCC)cc2)c2cc(-c3sc(C=C5C(=O)c6cc(F)c(F)cc6C5=C(C#N)C#N)cc3OCC(CC)CCCC)sc2-4)cc1,-5.44,4.5600000000000005
178.47,0,14,13,83,19,12,315.1390000000006,4247.05401090545,CCOc1c(OCC)c(-c2cc3c(s2)-c2sc(/C=C4\C(=O)c5cc(F)c(F)cc5C4=C(C#N)C#N)cc2C3(CC)CC)c2nn(CC)nc2c1-c1cc2c(s1)-c1sc(/C=C3\C(=O)c4cc(F)c(F)cc4C3=C(C#N)C#N)cc1C2(CC)CC,-5.45,4.5600000000000005
178.47,0,14,15,87,19,12,333.8950000000008,4391.04497322833,CCOc1c(OCC)c(-c2cc3c(s2)-c2sc(/C=C4\C(=O)c5cc(F)c(F)cc5C4=C(C#N)C#N)c(CC)c2C3(CC)CC)c2nn(CC)nc2c1-c1cc2c(s1)-c1sc(/C=C3\C(=O)c4cc(F)c(F)cc4C3=C(C#N)C#N)c(CC)c1C2(CC)CC,-5.43,4.5600000000000005
129.29999999999998,0,10,15,84,14,10,333.7770000000009,4083.3804419458656,CCc1cc(CC)c(-c2cc(-c3cc(-c4c(CC)cc(CC)cc4CC)c(-c4sc(/C=C5\C(=O)c6cc(F)c(F)cc6C5=C(C#N)C#N)cc4CC)s3)sc2-c2sc(/C=C3\C(=O)c4cc(F)c(F)cc4C3=C(C#N)C#N)cc2CC)c(CC)c1,-5.67,4.5600000000000005
156.57999999999998,0,12,14,90,14,15,367.88000000000073,4895.848932212173,CCc1ccc(C2(c3ccc(CC)cc3)c3cc4c(cc3-c3sc5cc(-c6ccc(C=C(C#N)C#N)c7nn(CC)nc67)sc5c32)C(c2ccc(CC)cc2)(c2ccc(CC)cc2)c2c-4sc3cc(-c4ccc(C=C(C#N)C#N)c5nn(CC)nc45)sc23)cc1,-5.41,2.64
156.57999999999998,0,10,14,84,12,13,337.1140000000007,4279.0879088203965,CCc1ccc(C2(c3ccc(CC)cc3)c3cc4c(cc3-c3sc(-c5ccc(C=C(C#N)C#N)c6nn(CC)nc56)cc32)C(c2ccc(CC)cc2)(c2ccc(CC)cc2)c2cc(-c3ccc(C=C(C#N)C#N)c5nn(CC)nc35)sc2-4)cc1,-5.56,2.64
102.04,0,14,16,98,18,17,420.58000000000095,5161.253426220658,CCc1ccc(C2(c3ccc(CC)cc3)c3cc4c(cc3-c3sc5cc(-c6ccc(/C=C7\SC(=S)N(CC)C7=O)c7nn(CC)nc67)sc5c32)C(c2ccc(CC)cc2)(c2ccc(CC)cc2)c2c-4sc3cc(-c4ccc(/C=C5\SC(=S)N(CC)C5=O)c5nn(CC)nc45)sc23)cc1,-5.29,1.0
200.57999999999998,0,16,16,106,20,17,432.8820000000009,6254.089497220664,CCc1ccc(C2(c3ccc(CC)cc3)c3cc4c(cc3-c3sc5cc(-c6ccc(/C=c7\sc(=C(C#N)C#N)n(CC)c7=O)c7nn(CC)nc67)sc5c32)C(c2ccc(CC)cc2)(c2ccc(CC)cc2)c2c-4sc3cc(-c4ccc(/C=c5\sc(=C(C#N)C#N)n(CC)c5=O)c5nn(CC)nc45)sc23)cc1,-5.34,2.64
200.57999999999998,0,14,16,100,18,15,402.11600000000084,5617.216588946379,CCc1ccc(C2(c3ccc(CC)cc3)c3cc4c(cc3-c3sc(-c5ccc(/C=c6/sc(=C(C#N)C#N)n(CC)c6=O)c6nn(CC)nc56)cc32)C(c2ccc(CC)cc2)(c2ccc(CC)cc2)c2cc(-c3ccc(/C=c5/sc(=C(C#N)C#N)n(CC)c5=O)c5nn(CC)nc35)sc2-4)cc1,-5.49,2.64
102.04,0,12,16,92,16,15,389.8140000000009,4543.442033920107,CCc1ccc(C2(c3ccc(CC)cc3)c3cc4c(cc3-c3sc(-c5ccc(/C=C6/SC(=S)N(CC)C6=O)c6nn(CC)nc56)cc32)C(c2ccc(CC)cc2)(c2ccc(CC)cc2)c2cc(-c3ccc(/C=C5/SC(=S)N(CC)C5=O)c5nn(CC)nc35)sc2-4)cc1,-5.46,1.0
200.57999999999998,0,16,46,118,20,13,500.4300000000015,5519.904215862827,CCCCCCCCC1(CCCCCCCC)c2cc3c(cc2-c2sc(-c4c5ccsc5c(C=c5sc(=C(C#N)C#N)n(CC)c5=O)c5nn(CC(CC)CCCC)nc45)cc21)C(CCCCCCCC)(CCCCCCCC)c1cc(-c2c4ccsc4c(C=c4sc(=C(C#N)C#N)n(CC)c4=O)c4nn(CC(CC)CCCC)nc24)sc1-3,-5.41,2.64
200.57999999999998,0,14,18,110,18,17,441.8560000000011,6280.017167491109,CCc1ccc(C2(c3ccc(CC)cc3)c3cc4c(cc3-c3sc(-c5ccc(/C=c6/sc(=C(C#N)C#N)n(Cc7ccccc7)c6=O)c6nn(CC)nc56)cc32)C(c2ccc(CC)cc2)(c2ccc(CC)cc2)c2cc(-c3ccc(/C=c5/sc(=C(C#N)C#N)n(Cc6ccccc6)c5=O)c5nn(CC)nc35)sc2-4)cc1,-5.55,2.64
200.57999999999998,0,14,16,108,18,17,433.442000000001,6240.983096675217,CCc1ccc(C2(c3ccc(CC)cc3)c3cc4c(cc3-c3sc(-c5ccc(/C=c6/sc(=C(C#N)C#N)n(-c7ccccc7)c6=O)c6nn(CC)nc56)cc32)C(c2ccc(CC)cc2)(c2ccc(CC)cc2)c2cc(-c3ccc(/C=c5/sc(=C(C#N)C#N)n(-c6ccccc6)c5=O)c5nn(CC)nc35)sc2-4)cc1,-5.5,2.64
164.94,0,13,6,67,15,12,273.83400000000006,3999.756197940637,CCc1c(/C=C2\C(=O)c3ccccc3C2=C(C#N)C#N)sc2c1sc1c3c4nsnc4c4c5sc6c(CC)c(/C=C7\C(=O)c8ccccc8C7=C(C#N)C#N)sc6c5n(CC)c4c3n(CC)c21,-5.55,3.64
129.29999999999998,0,10,26,105,10,15,437.34700000000123,5389.587503753232,CCCCCCc1ccc(C2(c3ccc(CCCCCC)cc3)Cc3cc4c(cc3-c3sc5cc(C=C6C(=O)c7ccccc7C6=C(C#N)C#N)sc5c32)C(c2ccc(CCCCCC)cc2)(c2ccc(CCCCCC)cc2)c2c-4sc3cc(C=C4C(=O)c5ccccc5C4=C(C#N)C#N)sc23)cc1,-5.48,3.64
129.29999999999998,0,12,10,86,12,15,354.62700000000063,4655.784628825252,CCc1ccc(C2(c3ccc(CC)cc3)c3cc4c(cc3-c3sc5cc(/C=C6\C(=O)c7cscc7C6=C(C#N)C#N)sc5c32)C(c2ccc(CC)cc2)(c2ccc(CC)cc2)c2c-4sc3cc(/C=C4\C(=O)c5cscc5C4=C(C#N)C#N)sc23)cc1,-5.62,3.64
129.29999999999998,0,12,10,88,12,15,364.1010000000007,4764.133448226794,CCc1ccc(C2(c3ccc(CC)cc3)c3cc4c(cc3-c3sc5cc(/C=C6\C(=O)c7c(csc7C)C6=C(C#N)C#N)sc5c32)C(c2ccc(CC)cc2)(c2ccc(CC)cc2)c2c-4sc3cc(/C=C4\C(=O)c5c(csc5C)C4=C(C#N)C#N)sc23)cc1,-5.57,3.64
129.29999999999998,0,10,26,104,10,15,432.7450000000015,5026.7086641782125,CCCCCCc1ccc(C2(c3ccc(CCCCCC)cc3)c3cc(C=C4C(=O)c5ccccc5C4=C(C#N)C#N)sc3-c3sc4cc5c6c(sc5cc4c32)-c2sc(C=C3C(=O)c4ccccc4C3=C(C#N)C#N)cc2C6(c2ccc(CCCCCC)cc2)c2ccc(CCCCCC)cc2)cc1,-5.51,3.64
129.29999999999998,0,10,26,104,10,15,432.7450000000012,5026.708664178212,CCCCCCc1ccc(C2(c3ccc(CCCCCC)cc3)c3cc4c(cc3-c3sc5cc(C=C6C(=O)c7ccccc7C6=C(C#N)C#N)sc5c32)C(c2ccc(CCCCCC)cc2)(c2ccc(CCCCCC)cc2)c2c-4sc3cc(C=C4C(=O)c5ccccc5C4=C(C#N)C#N)sc23)cc1,-5.55,3.64
234.49999999999994,0,18,46,124,22,12,486.54100000000176,5346.31266133092,CCCCCCC(CCCC)COC(=O)C1(C(=O)OCC(CCCC)CCCCCC)C2=C(c3cc4c(cc31)C1SC(C=C3C(=O)c5cc(F)c(F)cc5C3=C(C#N)C#N)=CC1S4)C(C(=O)OCC(CCCC)CCCCCC)(C(=O)OCC(CCCC)CCCCCC)c1cc3c(cc12)sc1cc(C=C2C(=O)c4cc(F)c(F)cc4C2=C(C#N)C#N)sc13,-5.8,8.360000000000001
234.49999999999994,0,16,46,124,20,12,479.44300000000175,5187.031055016541,CCCCCCC(CCCC)COC(=O)C1(C(=O)OCC(CCCC)CCCCCC)C2=C(c3cc4c(cc31)-c1sc(C=C3C(=O)c5cc(F)c(F)cc5C3=C(C#N)C#N)cc1C4)C(C(=O)OCC(CCCC)CCCCCC)(C(=O)OCC(CCCC)CCCCCC)c1cc3c(cc12)CC1C=C(C=C2C(=O)c4cc(F)c(F)cc4C2=C(C#N)C#N)SC31,-5.65,8.360000000000001
242.66999999999996,0,17,46,126,22,12,490.1810000000018,5441.87043950996,CCCCCCC(CCCC)COC(=O)C1(C(=O)OCC(CCCC)CCCCCC)C2=C(c3cc4c(cc31)C1SC(C=C3C(=O)c5cc(F)c(F)cc5C3=C(C#N)C#N)=CC1N4C)C(C(=O)OCC(CCCC)CCCCCC)(C(=O)OCC(CCCC)CCCCCC)c1cc3c4sc(C=C5C(=O)c6cc(F)c(F)cc6C5=C(C#N)C#N)cc4n(C)c3cc12,-5.6,8.360000000000001
129.29999999999998,0,10,14,111,14,18,437.259000000001,6391.276013962971,CCc1ccc(C2(c3ccc(CC)cc3)c3cc4c(cc3-c3sc(/C=C5\C(=O)c6cc(F)c(F)cc6C5=C(C#N)C#N)cc32)C(c2ccc(CC)cc2)(c2ccc(CC)cc2)c2c-4sc3c2C(c2ccc(CC)cc2)(c2ccc(CC)cc2)c2c-3sc3cc(/C=C4\C(=O)c5cc(F)c(F)cc5C4=C(C#N)C#N)sc23)cc1,-5.5,4.5600000000000005
129.29999999999998,0,10,14,111,14,18,437.25900000000104,6391.276013962971,CCc1ccc(C2(c3ccc(CC)cc3)c3cc4c(cc3-c3sc5c(c32)C(c2ccc(CC)cc2)(c2ccc(CC)cc2)c2cc(/C=C3/C(=O)c6cc(F)c(F)cc6C3=C(C#N)C#N)sc2-5)C(c2ccc(CC)cc2)(c2ccc(CC)cc2)c2c-4sc3cc(/C=C4\C(=O)c5cc(F)c(F)cc5C4=C(C#N)C#N)sc23)cc1,-5.53,4.5600000000000005
129.29999999999998,0,10,14,111,14,18,437.25900000000127,6391.276013962973,CCc1ccc(C2(c3ccc(CC)cc3)c3cc4c(cc3-c3sc(/C=C5\C(=O)c6cc(F)c(F)cc6C5=C(C#N)C#N)cc32)C(c2ccc(CC)cc2)(c2ccc(CC)cc2)c2c-4sc3c4c(sc23)-c2sc(/C=C3\C(=O)c5cc(F)c(F)cc5C3=C(C#N)C#N)cc2C4(c2ccc(CC)cc2)c2ccc(CC)cc2)cc1,-5.62,4.5600000000000005
129.29999999999998,0,10,10,92,12,15,368.2630000000008,4972.537670318731,CCc1ccc(C2(c3ccc(CC)cc3)c3cc4c(cc3-c3sc5cc(/C=C6\C(=O)c7cc(C)c(F)cc7C6=C(C#N)C#N)sc5c32)C(c2ccc(CC)cc2)(c2ccc(CC)cc2)c2c-4sc3cc(/C=C4\C(=O)c5cc(C)c(F)cc5C4=C(C#N)C#N)sc23)cc1,-5.59,4.1000000000000005
129.29999999999998,0,10,10,92,10,15,377.8210000000009,4958.972653531037,CCc1ccc(C2(c3ccc(CC)cc3)c3cc4c(cc3-c3sc5cc(/C=C6\C(=O)c7cc(C)c(C)cc7C6=C(C#N)C#N)sc5c32)C(c2ccc(CC)cc2)(c2ccc(CC)cc2)c2c-4sc3cc(/C=C4\C(=O)c5cc(C)c(C)cc5C4=C(C#N)C#N)sc23)cc1,-5.58,3.64
155.07999999999998,0,13,12,97,17,16,380.61000000000064,5258.883944458861,CCC1(CC)c2cc3c(cc2-c2sc(/C=C4\C(=O)c5cc(F)c(F)cc5C4=C(C#N)C#N)cc21)C(CC)(CC)c1cc(-c2ccc(-c4cc5c(s4)-c4cc6c(cc4C5(CC)CC)-c4sc(/C=C5\C(=O)c7cc(F)c(F)cc7C5=C(C#N)C#N)cc4C6(CC)CC)c4nsnc24)sc1-3,-5.48,4.5600000000000005
129.29999999999998,0,10,11,88,14,14,344.2010000000007,4549.602483060213,CCC1(CC)c2cc3c(cc2-c2sc(/C=C4\C(=O)c5cc(F)c(F)cc5C4=C(C#N)C#N)cc21)C(CC)(CC)c1cc(-c2cc4c(s2)-c2cc5c(cc2C4(CC)CC)-c2sc(/C=C4\C(=O)c6cc(F)c(F)cc6C4=C(C#N)C#N)cc2C5(CC)CC)sc1-3,-5.44,4.5600000000000005
129.29999999999998,0,12,12,96,16,16,382.89700000000073,5177.766021721784,CCC1(CC)c2cc3c(cc2-c2sc(/C=C4\C(=O)c5cc(F)c(F)cc5C4=C(C#N)C#N)cc21)C(CC)(CC)c1cc(-c2cc4sc(-c5cc6c(s5)-c5cc7c(cc5C6(CC)CC)-c5sc(/C=C6\C(=O)c8cc(F)c(F)cc8C6=C(C#N)C#N)cc5C7(CC)CC)cc4s2)sc1-3,-5.43,4.5600000000000005
129.29999999999998,0,10,10,96,10,17,393.88500000000084,5451.826667376342,CCc1ccc(C2(c3ccc(CC)cc3)c3cc4c(cc3-c3sc5cc(/C=C6\C(=O)c7cc8ccccc8cc7C6=C(C#N)C#N)sc5c32)C(c2ccc(CC)cc2)(c2ccc(CC)cc2)c2c-4sc3cc(/C=C4\C(=O)c5cc6ccccc6cc5C4=C(C#N)C#N)sc23)cc1,-5.42,3.64
166.22,0,14,14,100,14,17,401.0490000000009,5542.299608933934,CCOc1ccc(C2(c3ccc(OCC)cc3)c3cc4c(cc3-c3sc5cc(/C=C6\C(=O)c7cc8ccccc8cc7C6=C(C#N)C#N)sc5c32)C(c2ccc(OCC)cc2)(c2ccc(OCC)cc2)c2c-4sc3cc(/C=C4\C(=O)c5cc6ccccc6cc5C4=C(C#N)C#N)sc23)cc1,-5.41,3.64
172.49999999999994,0,16,26,72,16,8,304.0980000000004,3084.55851118383,CCCCCC[C@@H](CCCC)Cc1cc(-c2ccc(C=C(C#N)C#N)c3nsnc23)sc1-c1nc2sc(-c3sc(-c4ccc(C=C(C#N)C#N)c5nsnc45)cc3C[C@@H](CCCC)CCCCCC)nc2s1,-5.7,2.64
216.49999999999994,0,20,28,88,22,10,369.10000000000093,4363.531726966481,CCCCCC[C@@H](CCCC)Cc1cc(-c2ccc(/C=c3\sc(=C(C#N)C#N)n(CC)c3=O)c3nsnc23)sc1-c1nc2sc(-c3sc(-c4ccc(/C=c5\sc(=C(C#N)C#N)n(CC)c5=O)c5nsnc45)cc3C[C@@H](CCCC)CCCCCC)nc2s1,-5.5,2.64
169.87,0,11,7,70,18,11,264.06999999999977,4273.362917383444,CCc1c(C=C2C(=O)c3cc(F)c(F)cc3C2=C(C#N)C#N)sc2c1sc1c3c4nn(CC)nc4c4c5sc(C=C6C(=O)c7cc(F)c(F)cc7C6=C(C#N)C#N)c(CC)c5n(CC)c4c3n(CC)c21,-5.69,4.5600000000000005
129.29999999999998,0,8,10,90,8,15,363.1190000000007,4825.88730703766,CCc1ccc(C2(c3ccc(CC)cc3)c3cc4c(cc3-c3sc(/C=C5\C(=O)c6cc7ccccc7cc6C5=C(C#N)C#N)cc32)C(c2ccc(CC)cc2)(c2ccc(CC)cc2)c2cc(/C=C3\C(=O)c5cc6ccccc6cc5C3=C(C#N)C#N)sc2-4)cc1,-5.81,3.64
147.75999999999996,0,10,14,96,10,15,385.45700000000096,5019.733985279212,CCOc1c(/C=C2\C(=O)c3cc4ccccc4cc3C2=C(C#N)C#N)sc2c1C(c1ccc(CC)cc1)(c1ccc(CC)cc1)c1cc3c(cc1-2)C(c1ccc(CC)cc1)(c1ccc(CC)cc1)c1c-3sc(/C=C2\C(=O)c3cc4ccccc4cc3C2=C(C#N)C#N)c1OCC,-5.77,3.64
129.29999999999998,0,10,10,90,12,15,358.7890000000007,4863.619479018236,CCc1ccc(C2(c3ccc(CC)cc3)c3cc4c(cc3-c3sc5cc(/C=C6\C(=O)c7ccc(F)cc7C6=C(C#N)C#N)sc5c32)C(c2ccc(CC)cc2)(c2ccc(CC)cc2)c2c-4sc3cc(/C=C4\C(=O)c5ccc(F)cc5C4=C(C#N)C#N)sc23)cc1,-5.66,4.1000000000000005
61.17,0,5,3,35,6,7,140.75999999999982,1687.0204078667334,CCN1C(=O)c2c(c(-c3cccs3)c3c(c2-c2cccs2)-c2cccc4c(C#N)ccc-3c24)C1=O,-5.65,1.66
73.36,0,5,4,32,5,5,128.85200000000003,1459.8065595707462,CCC1(CC)c2ccccc2-c2ccc(-c3ccc(C=C(C#N)C#N)c4nsnc34)cc21,-6.2,1.32
74.76,0,10,10,58,12,10,244.66399999999945,2817.259046759093,CCc1ccc(-c2ccc(-c3ccc(-c4cc5c6c(c(-c7ccc(-c8ccc(-c9ccc(CC)s9)s8)s7)cc7c6c4C(=O)N(CC)C7=O)C(=O)N(CC)C5=O)s3)s2)s1,-5.5,2.0
73.36,0,7,4,30,8,5,129.228,1390.2650606405607,CC[Si]1(CC)c2ccsc2-c2sc(-c3ccc(C=C(C#N)C#N)c4nsnc34)cc21,-5.4,1.32
81.24000000000001,0,8,12,65,13,11,270.35399999999976,2970.3565150998465,CCN1C(=O)C2=C(c3ccc(-c4ccc5c(c4)[Si](CC)(CC)c4cc(-c6ccc(C7=C8C(=O)N(CC)C(c9cccs9)=C8C(=O)N7CC)s6)ccc4-5)s3)N(CC)C(=O)C2=C1c1cccs1,-5.23,2.0
167.98,0,12,18,124,16,23,494.1100000000015,7247.079338607156,CCOc1cc2c3c(ccc4c5c(-c6cc7c(s6)-c6cc8c(cc6C7(c6ccc(CC)cc6)c6ccc(CC)cc6)-c6sc(-c7cc9c%10c(ccc%11c%12c(OCC)cc%13c%14c(ccc(c7c%10%11)c%14%12)C(=O)N(CC)C%13=O)C(=O)N(CC)C9=O)cc6C8(c6ccc(CC)cc6)c6ccc(CC)cc6)cc6c7c(ccc(c1c34)c75)C(=O)N(CC)C6=O)C(=O)N(CC)C2=O,-5.53,4.0
157.61999999999998,0,14,18,94,16,13,386.68800000000107,4939.6760644756105,CCOc1cc(/C=c2/sc(=C(C#N)C#N)n(CC)c2=O)sc1-c1cc2c(s1)-c1cc3c(cc1C2(c1ccc(CC)cc1)c1ccc(CC)cc1)-c1sc(-c2sc(/C=c4/sc(=C(C#N)C#N)n(CC)c4=O)cc2OCC)cc1C3(c1ccc(CC)cc1)c1ccc(CC)cc1,-5.37,2.64
139.16,0,12,16,92,14,13,383.10600000000085,4892.363789927204,CCc1ccc(C2(c3ccc(CC)cc3)c3cc4c(cc3-c3sc(-c5sc(/C=c6/sc(=C(C#N)C#N)n(CC)c6=O)cc5CC)cc32)C(c2ccc(CC)cc2)(c2ccc(CC)cc2)c2cc(-c3sc(/C=c5/sc(=C(C#N)C#N)n(CC)c5=O)cc3CC)sc2-4)cc1,-5.5,2.64
37.38,0,2,3,47,3,10,195.2369999999996,2658.4214247215587,CCN1C(=O)c2ccc3c4c(-c5ccccc5C)c5c6cccc7cccc(c5c(-c5ccccc5C)c4c4ccc(c2c34)C1=O)c76,-5.99,1.0
190.71999999999997,0,14,14,98,16,15,398.008000000001,5656.989122463339,CCn1c(=C(C#N)C#N)s/c(=C/c2ccc(-c3cc4c(s3)-c3cc5c(cc3C4(CC)CC)-c3sc(-c4ccc(/C=c6/sc(=C(C#N)C#N)n(CC)c6=O)c6nc(-c7ccccc7)c(-c7ccccc7)nc46)cc3C5(CC)CC)c3nc(-c4ccccc4)c(-c4ccccc4)nc23)c1=O,-5.27,2.64
190.71999999999997,0,14,10,74,16,11,296.2640000000004,4153.011307716345,CCn1c(=C(C#N)C#N)s/c(=C/c2ccc(-c3cc4c(s3)-c3cc5c(cc3C4(CC)CC)-c3sc(-c4ccc(/C=c6/sc(=C(C#N)C#N)n(CC)c6=O)c6nccnc46)cc3C5(CC)CC)c3nccnc23)c1=O,-5.3,2.64
190.71999999999997,0,14,18,122,16,19,496.53200000000135,7119.423964215251,CCc1ccc(C2(c3ccc(CC)cc3)c3cc4c(cc3-c3sc(-c5ccc(/C=c6/sc(=C(C#N)C#N)n(CC)c6=O)c6nc(-c7ccccc7)c(-c7ccccc7)nc56)cc32)C(c2ccc(CC)cc2)(c2ccc(CC)cc2)c2cc(-c3ccc(/C=c5/sc(=C(C#N)C#N)n(CC)c5=O)c5nc(-c6ccccc6)c(-c6ccccc6)nc35)sc2-4)cc1,-5.38,2.64
174.8,0,15,8,63,19,10,263.4509999999998,3924.720619013293,CCc1c(/C=c2/sc(=C(C#N)C#N)n(CC)c2=O)sc2c1sc1c3c4nsnc4c4c5sc6c(CC)c(/C=c7/sc(=C(C#N)C#N)n(CC)c7=O)sc6c5n(CC)c4c3n(CC)c21,-5.42,2.64
84.86000000000001,0,13,10,45,15,6,197.4849999999997,1787.1870614717475,CCOc1c(OCC)c(-c2ccc(/C=C3\SC(=S)N(CC)C3=O)s2)c2nsnc2c1-c1ccc(/C=C2\SC(=S)N(CC)C2=O)s1,-5.61,1.0
237.49999999999994,0,18,20,108,22,15,428.324000000001,5935.281422291689,CCc1ccc(C2(c3ccc(CC)cc3)c3cc4c(cc3-c3sc(-c5c(OC)c(OC)c(/C=c6\sc(=C(C#N)C#N)n(CC)c6=O)c6nn(CC)nc56)cc32)C(c2ccc(CC)cc2)(c2ccc(CC)cc2)c2cc(-c3c(OC)c(OC)c(/C=c5/sc(=C(C#N)C#N)n(CC)c5=O)c5nn(CC)nc35)sc2-4)cc1,-5.37,2.64
138.95999999999998,0,16,20,100,20,15,416.022000000001,4852.537476212589,CCc1ccc(C2(c3ccc(CC)cc3)c3cc4c(cc3-c3sc(-c5c(OC)c(OC)c(/C=C6\SC(=S)N(CC)C6=O)c6nn(CC)nc56)cc32)C(c2ccc(CC)cc2)(c2ccc(CC)cc2)c2cc(-c3c(OC)c(OC)c(/C=C5/SC(=S)N(CC)C5=O)c5nn(CC)nc35)sc2-4)cc1,-5.41,1.0
173.10000000000002,0,16,20,100,20,15,401.61800000000096,4851.557026221243,CCc1ccc(C2(c3ccc(CC)cc3)c3cc4c(cc3-c3sc(-c5c(OC)c(OC)c(/C=C6\SC(=O)N(CC)C6=O)c6nn(CC)nc56)cc32)C(c2ccc(CC)cc2)(c2ccc(CC)cc2)c2cc(-c3c(OC)c(OC)c(/C=C5\SC(=O)N(CC)C5=O)c5nn(CC)nc35)sc2-4)cc1,-5.32,2.0
139.16,0,10,12,88,12,13,360.3490000000008,4859.660562787129,CCc1ccc(C2(c3ccc(CC)cc3)c3cc4c(cc3-c3sc(C5=C/C(=c6/sc(=C(C#N)C#N)n(CC)c6=O)CCC5)cc32)C(c2ccc(CC)cc2)(c2ccc(CC)cc2)c2cc(C3C=C/C(=c5/sc(=C(C#N)C#N)n(CC)c5=O)CC3)sc2-4)cc1,-5.34,2.64
139.16,0,10,12,78,12,11,317.72400000000073,4059.2076433106326,CCc1ccc(C2(c3ccc(CC)cc3)c3cc4c(cc3-c3sc(/C=c5/sc(=C(C#N)C#N)n(CC)c5=O)cc32)C(c2ccc(CC)cc2)(c2ccc(CC)cc2)c2cc(/C=c3/sc(=C(C#N)C#N)n(CC)c3=O)sc2-4)cc1,-5.44,2.64
139.16,0,12,12,84,14,13,348.4900000000007,4670.57947535031,CCc1ccc(C2(c3ccc(CC)cc3)c3cc4c(cc3-c3sc5cc(/C=c6/sc(=C(C#N)C#N)n(CC)c6=O)sc5c32)C(c2ccc(CC)cc2)(c2ccc(CC)cc2)c2c-4sc3cc(/C=c4/sc(=C(C#N)C#N)n(CC)c4=O)sc23)cc1,-5.32,2.64
139.16,0,12,12,94,14,15,391.82800000000077,5180.208972185041,CCc1ccc(C2(c3ccc(CC)cc3)c3cc4c(cc3-c3sc5cc(C6=C/C(=c7/sc(=C(C#N)C#N)n(CC)c7=O)CCC6)sc5c32)C(c2ccc(CC)cc2)(c2ccc(CC)cc2)c2c-4sc3cc(C4=C/C(=c5/sc(=C(C#N)C#N)n(CC)c5=O)CCC4)sc23)cc1,-5.25,2.64
129.29999999999998,0,10,26,108,14,15,452.7850000000012,5269.724206340341,CCCCCCc1ccc(C2(c3ccc(CCCCCC)cc3)c3cc4c(cc3-c3sc5cc(C=C6C(=O)c7cc(Cl)c(Cl)cc7C6=C(C#N)C#N)sc5c32)C(c2ccc(CCCCCC)cc2)(c2ccc(CCCCCC)cc2)c2c-4sc3cc(C=C4C(=O)c5cc(Cl)c(Cl)cc5C4=C(C#N)C#N)sc23)cc1,-5.75,4.5600000000000005
129.29999999999998,0,10,10,90,10,15,368.34700000000083,4850.126604498502,CCc1ccc(C2(c3ccc(CC)cc3)c3cc4c(cc3-c3sc5cc(/C=C6\C(=O)c7ccc(C)cc7C6=C(C#N)C#N)sc5c32)C(c2ccc(CC)cc2)(c2ccc(CC)cc2)c2c-4sc3cc(/C=C4\C(=O)c5ccc(C)cc5C4=C(C#N)C#N)sc23)cc1,-5.58,3.64
198.89,0,14,49,134,20,15,548.7940000000017,6524.225650027856,CCCCCCCCc1ccc(C2(c3ccc(CCCCCC)cc3)c3cc4c(cc3-c3sc(-c5c(F)cc(C=c6sc(=C(C#N)C#N)n(CC)c6=O)c6nn(CCCCCCCC)nc56)cc32)C(c2ccc(CCCCCC)cc2)(c2ccc(CCCCCCCC)cc2)c2cc(-c3c(F)cc(CC5SC(=C(C#N)C#N)N(CC)C5=O)c5nn(CCCCCCCC)nc35)sc2-4)cc1,-5.55,3.6
68.28,0,8,26,100,12,15,425.1540000000012,4611.000773233249,CCCCCCc1ccc(C2(c3ccc(CCCCCC)cc3)c3cc4c(cc3-c3sc5cc(C=C6C(=O)c7cc(Cl)c(Cl)cc7C6=O)sc5c32)C(c2ccc(CCCCCC)cc2)(c2ccc(CCCCCC)cc2)c2c-4sc3cc(C=C4C(=O)c5cc(Cl)c(Cl)cc5C4=O)sc23)cc1,-5.72,2.92
224.27999999999997,0,18,14,102,24,18,395.9560000000005,6075.576512386897,CCN1C(=O)c2ccc3c4c(c(-c5ccc(-c6ccc(-c7cc8c9c(c(-c%10ccc(-c%11ccc(-c%12cc%13c%14c(c(-c%15ccc(-c%16cccs%16)s%15)cc%15c%14c%12C(=O)N(CC)C%15=O)C(=O)N(CC)C%13=O)s%11)s%10)cc%10c9c7C(=O)N(CC)C%10=O)C(=O)N(CC)C8=O)s6)s5)cc(c24)C1=O)C(=O)N(CC)C3=O,-5.6,6.0
129.29999999999998,0,14,30,108,14,15,460.82500000000124,5114.375899819956,CCCCCCSc1ccc(C2(c3ccc(SCCCCCC)cc3)c3cc4c(cc3-c3sc5cc(/C=C6/C(=O)c7ccccc7C6=C(C#N)C#N)sc5c32)C(c2ccc(SCCCCCC)cc2)(c2ccc(SCCCCCC)cc2)c2c-4sc3cc(/C=C4/C(=O)c5ccccc5C4=C(C#N)C#N)sc23)cc1,-5.68,3.64
129.29999999999998,0,14,39,116,14,15,496.42900000000145,5540.035975162197,CCCCCCCCSc1ccc(C2(c3ccc(SCCCCCCCC)cc3)c3cc4c(cc3-c3sc5cc([CH][C]6C(=O)c7ccccc7C6=C(C#N)C#N)sc5c32)C(c2ccc(SCCCCCCCC)cc2)(c2ccc(SCCCCCCCC)cc2)c2c-4sc3cc(/C=C4/C(=O)c5ccccc5C4=C(C#N)C#N)sc23)cc1,-5.7,3.64
129.29999999999998,0,14,14,92,14,15,386.9530000000008,4827.759246147054,CCSc1ccc(C2(c3ccc(SCC)cc3)c3cc4c(cc3-c3sc5cc(/C=C6\C(=O)c7ccccc7C6=C(C#N)C#N)sc5c32)C(c2ccc(SCC)cc2)(c2ccc(SCC)cc2)c2c-4sc3cc(/C=C4\C(=O)c5ccccc5C4=C(C#N)C#N)sc23)cc1,-5.74,3.64
129.29999999999998,0,10,12,92,10,15,377.62900000000093,4887.768097710164,CCc1ccc(C2(c3ccc(CC)cc3)c3cc4c(cc3-c3sc5c(CC)c(/C=C6\C(=O)c7ccccc7C6=C(C#N)C#N)sc5c32)C(c2ccc(CC)cc2)(c2ccc(CC)cc2)c2c-4sc3c(CC)c(/C=C4\C(=O)c5ccccc5C4=C(C#N)C#N)sc23)cc1,-5.73,3.64
147.75999999999996,0,10,10,84,10,13,331.15900000000073,4174.071427695297,CCc1ccc(C2(c3ccc(CC)cc3)Oc3cc(/C=C4\C(=O)c5ccccc5C4=C(C#N)C#N)sc3-c3cc4c(cc32)-c2sc(/C=C3\C(=O)c5ccccc5C3=C(C#N)C#N)cc2OC4(c2ccc(CC)cc2)c2ccc(CC)cc2)cc1,-5.53,3.64
147.75999999999996,0,14,12,100,14,17,408.55100000000107,5425.782879973231,CCc1ccc(C2(c3ccc(CC)cc3)Oc3cc(-c4cc5sc(/C=C6\C(=O)c7ccccc7C6=C(C#N)C#N)cc5s4)sc3-c3cc4c(cc32)-c2sc(-c3cc5sc(/C=C6\C(=O)c7ccccc7C6=C(C#N)C#N)cc5s3)cc2OC4(c2ccc(CC)cc2)c2ccc(CC)cc2)cc1,-5.28,3.64
147.75999999999996,0,12,12,94,12,15,377.78500000000105,4863.846223371854,CCc1ccc(C2(c3ccc(CC)cc3)Oc3cc(-c4ccc(/C=C5\C(=O)c6ccccc6C5=C(C#N)C#N)s4)sc3-c3cc4c(cc32)-c2sc(-c3ccc(/C=C5\C(=O)c6ccccc6C5=C(C#N)C#N)s3)cc2OC4(c2ccc(CC)cc2)c2ccc(CC)cc2)cc1,-5.33,3.64
147.76,0,14,14,94,14,15,386.43900000000076,4957.831998314945,CCOc1c2c(c(OCC)c3c1C(c1ccc(CC)cc1)(c1ccc(CC)cc1)c1c-3sc3cc(/C=C4\C(=O)c5c(csc5C)C4=C(C#N)C#N)sc13)C(c1ccc(CC)cc1)(c1ccc(CC)cc1)c1c-2sc2cc(/C=C3\C(=O)c4c(csc4C)C3=C(C#N)C#N)sc12,-5.42,3.64
129.29999999999998,0,14,14,102,14,17,429.4830000000009,5611.839676846217,CCc1ccc(C2(c3ccc(CC)cc3)c3c(-c4ccc(CC)s4)c4c(c(-c5ccc(CC)s5)c3-c3sc5cc(/C=C6\C(=O)c7c(csc7C)C6=C(C#N)C#N)sc5c32)C(c2ccc(CC)cc2)(c2ccc(CC)cc2)c2c-4sc3cc(/C=C4\C(=O)c5c(csc5C)C4=C(C#N)C#N)sc23)cc1,-5.59,3.64
139.16,0,10,12,102,16,17,401.04500000000087,5758.37629220124,CCc1ccc(C2(c3ccc(CC)cc3)c3cc4c(cc3-c3sc5c6sc(/C=C7\C(=O)c8cc(F)c(F)cc8C7=C(C#N)C#N)cc6n(CC)c5c32)C(c2ccc(CC)cc2)(c2ccc(CC)cc2)c2c-4sc3c4sc(/C=C5\C(=O)c6cc(F)c(F)cc6C5=C(C#N)C#N)cc4n(CC)c23)cc1,-5.42,4.5600000000000005
176.07999999999998,0,14,16,106,20,17,408.2090000000009,5849.644870649265,CCOc1ccc(C2(c3ccc(OCC)cc3)c3cc4c(cc3-c3sc5c6sc(/C=C7\C(=O)c8cc(F)c(F)cc8C7=C(C#N)C#N)cc6n(CC)c5c32)C(c2ccc(OCC)cc2)(c2ccc(OCC)cc2)c2c-4sc3c4sc(/C=C5\C(=O)c6cc(F)c(F)cc6C5=C(C#N)C#N)cc4n(CC)c23)cc1,-5.38,4.5600000000000005
176.07999999999998,0,14,16,106,20,17,408.20900000000086,5918.644870649265,CCOc1cccc(C2(c3cccc(OCC)c3)c3cc4c(cc3-c3sc5c6sc(/C=C7\C(=O)c8cc(F)c(F)cc8C7=C(C#N)C#N)cc6n(CC)c5c32)C(c2cccc(OCC)c2)(c2cccc(OCC)c2)c2c-4sc3c4sc(/C=C5\C(=O)c6cc(F)c(F)cc6C5=C(C#N)C#N)cc4n(CC)c23)c1,-5.41,4.5600000000000005
134.23,0,11,12,100,14,17,402.8770000000008,5943.470340874798,CCc1ccc(C2(c3ccc(CC)cc3)c3cc4c(cc3-c3sc(/C=C5\C(=O)c6ccc(F)cc6C5=C(C#N)C#N)cc32)C(c2ccc(CC)cc2)(c2ccc(CC)cc2)c2c-4sc3c4sc(/C=C5\C(=O)c6ccc(F)cc6C5=C(C#N)C#N)cc4n(-c4cc5sc(CC)cc5s4)c23)cc1,-5.6,4.1000000000000005
134.23,0,9,12,98,12,16,389.61700000000076,5671.345661111571,CCc1ccc(-n2c3cc(/C=C4\C(=O)c5ccc(F)cc5C4=C(C#N)C#N)sc3c3sc4c(c32)C(c2ccc(CC)cc2)(c2ccc(CC)cc2)c2cc3c(cc2-4)C(c2ccc(CC)cc2)(c2ccc(CC)cc2)c2cc(/C=C4\C(=O)c5ccc(F)cc5C4=C(C#N)C#N)sc2-3)cc1,-5.57,4.1000000000000005
134.23,0,10,12,97,13,16,387.4940000000008,5643.004072472254,CCc1ccc(C2(c3ccc(CC)cc3)c3cc4c(cc3-c3sc(/C=C5\C(=O)c6ccc(F)cc6C5=C(C#N)C#N)cc32)C(c2ccc(CC)cc2)(c2ccc(CC)cc2)c2c-4sc3c4sc(/C=C5\C(=O)c6ccc(F)cc6C5=C(C#N)C#N)cc4n(-c4ccc(CC)s4)c23)cc1,-5.58,4.1000000000000005
129.29999999999998,0,10,31,88,14,8,356.0610000000012,3571.8208031623517,CCCCCCCCc1cc(-c2cc(CC(CC)CCCC)c(-c3sc(-c4cc(CCCCCCCC)c(C=C5C(=O)c6cc(F)c(F)cc6C5=C(C#N)C#N)s4)cc3CC(CC)CCCC)s2)sc1C=C1C(=O)c2cc(F)c(F)cc2C1=C(C#N)C#N,-5.85,4.5600000000000005
129.29999999999998,0,10,33,88,14,8,356.20100000000116,3536.2565698373683,CCCCCCCCc1cc(-c2cc(CCCCCCCC)c(-c3sc(-c4cc(CCCCCCCC)c(C=C5C(=O)c6cc(F)c(F)cc6C5=C(C#N)C#N)s4)cc3CCCCCCCC)s2)sc1C=C1C(=O)c2cc(F)c(F)cc2C1=C(C#N)C#N,-5.71,4.5600000000000005
147.76,0,12,29,88,16,8,350.36500000000103,3616.6965244942007,CCCCC(CC)Cc1cc(-c2cc(OC(CC)CCCC)c(C=C3C(=O)c4cc(F)c(F)cc4C3=C(C#N)C#N)s2)sc1-c1sc(-c2cc(OC(CC)CCCC)c(C=C3C(=O)c4cc(F)c(F)cc4C3=C(C#N)C#N)s2)cc1CC(CC)CCCC,-5.85,4.5600000000000005
164.94,0,13,28,95,19,12,404.54200000000094,4719.141659446768,CCCCCCCCc1c(C=C2C(=O)c3cc(Cl)c(Cl)cc3C2=C(C#N)C#N)sc2c1sc1c3c4nsnc4c4c5sc6c(CCCCCCCC)c(C=C7C(=O)c8cc(Cl)c(Cl)cc8C7=C(C#N)C#N)sc6c5n(CC(CC)CCCC)c4c3n(CC(CC)CCCC)c21,-5.62,4.5600000000000005
164.94,0,13,34,101,19,12,432.24400000000105,4832.020113480262,CCCCCCCCCCCc1c(C=C2C(=O)c3cc(Cl)c(Cl)cc3C2=C(C#N)C#N)sc2c1sc1c3c4nsnc4c4c5sc6c(CCCCCCCCCCC)c(C=C7C(=O)c8cc(Cl)c(Cl)cc8C7=C(C#N)C#N)sc6c5n(CC(CC)CCCC)c4c3n(CC(CC)CCCC)c21,-5.64,4.5600000000000005
169.87,0,12,34,103,19,12,437.9610000000011,4930.698696264129,CCCCCCCCc1c(C=C2C(=O)c3cc(Cl)c(Cl)cc3C2=C(C#N)C#N)sc2c1sc1c3c4nn(CC(CC)CCCC)nc4c4c5sc6c(CCCCCCCC)c(C=C7C(=O)c8cc(Cl)c(Cl)cc8C7=C(C#N)C#N)sc6c5n(CC(CC)CCCC)c4c3n(CC(CC)CCCC)c21,-5.53,4.5600000000000005
164.94,0,13,28,100,17,15,420.741000000001,5370.109565963139,CCCCCCCCc1c(C=C2C(=O)c3cc(Cl)c(Cl)cc3C2=C(C#N)C#N)sc2c1sc1c3c4nsnc4c4c5sc6c(CCCCCCCC)c(C=C7C(=O)c8cc9c(cc8C7=C(C#N)C#N)C7C8C=CC(C8)C97)sc6c5n(CC(CC)CCCC)c4c3n(CC(CC)CCCC)c21,-5.56,4.1000000000000005
164.94,0,13,34,106,17,15,448.4430000000011,5489.639829127546,CCCCCCCCCCCc1c(C=C2C(=O)c3cc(Cl)c(Cl)cc3C2=C(C#N)C#N)sc2c1sc1c3c4nsnc4c4c5sc6c(CCCCCCCCCCC)c(C=C7C(=O)c8cc9c(cc8C7=C(C#N)C#N)C7C8C=CC(C8)C97)sc6c5n(CC(CC)CCCC)c4c3n(CC(CC)CCCC)c21,-5.58,4.1000000000000005
169.87,0,12,34,108,17,15,454.16000000000116,5572.506432902517,CCCCCCCCc1c(C=C2C(=O)c3cc(Cl)c(Cl)cc3C2=C(C#N)C#N)sc2c1sc1c3c4nn(CC(CC)CCCC)nc4c4c5sc6c(CCCCCCCC)c(C=C7C(=O)c8cc9c(cc8C7=C(C#N)C#N)C7C8C=CC(C8)C97)sc6c5n(CC(CC)CCCC)c4c3n(CC(CC)CCCC)c21,-5.48,4.1000000000000005
164.94,0,14,42,111,19,13,479.55300000000125,5573.376259073061,CCCCCCCCCCCc1c(C=C2C(=O)c3cc(Cl)c(Cl)cc3C2=C(C#N)C#N)sc2c1sc1c3c4nsnc4c4c5sc6c(CCCCCCCCCCC)c(C=C7C(=O)c8cc9sc(Cl)cc9cc8C7=C(C#N)C#N)sc6c5n(CC(CCCC)CCCCCC)c4c3n(CC(CCCC)CCCCCC)c21,-5.56,4.33
164.94,0,14,42,110,18,13,474.5430000000012,5510.5238800308925,CCCCCCCCCCCc1c(C=C2C(=O)c3cc(Cl)c(Cl)cc3C2=C(C#N)C#N)sc2c1sc1c3c4nsnc4c4c5sc6c(CCCCCCCCCCC)c(C=C7C(=O)c8cc9sccc9cc8C7=C(C#N)C#N)sc6c5n(CC(CCCC)CCCCCC)c4c3n(CC(CCCC)CCCCCC)c21,-5.52,4.1000000000000005
129.29999999999998,0,8,6,59,8,9,233.65699999999953,2928.042611636925,CCC1(CC)c2cc(-c3ccc(/C=C4\C(=O)c5ccccc5C4=C(C#N)C#N)s3)ccc2-c2ccc(-c3ccc(/C=C4\C(=O)c5ccccc5C4=C(C#N)C#N)s3)cc21,-5.67,3.64
129.29999999999998,0,8,8,72,8,11,288.31900000000013,3610.6503152006608,CCc1ccc(C2(CC)c3cc4c(cc3-c3sc(/C=C5\C(=O)c6ccc(C)cc6C5=C(C#N)C#N)cc32)C(CC)(c2ccc(CC)cc2)c2cc(/C=C3\C(=O)c5ccc(C)cc5C3=C(C#N)C#N)sc2-4)cc1,-5.77,3.64
129.29999999999998,0,8,10,84,8,13,337.5810000000007,4234.455289884749,CCc1ccc(C2(c3ccc(CC)cc3)c3cc4c(cc3-c3sc(/C=C5\C(=O)c6ccc(C)cc6C5=C(C#N)C#N)cc32)C(c2ccc(CC)cc2)(c2ccc(CC)cc2)c2cc(/C=C3\C(=O)c5ccc(C)cc5C3=C(C#N)C#N)sc2-4)cc1,-5.8,3.64
209.17999999999995,0,16,10,77,18,12,301.30400000000054,4444.5037541039455,CCOc1ccc2c(c1)-c1cc(OCC)ccc1C21c2cc(-c3ccc(/C=c4\sc(=C(C#N)C#N)n(CC)c4=O)c4nsnc34)ccc2-c2ccc(-c3ccc(/C=c4/sc(=C(C#N)C#N)n(CC)c4=O)c4nsnc34)cc21,-5.93,2.64
129.29999999999998,0,10,12,94,12,15,377.54500000000115,5010.3446412195335,CCc1ccc(C2(c3ccc(CC)cc3)c3cc(/C=C4\C(=O)c5ccc(F)cc5C4=C(C#N)C#N)sc3-c3sc4c(CC)c5c6c(sc5c(CC)c4c32)-c2sc(/C=C3\C(=O)c4ccc(F)cc4C3=C(C#N)C#N)cc2C6(c2ccc(CC)cc2)c2ccc(CC)cc2)cc1,-5.36,4.1000000000000005
129.29999999999998,0,10,8,70,12,11,276.12499999999994,3564.724023611891,CCC1(CC)c2cc(/C=C3\C(=O)c4ccccc4C3=C(C#N)C#N)sc2-c2sc(-c3cc(F)c(-c4cc5c(s4)-c4sc(/C=C6\C(=O)c7ccccc7C6=C(C#N)C#N)cc4C5(CC)CC)cc3F)cc21,-5.49,4.1000000000000005
129.29999999999998,0,10,6,64,10,11,260.34899999999965,3376.4811293316307,CCC1(CC)c2cc3c(cc2-c2sc4cc(/C=C5\C(=O)c6ccccc6C5=C(C#N)C#N)sc4c21)C(CC)(CC)c1c-3sc2cc(/C=C3\C(=O)c4ccccc4C3=C(C#N)C#N)sc12,-5.63,3.64
139.16,0,10,12,98,12,17,401.21300000000093,5513.162756231351,CCc1ccc(C2(c3ccc(CC)cc3)c3cc4c(cc3-c3sc5c6sc(/C=C7\C(=O)c8ccccc8C7=C(C#N)C#N)cc6n(CC)c5c32)C(c2ccc(CC)cc2)(c2ccc(CC)cc2)c2c-4sc3c4sc(/C=C5\C(=O)c6ccccc6C5=C(C#N)C#N)cc4n(CC)c23)cc1,-5.36,3.64
129.29999999999998,0,8,8,71,8,11,285.855,3505.40833421961,CCC1(CC)c2cc3c(cc2-c2cc4c(cc21)-c1sc(/C=C2\C(=O)c5cc(C)ccc5C2=C(C#N)C#N)cc1C4(CC)CC)C(CC)(CC)c1cc(/C=C2\C(=O)c4cc(C)ccc4C2=C(C#N)C#N)sc1-3,-5.42,3.64
129.29999999999998,0,8,22,90,8,13,364.407000000001,4148.023741767323,N#CC(C#N)=C1C(=Cc2cc3c(s2)-c2cc4c(cc2C3(CCCCc2ccccc2)CCCCc2ccccc2)-c2sc(C=C3C(=O)c5ccccc5C3=C(C#N)C#N)cc2C4(CCCCc2ccccc2)CCCCc2ccccc2)C(=O)c2ccccc21,-5.7,3.64
169.86999999999998,0,12,5,69,19,12,260.6969999999999,4161.012982244333,CCn1nc2c(n1)c1c3sc4cc(/C=C5\C(=O)c6cc(F)c(F)cc6C5=C(C#N)C#N)sc4c3n(CC)c1c1c2c2sc3cc(/C=C4\C(=O)c5cc(F)c(F)cc5C4=C(C#N)C#N)sc3c2n1CC,-5.56,4.5600000000000005
169.86999999999998,0,12,5,65,15,12,260.8649999999998,3928.521674343669,CCn1nc2c(n1)c1c3sc4cc(/C=C5/C(=O)c6ccccc6C5=C(C#N)C#N)sc4c3n(CC)c1c1c2c2sc3cc(/C=C4\C(=O)c5ccccc5C4=C(C#N)C#N)sc3c2n1CC,-5.45,3.64
147.76,0,12,12,92,12,15,371.9770000000008,4897.333114497857,CCc1ccc(C2(c3ccc(CC)cc3)c3cc4c(cc3-c3sc5cc(/C=C6\C(=O)c7ccc(OC)cc7C6=C(C#N)C#N)sc5c32)C(c2ccc(CC)cc2)(c2ccc(CC)cc2)c2c-4sc3cc(/C=C4\C(=O)c5ccc(OC)cc5C4=C(C#N)C#N)sc23)cc1,-5.49,3.64
147.76,0,12,12,92,12,15,371.9770000000008,4897.333114497857,CCc1ccc(C2(c3ccc(CC)cc3)c3cc4c(cc3-c3sc5cc(/C=C6\C(=O)c7c(OC)cccc7C6=C(C#N)C#N)sc5c32)C(c2ccc(CC)cc2)(c2ccc(CC)cc2)c2c-4sc3cc(/C=C4\C(=O)c5c(OC)cccc5C4=C(C#N)C#N)sc23)cc1,-5.49,3.64
147.76,0,12,12,92,12,15,371.9770000000008,4897.333114497857,CCc1ccc(C2(c3ccc(CC)cc3)c3cc4c(cc3-c3sc5cc(/C=C6\C(=O)c7cc(OC)ccc7C6=C(C#N)C#N)sc5c32)C(c2ccc(CC)cc2)(c2ccc(CC)cc2)c2c-4sc3cc(/C=C4\C(=O)c5cc(OC)ccc5C4=C(C#N)C#N)sc23)cc1,-5.52,3.64
147.76,0,12,12,92,12,15,371.9770000000008,4897.333114497857,CCc1ccc(C2(c3ccc(CC)cc3)c3cc4c(cc3-c3sc5cc(/C=C6\C(=O)c7cccc(OC)c7C6=C(C#N)C#N)sc5c32)C(c2ccc(CC)cc2)(c2ccc(CC)cc2)c2c-4sc3cc(/C=C4\C(=O)c5cccc(OC)c5C4=C(C#N)C#N)sc23)cc1,-5.5,3.64
129.29999999999998,0,8,8,71,10,11,291.7810000000003,3518.201991808769,CCC1(CC)c2cc3c(cc2-c2cc4c(cc21)-c1sc(/C=C2\C(=O)c5ccc(Br)cc5C2=C(C#N)C#N)cc1C4(CC)CC)C(CC)(CC)c1cc(/C=C2\C(=O)c4ccc(Br)cc4C2=C(C#N)C#N)sc1-3,-5.62,4.1000000000000005
129.29999999999998,0,8,8,71,10,11,276.29699999999985,3518.201991808769,CCC1(CC)c2cc3c(cc2-c2cc4c(cc21)-c1sc(/C=C2\C(=O)c5ccc(F)cc5C2=C(C#N)C#N)cc1C4(CC)CC)C(CC)(CC)c1cc(/C=C2\C(=O)c4ccc(F)cc4C2=C(C#N)C#N)sc1-3,-5.72,4.1000000000000005
129.29999999999998,0,10,12,100,10,17,412.64100000000127,5600.569620455453,CCc1ccc(C2(c3ccc(CC)cc3)c3cc(/C=C4\C(=O)c5cc6ccccc6cc5C4=C(C#N)C#N)sc3-c3sc4c(CC)c5c6c(sc5c(CC)c4c32)-c2sc(/C=C3\C(=O)c4cc5ccccc5cc4C3=C(C#N)C#N)cc2C6(c2ccc(CC)cc2)c2ccc(CC)cc2)cc1,-5.26,3.64
129.29999999999998,0,8,8,77,8,13,311.39300000000065,4079.706449099565,CCC1(CC)c2cc3c(cc2-c2cc4c(cc21)-c1sc(/C=C2\C(=O)c5cc6ccccc6cc5C2=C(C#N)C#N)cc1C4(CC)CC)C(CC)(CC)c1cc(/C=C2\C(=O)c4cc5ccccc5cc4C2=C(C#N)C#N)sc1-3,-5.54,3.64
129.29999999999998,0,12,10,94,16,16,392.1730000000009,5250.979016917865,CCc1ccc(C2(c3ccc(CC)cc3)c3c(sc4cc(/C=C5\C(=O)c6cc(Cl)c(Cl)cc6C5=C(C#N)C#N)sc34)-c3sc4c5c(sc4c32)-c2sc3cc(/C=C4\C(=O)c6cc(Cl)c(Cl)cc6C4=C(C#N)C#N)sc3c2C5(c2ccc(CC)cc2)c2ccc(CC)cc2)cc1,-5.2,4.5600000000000005
129.29999999999998,0,12,10,92,14,16,382.153000000001,5131.767589902524,CCc1ccc(C2(c3ccc(CC)cc3)c3c(sc4cc(/C=C5\C(=O)c6ccc(Cl)cc6C5=C(C#N)C#N)sc34)-c3sc4c5c(sc4c32)-c2sc3cc(/C=C4\C(=O)c6ccc(Cl)cc6C4=C(C#N)C#N)sc3c2C5(c2ccc(CC)cc2)c2ccc(CC)cc2)cc1,-5.2,4.1000000000000005
129.29999999999998,0,12,10,90,12,16,372.133000000001,5008.9177191614735,CCc1ccc(C2(c3ccc(CC)cc3)c3c(sc4cc(/C=C5\C(=O)c6ccccc6C5=C(C#N)C#N)sc34)-c3sc4c5c(sc4c32)-c2sc3cc(/C=C4\C(=O)c6ccccc6C4=C(C#N)C#N)sc3c2C5(c2ccc(CC)cc2)c2ccc(CC)cc2)cc1,-5.13,3.64
166.21999999999997,0,12,14,102,12,17,405.2950000000011,5628.305209811708,CCOc1ccc(C2(c3ccc(OCC)cc3)c3cc(/C=C4\C(=O)c5cc6ccccc6cc5C4=C(C#N)C#N)sc3-c3ccc4cc5c6c(ccc5cc4c32)-c2sc(/C=C3\C(=O)c4cc5ccccc5cc4C3=C(C#N)C#N)cc2C6(c2ccc(OCC)cc2)c2ccc(OCC)cc2)cc1,-5.44,3.64
169.76,2,12,10,90,12,15,362.2026000000007,4859.619479018236,CCc1ccc(C2(c3ccc(CC)cc3)c3cc4c(cc3-c3sc5cc(/C=C6\C(=O)c7c(O)cccc7C6=C(C#N)C#N)sc5c32)C(c2ccc(CC)cc2)(c2ccc(CC)cc2)c2c-4sc3cc(/C=C4\C(=O)c5c(O)cccc5C4=C(C#N)C#N)sc23)cc1,-5.58,3.64
149.53,1,11,10,89,11,15,360.5378000000007,5130.799644637354,CCc1ccc(C2(c3ccc(CC)cc3)c3cc4c(cc3-c3sc5cc(/C=C6\C(=O)c7ccccc7C6=C(C#N)C#N)sc5c32)C(c2ccc(CC)cc2)(c2ccc(CC)cc2)c2c-4sc3cc(/C=C4\C(=O)c5c(O)cccc5C4=C(C#N)C#N)sc23)cc1,-5.59,3.64
135.77999999999997,0,12,36,112,16,12,457.92500000000155,4937.280663402054,CCCCCCCCc1cc(-c2sc3c(N(c4ccc(CCCC)cc4)c4ccc(CCCC)cc4)c(-c4cc(CCCCCCCC)c(C=C5C(=O)c6cc(F)c(F)cc6C5=C(C#N)C#N)s4)sc3c2N(c2ccc(CCCC)cc2)c2ccc(CCCC)cc2)sc1C=C1C(=O)c2cc(F)c(F)cc2C1=C(C#N)C#N,-5.55,4.5600000000000005
135.78,0,13,34,113,17,13,464.0740000000013,5561.213192686491,CCCCCCCCc1c(C=C2C(=O)c3cc(F)c(F)cc3C2=C(C#N)C#N)sc2cc(-c3sc4c(N(c5ccc(CCCC)cc5)c5ccc(CCCC)cc5)c(-c5cc(CCCCCC)c(C=C6C(=O)c7cc(F)c(F)cc7C6=C(C#N)C#N)s5)sc4c3N(c3ccc(CCCC)cc3)c3ccc(CCCC)cc3)sc12,-5.58,4.5600000000000005
258.59999999999997,0,18,15,126,18,20,504.786000000001,7640.327681360218,CCC1(CC)c2cc3c(cc2-c2sc(/C=C4\C(=O)c5ccccc5C4=C(C#N)C#N)cc21)C(CC)(CC)c1cc(/C=C2\C(=O)c4ccc(-c5ccc(-c6ccc7c(c6)C(=C(C#N)C#N)/C(=C/c6cc8c(s6)-c6cc9c(cc6C8(CC)CC)-c6sc(/C=C8\C(=O)c%10ccc(-c%11cccs%11)cc%10C8=C(C#N)C#N)cc6C9(CC)CC)C7=O)s5)cc4C2=C(C#N)C#N)sc1-3,-5.74,7.28
162.48000000000002,0,16,20,122,24,22,493.7580000000011,6256.3385816225145,CCN1C(=O)C2=C(c3ccc(-c4ccc5c(c4)C(=C4c6cc(-c7ccc(C8=C9C(=O)N(CC)C(c%10cccs%10)=C9C(=O)N8CC)s7)ccc6-c6ccc(-c7ccc(C8=C9C(=O)N(CC)C(c%10cccs%10)=C9C(=O)N8CC)s7)cc64)c4cc(-c6ccc(C7=C8C(=O)N(CC)C(c9cccs9)=C8C(=O)N7CC)s6)ccc4-5)s3)N(CC)C(=O)C2=C1c1cccs1,-5.54,4.0
164.94,0,13,6,69,17,12,283.8540000000004,4118.108097304703,CCc1c(/C=C2\C(=O)c3ccc(Cl)cc3C2=C(C#N)C#N)sc2c1sc1c3c4nsnc4c4c5sc6c(CC)c(/C=C7\C(=O)c8ccc(Cl)cc8C7=C(C#N)C#N)sc6c5n(CC)c4c3n(CC)c21,-5.62,4.1000000000000005
166.21999999999997,0,14,15,80,18,10,303.42900000000054,3890.4156932923574,CCOc1cccc(OCC)c1-c1cc(-c2ccc(/C=C3\C(=O)c4cc(F)c(F)cc4C3=C(C#N)C#N)s2)sc1-c1sc(-c2ccc(/C=C3\C(=O)c4cc(F)c(F)cc4C3=C(C#N)C#N)s2)cc1-c1c(OCC)cccc1OCC,-5.63,4.5600000000000005
166.21999999999997,0,14,15,80,18,10,303.4290000000006,3890.4156932923574,CCOc1cc(OCC)cc(-c2cc(-c3ccc(/C=C4\C(=O)c5cc(F)c(F)cc5C4=C(C#N)C#N)s3)sc2-c2sc(-c3ccc(/C=C4\C(=O)c5cc(F)c(F)cc5C4=C(C#N)C#N)s3)cc2-c2cc(OCC)cc(OCC)c2)c1,-5.68,4.5600000000000005
164.94,0,13,42,109,19,12,469.1800000000012,4982.845465133574,CCCCCCCCCCCc1c(C=C2C(=O)c3cc(Cl)c(Cl)cc3C2=C(C#N)C#N)sc2c1sc1c3c4nsnc4c4c5sc6c(CCCCCCCCCCC)c(C=C7C(=O)c8cc(Cl)c(Cl)cc8C7=C(C#N)C#N)sc6c5n(CC(CCCC)CCCCCC)c4c3n(CC(CCCC)CCCCCC)c21,-5.68,4.5600000000000005
129.29999999999998,0,8,4,51,12,7,182.61699999999976,2430.93075250475,CCC1(CC)c2cc(/C=C3\C(=O)c4cc(F)c(F)cc4C3=C(C#N)C#N)sc2-c2sc(/C=C3\C(=O)c4cc(F)c(F)cc4C3=C(C#N)C#N)cc21,-5.61,4.5600000000000005
129.29999999999998,0,10,7,66,14,10,250.6049999999995,3305.4468351262776,CCC1(CC)c2cc(/C=C3\C(=O)c4cc(F)c(F)cc4C3=C(C#N)C#N)sc2-c2sc(-c3cc4c(s3)-c3sc(/C=C5\C(=O)c6cc(F)c(F)cc6C5=C(C#N)C#N)cc3C4(CC)CC)cc21,-5.3,4.5600000000000005
129.29999999999998,0,12,10,81,16,13,318.59300000000053,4220.6249232947785,CCC1(CC)c2cc(/C=C3\C(=O)c4cc(F)c(F)cc4C3=C(C#N)C#N)sc2-c2sc(-c3cc4c(s3)-c3sc(-c5cc6c(s5)-c5sc(/C=C7\C(=O)c8cc(F)c(F)cc8C7=C(C#N)C#N)cc5C6(CC)CC)cc3C4(CC)CC)cc21,-5.2,4.5600000000000005
226.35999999999996,0,17,6,85,25,16,343.6500000000005,5563.099369561255,CCn1nc2c3cc(/C=C4\C(=O)c5cc(Cl)c(Cl)cc5C4=C(C#N)C#N)sc3c3sc4c5c6nsnc6c6c7sc8c9sc(/C=C%10\C(=O)c%11cc(Cl)c(Cl)cc%11C%10=C(C#N)C#N)cc9c9nn(CC)nc9c8c7n(CC)c6c5n(CC)c4c3c2n1,-5.68,4.5600000000000005
226.35999999999996,0,17,6,85,25,16,323.44200000000046,5563.099369561255,CCn1nc2c3cc(/C=C4\C(=O)c5cc(F)c(F)cc5C4=C(C#N)C#N)sc3c3sc4c5c6nsnc6c6c7sc8c9sc(/C=C%10\C(=O)c%11cc(F)c(F)cc%11C%10=C(C#N)C#N)cc9c9nn(CC)nc9c8c7n(CC)c6c5n(CC)c4c3c2n1,-5.63,4.5600000000000005
173.54,0,14,46,118,18,12,497.7550000000016,4908.216847298106,CCCCCCC(CCCC)COc1c(OCC(CCCC)CCCCCC)c(-c2cc3c(s2)-c2sc(C=C4C(=O)c5cc(Cl)c(Cl)cc5C4=C(C#N)C#N)cc2C3(CCCCCC)CCCCCC)c2nccnc2c1-c1cc2c(s1)-c1sc(C=C3C(=O)c4cc(Cl)c(Cl)cc4C3=C(C#N)C#N)cc1C2(CCCCCC)CCCCCC,-5.49,4.5600000000000005
173.54,0,14,42,118,18,12,497.47500000000156,4970.534876314955,CCCCC(CC)COc1c(OCC(CC)CCCC)c(-c2cc3c(s2)-c2sc(C=C4C(=O)c5cc(Cl)c(Cl)cc5C4=C(C#N)C#N)cc2C3(CC(CC)CCCC)CC(CC)CCCC)c2nccnc2c1-c1cc2c(s1)-c1sc(C=C3C(=O)c4cc(Cl)c(Cl)cc4C3=C(C#N)C#N)cc1C2(CC(CC)CCCC)CC(CC)CCCC,-5.53,4.5600000000000005
173.54,0,14,50,126,18,12,534.4110000000018,5121.435139871217,CCCCCCC(CCCC)COc1c(OCC(CCCC)CCCCCC)c(-c2cc3c(s2)-c2sc(C=C4C(=O)c5cc(Cl)c(Cl)cc5C4=C(C#N)C#N)cc2C3(CC(CC)CCCC)CC(CC)CCCC)c2nccnc2c1-c1cc2c(s1)-c1sc(C=C3C(=O)c4cc(Cl)c(Cl)cc4C3=C(C#N)C#N)cc1C2(CC(CC)CCCC)CC(CC)CCCC,-5.52,4.5600000000000005
173.54,0,14,42,118,18,12,477.2670000000015,4970.534876314955,CCCCC(CC)COc1c(OCC(CC)CCCC)c(-c2cc3c(s2)-c2sc(C=C4C(=O)c5cc(F)c(F)cc5C4=C(C#N)C#N)cc2C3(CC(CC)CCCC)CC(CC)CCCC)c2nccnc2c1-c1cc2c(s1)-c1sc(C=C3C(=O)c4cc(F)c(F)cc4C3=C(C#N)C#N)cc1C2(CC(CC)CCCC)CC(CC)CCCC,-5.52,4.5600000000000005
166.67999999999998,0,13,9,78,18,12,294.95900000000046,4039.4045175468914,CCN1C(=O)c2c(-c3cc4c(s3)-c3sc(/C=C5\C(=O)c6cc(F)c(F)cc6C5=C(C#N)C#N)cc3C4(CC)CC)sc(-c3cc4c(s3)-c3sc(/C=C5\C(=O)c6cc(F)c(F)cc6C5=C(C#N)C#N)cc3C4(CC)CC)c2C1=O,-5.59,5.5600000000000005
163.43999999999997,0,14,10,84,18,13,323.8580000000006,4445.5235270010935,CCc1sc(CC)c2c1C(=O)c1c(-c3cc4c(s3)-c3sc(/C=C5\C(=O)c6cc(F)c(F)cc6C5=C(C#N)C#N)cc3C4(CC)CC)sc(-c3cc4c(s3)-c3sc(/C=C5\C(=O)c6cc(F)c(F)cc6C5=C(C#N)C#N)cc3C4(CC)CC)c1C2=O,-5.54,5.5600000000000005
173.29999999999998,0,14,8,80,20,13,307.6140000000005,4627.21958781813,CCc1sc(CC)c2c1C(=O)c1c(-c3cc4c(s3)c3sc(/C=C5\C(=O)c6cc(F)c(F)cc6C5=C(C#N)C#N)cc3n4CC)sc(-c3cc4c(s3)c3sc(/C=C5\C(=O)c6cc(F)c(F)cc6C5=C(C#N)C#N)cc3n4CC)c1C2=O,-5.55,5.5600000000000005
190.71999999999997,0,16,14,96,18,15,390.54200000000066,5470.182900927607,CCc1ccc(C2(c3ccc(CC)cc3)c3cc4c(cc3-c3sc(-c5ccc(/C=c6\sc(=C(C#N)C#N)n(CC)c6=O)c6nsnc56)cc32)C(c2ccc(CC)cc2)(c2ccc(CC)cc2)c2cc(-c3ccc(/C=c5/sc(=C(C#N)C#N)n(CC)c5=O)c5nsnc35)sc2-4)cc1,-5.45,2.64
155.07999999999998,0,14,10,82,18,13,321.1530000000005,4376.377158464811,CCc1nc2c(-c3cc4c(s3)-c3sc(/C=C5\C(=O)c6cc(F)c(F)cc6C5=C(C#N)C#N)cc3C4(CC)CC)c3sc(CC)nc3c(-c3cc4c(s3)-c3sc(/C=C5\C(=O)c6cc(F)c(F)cc6C5=C(C#N)C#N)cc3C4(CC)CC)c2s1,-5.37,4.5600000000000005
155.07999999999998,0,16,10,76,16,13,317.0750000000005,4055.5615782602986,CCc1nc2c(-c3cc4c(s3)-c3sc(/C=C5\C(=O)c6cscc6C5=C(C#N)C#N)cc3C4(CC)CC)c3sc(CC)nc3c(-c3cc4c(s3)-c3sc(/C=C5\C(=O)c6cscc6C5=C(C#N)C#N)cc3C4(CC)CC)c2s1,-5.35,3.64
129.29999999999998,0,8,10,94,8,16,380.62500000000085,5180.487055229206,CCc1ccc(C2(c3ccc(CC)cc3)c3cc(/C=C4\C(=O)c5cc6ccccc6cc5C4=C(C#N)C#N)sc3-c3c2ccc2c4c(ccc32)C(c2ccc(CC)cc2)(c2ccc(CC)cc2)c2cc(/C=C3\C(=O)c5cc6ccccc6cc5C3=C(C#N)C#N)sc2-4)cc1,-5.54,3.64
129.29999999999998,0,8,10,86,8,14,345.6130000000006,4475.445029628263,CCc1ccc(C2(c3ccc(CC)cc3)c3cc(/C=C4\C(=O)c5ccccc5C4=C(C#N)C#N)sc3-c3c2ccc2c4c(ccc32)C(c2ccc(CC)cc2)(c2ccc(CC)cc2)c2cc(/C=C3\C(=O)c5ccccc5C3=C(C#N)C#N)sc2-4)cc1,-5.51,3.64
129.29999999999998,0,10,10,86,12,14,341.28300000000087,4512.747804174724,CCc1ccc(C2(c3ccc(CC)cc3)c3cc(/C=C4\C(=O)c5ccc(F)cc5C4=C(C#N)C#N)sc3-c3sc4c5c(sc4c32)-c2sc(/C=C3\C(=O)c4ccc(F)cc4C3=C(C#N)C#N)cc2C5(c2ccc(CC)cc2)c2ccc(CC)cc2)cc1,-5.34,4.1000000000000005
129.29999999999998,0,10,30,100,10,14,412.57500000000124,4542.168749878896,CCCCCCc1ccc(C2(c3ccc(CCCCCC)cc3)c3cc([CH]C4=C([C](C#N)C#N)c5ccccc5C4=O)sc3-c3sc4c5c(sc4c32)-c2sc([CH]C3=C([C](C#N)C#N)c4ccccc4C3=O)cc2C5(c2ccc(CCCCCC)cc2)c2ccc(CCCCCC)cc2)cc1,-5.33,3.64
129.29999999999998,0,10,10,86,10,14,350.8410000000009,4499.404862209553,CCc1ccc(C2(c3ccc(CC)cc3)c3cc(/C=C4\C(=O)c5ccc(C)cc5C4=C(C#N)C#N)sc3-c3sc4c5c(sc4c32)-c2sc(/C=C3\C(=O)c4ccc(C)cc4C3=C(C#N)C#N)cc2C5(c2ccc(CC)cc2)c2ccc(CC)cc2)cc1,-5.3,3.64
183.39999999999998,0,15,10,77,21,12,293.1080000000005,4353.5642403534275,CCOc1c(OCC)c(-c2cc3c(s2)c2sc(/C=C4\C(=O)c5cc(F)c(F)cc5C4=C(C#N)C#N)cc2n3CC)c2nsnc2c1-c1cc2c(s1)c1sc(/C=C3\C(=O)c4cc(F)c(F)cc4C3=C(C#N)C#N)cc1n2CC,-5.51,4.5600000000000005
157.62,0,12,10,74,18,11,282.1350000000003,4042.0464175569014,CCOc1cc(-c2cc3c(s2)c2sc(/C=C4\C(=O)c5cc(F)c(F)cc5C4=C(C#N)C#N)cc2n3CC)c(OCC)cc1-c1cc2c(s1)c1sc(/C=C3\C(=O)c4cc(F)c(F)cc4C3=C(C#N)C#N)cc1n2CC,-5.55,4.5600000000000005
152.69,0,11,10,68,16,9,254.9599999999996,3688.807905273704,CCOc1cc(-c2cc3c(s2)c2sc(/C=C4\C(=O)c5cc(F)c(F)cc5C4=C(C#N)C#N)cc2n3CC)c(OCC)cc1-c1cc(CC)c(/C=C2\C(=O)c3cc(F)c(F)cc3C2=C(C#N)C#N)s1,-5.67,4.5600000000000005
163.25,0,14,66,130,15,12,563.4320000000022,5383.019941674553,CCCCCCCCCCCCC(CCCCCCCCCC)CN1Cc2c(sc3c(CCCCCCCCCCC)c(C=C4C(=O)c5ccccc5C4=C(C#N)C#N)sc23)-c2c1c1c(c3nsnc23)c2sc3c(CCCCCCCCCCC)c(C=C4C(=O)c5ccccc5C4=C(C#N)C#N)sc3c2n1CC(CCCCCCCCCC)CCCCCCCCCCCC,-5.67,3.64
329.88,0,28,15,144,32,26,593.288000000001,10441.470067157568,CCc1c(/C=C2\C(=O)c3ccccc3C2=C(C#N)C#N)sc2c1sc1c3c4nsnc4c4c5sc6c(CC)c(/C=C7\C(=O)c8ccc(-c9ccc(-c%10ccc%11c(c%10)C(=C(C#N)C#N)/C(=C/c%10sc%12c(sc%13c%14c%15nsnc%15c%15c%16sc%17c(CC)c(/C=C%18\C(=O)c%19ccc(-c%20cccs%20)cc%19C%18=C(C#N)C#N)sc%17c%16n(CC)c%15c%14n(CC)c%12%13)c%10CC)C%11=O)s9)cc8C7=C(C#N)C#N)sc6c5n(CC)c4c3n(CC)c21,-5.64,7.28
166.21999999999994,0,16,20,114,20,17,450.0070000000008,6081.567102294396,CCOc1c(/C=C2\C(=O)c3cc(F)c(F)cc3C2=C(C#N)C#N)sc(-c2cc3sc4c(c3s2)C(c2ccc(CC)cc2)(c2ccc(CC)cc2)c2cc3c(cc2-4)C(c2ccc(CC)cc2)(c2ccc(CC)cc2)c2c-3sc3cc(-c4sc(/C=C5\C(=O)c6cc(F)c(F)cc6C5=C(C#N)C#N)c(OCC)c4OCC)sc23)c1OCC,-5.32,4.5600000000000005
166.21999999999994,0,16,20,112,18,17,450.09100000000086,5959.76339020113,CCOc1c(/C=C2\C(=O)c3ccc(F)cc3C2=C(C#N)C#N)sc(-c2cc3sc4c(c3s2)C(c2ccc(CC)cc2)(c2ccc(CC)cc2)c2cc3c(cc2-4)C(c2ccc(CC)cc2)(c2ccc(CC)cc2)c2c-3sc3cc(-c4sc(/C=C5\C(=O)c6ccc(F)cc6C5=C(C#N)C#N)c(OCC)c4OCC)sc23)c1OCC,-5.28,4.1000000000000005
166.21999999999994,0,16,20,110,16,17,450.1750000000009,5834.276708838223,CCOc1c(/C=C2\C(=O)c3ccccc3C2=C(C#N)C#N)sc(-c2cc3sc4c(c3s2)C(c2ccc(CC)cc2)(c2ccc(CC)cc2)c2cc3c(cc2-4)C(c2ccc(CC)cc2)(c2ccc(CC)cc2)c2c-3sc3cc(-c4sc(/C=C5\C(=O)c6ccccc6C5=C(C#N)C#N)c(OCC)c4OCC)sc23)c1OCC,-5.2,3.64
329.88,0,32,15,140,36,26,584.7960000000007,10241.711330567074,CCc1c(/C=C2/C(=O)c3cscc3C2=C(C#N)C#N)sc2c1sc1c3c4nsnc4c4c5sc6c(CC)c(/C=C7/C(=O)c8c(csc8-c8ccc(-c9scc%10c9C(=O)/C(=C/c9sc%11c(sc%12c%13c%14nsnc%14c%14c%15sc%16c(CC)c(/C=C%17/C(=O)c%18c(csc%18-c%18cccs%18)C%17=C(C#N)C#N)sc%16c%15n(CC)c%14c%13n(CC)c%11%12)c9CC)C%10=C(C#N)C#N)s8)C7=C(C#N)C#N)sc6c5n(CC)c4c3n(CC)c21,-5.76,7.28
329.88,0,32,15,140,36,26,584.7960000000007,10348.461330567074,CCc1c(/C=C2/C(=O)c3ccsc3C2=C(C#N)C#N)sc2c1sc1c3c4nsnc4c4c5sc6c(CC)c(/C=C7/C(=O)c8cc(-c9ccc(-c%10csc%11c%10C(=O)/C(=C/c%10sc%12c(sc%13c%14c%15nsnc%15c%15c%16sc%17c(CC)c(/C=C%18/C(=O)c%19cc(-c%20cccs%20)sc%19C%18=C(C#N)C#N)sc%17c%16n(CC)c%15c%14n(CC)c%12%13)c%10CC)C%11=C(C#N)C#N)s9)sc8C7=C(C#N)C#N)sc6c5n(CC)c4c3n(CC)c21,-5.73,7.28
329.88,0,32,15,140,36,26,584.7960000000008,10241.711330567074,CCc1c(/C=C2\C(=O)c3sccc3C2=C(C#N)C#N)sc2c1sc1c3c4nsnc4c4c5sc6c(CC)c(/C=C7\C(=O)c8sc(-c9ccc(-c%10cc%11c(s%10)C(=O)/C(=C\c%10sc%12c(sc%13c%14c%15nsnc%15c%15c%16sc%17c(CC)c(/C=C%18\C(=O)c%19sc(-c%20cccs%20)cc%19C%18=C(C#N)C#N)sc%17c%16n(CC)c%15c%14n(CC)c%12%13)c%10CC)C%11=C(C#N)C#N)s9)cc8C7=C(C#N)C#N)sc6c5n(CC)c4c3n(CC)c21,-5.66,7.28
381.43999999999994,0,36,23,180,40,32,750.2440000000021,13103.756159710629,CCc1csc(-c2ccc(-c3cc(CC)c(-c4ccc5c(c4)C(=C(C#N)C#N)/C(=C/c4sc6c(sc7c8c9nsnc9c9c%10sc%11c(CC)c(/C=C%12\C(=O)c%13ccc(-c%14sc(-c%15ccc(-c%16cc(CC)c(-c%17ccc%18c(c%17)C(=C(C#N)C#N)/C(=C/c%17sc%19c(sc%20c%21c%22nsnc%22c%22c%23sc%24c(CC)c(/C=C%25\C(=O)c%26ccccc%26C%25=C(C#N)C#N)sc%24c%23n(CC)c%22c%21n(CC)c%19%20)c%17CC)C%18=O)s%16)c%16nsnc%15%16)cc%14CC)cc%13C%12=C(C#N)C#N)sc%11c%10n(CC)c9c8n(CC)c67)c4CC)C5=O)s3)c3nsnc23)c1,-5.65,7.28
381.44,0,34,23,174,38,30,719.4780000000021,12392.54711300064,CCc1csc(-c2cnc(-c3cc(CC)c(-c4ccc5c(c4)C(=C(C#N)C#N)/C(=C/c4sc6c(sc7c8c9nsnc9c9c%10sc%11c(CC)c(/C=C%12\C(=O)c%13ccc(-c%14sc(-c%15cnc(-c%16cc(CC)c(-c%17ccc%18c(c%17)C(=C(C#N)C#N)/C(=C/c%17sc%19c(sc%20c%21c%22nsnc%22c%22c%23sc%24c(CC)c(/C=C%25\C(=O)c%26ccccc%26C%25=C(C#N)C#N)sc%24c%23n(CC)c%22c%21n(CC)c%19%20)c%17CC)C%18=O)s%16)cn%15)cc%14CC)cc%13C%12=C(C#N)C#N)sc%11c%10n(CC)c9c8n(CC)c67)c4CC)C5=O)s3)cn2)c1,-5.65,7.28
381.44,0,38,23,178,42,32,745.9980000000022,12942.066736643808,CCc1csc(-c2nc3sc(-c4cc(CC)c(-c5ccc6c(c5)C(=C(C#N)C#N)/C(=C/c5sc7c(sc8c9c%10nsnc%10c%10c%11sc%12c(CC)c(/C=C%13\C(=O)c%14ccc(-c%15sc(-c%16nc%17sc(-c%18cc(CC)c(-c%19ccc%20c(c%19)C(=C(C#N)C#N)/C(=C/c%19sc%21c(sc%22c%23c%24nsnc%24c%24c%25sc%26c(CC)c(/C=C%27\C(=O)c%28ccccc%28C%27=C(C#N)C#N)sc%26c%25n(CC)c%24c%23n(CC)c%21%22)c%19CC)C%20=O)s%18)nc%17s%16)cc%15CC)cc%14C%13=C(C#N)C#N)sc%12c%11n(CC)c%10c9n(CC)c78)c5CC)C6=O)s4)nc3s2)c1,-5.65,7.28
391.29999999999995,0,34,21,180,44,32,724.1380000000019,13198.622627658056,CCc1c(/C=C2\C(=O)c3ccccc3C2=C(C#N)C#N)sc2c1sc1c3c4nsnc4c4c5sc6c(CC)c(/C=C7\C(=O)c8ccc(-c9ccc(-c%10c(F)c(F)c(-c%11ccc(-c%12ccc%13c(c%12)C(=C(C#N)C#N)/C(=C/c%12sc%14c(sc%15c%16c%17nsnc%17c%17c%18sc%19c(CC)c(/C=C%20\C(=O)c%21ccc(-c%22ccc(-c%23c(F)c(F)c(-c%24cccs%24)c%24nn(CC)nc%23%24)s%22)cc%21C%20=C(C#N)C#N)sc%19c%18n(CC)c%17c%16n(CC)c%14%15)c%12CC)C%13=O)s%11)c%11nn(CC)nc%10%11)s9)cc8C7=C(C#N)C#N)sc6c5n(CC)c4c3n(CC)c21,-5.65,8.200000000000001
129.29999999999998,0,10,26,106,10,15,442.21900000000124,5485.015340959165,CCCCCCc1ccc(C2(c3ccc(CCCCCC)cc3)c3cc4c(cc3-c3sc5cc(C=C6C(=O)c7ccccc7C6=C(C#N)C#N)sc5c32)C(c2ccc(CCCCCC)cc2)(c2ccc(CCCCCC)cc2)c2c-4sc3cc(C=C4C(=O)c5cc(C)c(C)cc5C4=C(C#N)C#N)sc23)cc1,-5.7,3.64
129.29999999999998,0,10,38,118,10,15,497.6230000000016,5712.57943995394,CCCCCCCCCc1ccc(C2(c3ccc(CCCCCCCCC)cc3)c3cc4c(cc3-c3sc5cc(C=C6C(=O)c7ccccc7C6=C(C#N)C#N)sc5c32)C(c2ccc(CCCCCCCCC)cc2)(c2ccc(CCCCCCCCC)cc2)c2c-4sc3cc(C=C4C(=O)c5cc(C)c(C)cc5C4=C(C#N)C#N)sc23)cc1,-5.78,3.64
166.21999999999994,0,14,20,108,18,15,419.2410000000012,5447.795579476246,CCOc1c(/C=C2\C(=O)c3cc(F)c(F)cc3C2=C(C#N)C#N)sc(-c2cc3c(s2)-c2cc4c(cc2C3(c2ccc(CC)cc2)c2ccc(CC)cc2)-c2sc(-c3sc(/C=C5\C(=O)c6cc(F)c(F)cc6C5=C(C#N)C#N)c(OCC)c3OCC)cc2C4(c2ccc(CC)cc2)c2ccc(CC)cc2)c1OCC,-5.57,4.5600000000000005
166.21999999999994,0,14,20,106,16,15,419.3250000000012,5327.734722076152,CCOc1c(/C=C2\C(=O)c3cc(F)ccc3C2=C(C#N)C#N)sc(-c2cc3c(s2)-c2cc4c(cc2C3(c2ccc(CC)cc2)c2ccc(CC)cc2)-c2sc(-c3sc(/C=C5\C(=O)c6cc(F)ccc6C5=C(C#N)C#N)c(OCC)c3OCC)cc2C4(c2ccc(CC)cc2)c2ccc(CC)cc2)c1OCC,-5.52,4.1000000000000005
166.21999999999994,0,14,20,104,14,15,419.4090000000012,5204.019490561853,CCOc1c(/C=C2\C(=O)c3ccccc3C2=C(C#N)C#N)sc(-c2cc3c(s2)-c2cc4c(cc2C3(c2ccc(CC)cc2)c2ccc(CC)cc2)-c2sc(-c3sc(/C=C5\C(=O)c6ccccc6C5=C(C#N)C#N)c(OCC)c3OCC)cc2C4(c2ccc(CC)cc2)c2ccc(CC)cc2)c1OCC,-5.48,3.64
160.45999999999998,0,14,16,114,16,21,462.93400000000105,6739.337975831098,CCc1ccc(C2(c3ccc(CC)cc3)c3cc4c(cc3-c3sc(-c5ccc(/C=c6\c(=O)c7ccc8c9c(ccc6c97)C(=O)N(CC(C)C)C8=O)c6nsnc56)cc32)C(c2ccc(CC)cc2)(c2ccc(CC)cc2)c2cc(-c3ccc(/C=c5\c(=O)c6ccc7c8c(ccc5c86)C(=O)N(CC(C)C)C7=O)c5nsnc35)sc2-4)cc1,-5.38,2.0
108.9,0,8,12,66,10,10,270.4499999999997,3362.5511768078195,CC(C)Cc1cc(/C=c2\c(=O)c3ccc4c5c(ccc2c53)C(=O)N(CC(C)C)C4=O)sc1/C=C/c1sc(/C=c2\c(=O)c3ccc4c5c(ccc2c53)C(=O)N(CC(C)C)C4=O)cc1CC(C)C,-5.4,2.0
108.9,0,10,14,102,12,19,420.882000000001,5912.486154852912,CCc1ccc(C2(c3ccc(CC)cc3)c3cc4c(cc3-c3sc5cc(/C=c6\c(=O)c7ccc8c9c(ccc6c97)C(=O)N(CC(C)C)C8=O)sc5c32)C(c2ccc(CC)cc2)(c2ccc(CC)cc2)c2c-4sc3cc(/C=c4\c(=O)c5ccc6c7c(ccc4c75)C(=O)N(CC(C)C)C6=O)sc23)cc1,-5.34,2.0
129.29999999999998,0,10,14,106,14,17,417.289000000001,5568.417264632728,CCc1ccc(C2(c3ccc(CC)cc3)c3cc4c(cc3-c3sc5c(c32)C(CC)(CC)c2cc(/C=C3\C(=O)c6cc(F)c(F)cc6C3=C(C#N)C#N)sc2-5)C(c2ccc(CC)cc2)(c2ccc(CC)cc2)c2c-4sc3c2C(CC)(CC)c2cc(/C=C4\C(=O)c5cc(F)c(F)cc5C4=C(C#N)C#N)sc2-3)cc1,-5.65,4.5600000000000005
129.29999999999998,0,10,28,114,14,16,459.3170000000015,6100.645692534571,CCCCCCCCc1ccc(C2(c3ccc(CCCCCC)cc3)c3c(sc4cc(C=C5C(=O)c6cc(F)c(F)cc6C5=C(C#N)C#N)sc34)-c3cc4c(c5cccc2c35)-c2sc3cc(C=C5C(=O)c6cc(F)c(F)cc6C5=C(C#N)C#N)sc3c2C4(c2ccc(CCCCCC)cc2)c2ccc(CCCCCC)cc2)cc1,-5.6,4.5600000000000005
129.29999999999998,0,10,26,112,14,16,450.0830000000012,5629.026826478217,CCCCCCc1ccc(C2(c3ccc(CCCCCC)cc3)c3c(sc4cc(C=C5C(=O)c6cc(F)c(F)cc6C5=C(C#N)C#N)sc34)-c3ccc4c5c(ccc2c35)C(c2ccc(CCCCCC)cc2)(c2ccc(CCCCCC)cc2)c2c-4sc3cc(C=C4C(=O)c5cc(F)c(F)cc5C4=C(C#N)C#N)sc23)cc1,-5.66,4.5600000000000005
129.29999999999998,0,10,28,110,10,16,459.48500000000143,5843.2072378428975,CCCCCCCCc1ccc(C2(c3ccc(CCCCCC)cc3)c3c(sc4cc(C=C5C(=O)c6ccccc6C5=C(C#N)C#N)sc34)-c3cc4c(c5cccc2c35)-c2sc3cc(C=C5C(=O)c6ccccc6C5=C(C#N)C#N)sc3c2C4(c2ccc(CCCCCC)cc2)c2ccc(CCCCCC)cc2)cc1,-5.52,3.64
129.29999999999998,0,10,26,108,10,16,450.2510000000013,5383.879604447037,CCCCCCc1ccc(C2(c3ccc(CCCCCC)cc3)c3c(sc4cc(C=C5C(=O)c6ccccc6C5=C(C#N)C#N)sc34)-c3ccc4c5c(ccc2c35)C(c2ccc(CCCCCC)cc2)(c2ccc(CCCCCC)cc2)c2c-4sc3cc(C=C4C(=O)c5ccccc5C4=C(C#N)C#N)sc23)cc1,-5.6,3.64
181.89999999999998,0,14,16,106,18,15,406.4780000000009,5480.571855305882,CCOC(=O)c1cc(-c2cc3c(s2)-c2cc4c(cc2C3(c2ccc(CC)cc2)c2ccc(CC)cc2)-c2sc(-c3cc(C(=O)OCC)c(/C=C5\C(=O)c6cc(F)c(F)cc6C5=C(C#N)C#N)s3)cc2C4(c2ccc(CC)cc2)c2ccc(CC)cc2)sc1/C=C1\C(=O)c2cc(F)c(F)cc2C1=C(C#N)C#N,-5.35,6.460000000000001
181.89999999999995,0,14,16,106,18,15,406.47800000000103,5480.571855305883,CCOC(=O)c1cc(/C=C2\C(=O)c3cc(F)c(F)cc3C2=C(C#N)C#N)sc1-c1cc2c(s1)-c1cc3c(cc1C2(c1ccc(CC)cc1)c1ccc(CC)cc1)-c1sc(-c2sc(/C=C4\C(=O)c5cc(F)c(F)cc5C4=C(C#N)C#N)cc2C(=O)OCC)cc1C3(c1ccc(CC)cc1)c1ccc(CC)cc1,-5.38,6.460000000000001
181.89999999999995,0,14,16,102,14,15,406.6460000000011,5236.712114833198,CCOC(=O)c1cc(/C=C2\C(=O)c3ccccc3C2=C(C#N)C#N)sc1-c1cc2c(s1)-c1cc3c(cc1C2(c1ccc(CC)cc1)c1ccc(CC)cc1)-c1sc(-c2sc(/C=C4\C(=O)c5ccccc5C4=C(C#N)C#N)cc2C(=O)OCC)cc1C3(c1ccc(CC)cc1)c1ccc(CC)cc1,-5.38,5.540000000000001
155.07999999999998,0,13,8,75,17,12,307.2220000000004,3986.109796685971,CCC1(CC)c2cc(/C=C3\C(=O)c4cc(Cl)c(Cl)cc4C3=C(C#N)C#N)sc2-c2sc(-c3ccc(-c4cc5c(s4)-c4sc(/C=C6\C(=O)c7cc(Cl)c(Cl)cc7C6=C(C#N)C#N)cc4C5(CC)CC)c4nsnc34)cc21,-5.64,4.5600000000000005
155.07999999999998,0,13,8,71,13,12,287.18200000000024,3754.521521659506,CCC1(CC)c2cc(/C=C3\C(=O)c4ccccc4C3=C(C#N)C#N)sc2-c2sc(-c3ccc(-c4cc5c(s4)-c4sc(/C=C6\C(=O)c7ccccc7C6=C(C#N)C#N)cc4C5(CC)CC)c4nsnc34)cc21,-5.54,3.64
258.59999999999997,0,20,17,136,20,22,551.4120000000011,8411.473112229693,CCC1(CC)c2cc3c(cc2-c2sc(/C=C4\C(=O)c5ccccc5C4=C(C#N)C#N)cc21)C(CC)(CC)c1cc(/C=C2\C(=O)c4ccc(-c5ccc(-c6ccc(-c7ccc8c(c7)C(=C(C#N)C#N)/C(=C/c7cc9c(s7)-c7cc%10c(cc7C9(CC)CC)-c7sc(/C=C9\C(=O)c%11ccc(-c%12ccc(-c%13cccs%13)s%12)cc%11C9=C(C#N)C#N)cc7C%10(CC)CC)C8=O)s6)s5)cc4C2=C(C#N)C#N)sc1-3,-5.65,7.28
258.59999999999997,0,20,17,140,24,22,571.4520000000011,8687.926267298782,CCC1(CC)c2cc3c(cc2-c2sc(/C=C4\C(=O)c5ccccc5C4=C(C#N)C#N)cc21)C(CC)(CC)c1cc(/C=C2\C(=O)c4ccc(-c5cc(Cl)c(-c6sc(-c7ccc8c(c7)C(=C(C#N)C#N)/C(=C/c7cc9c(s7)-c7cc%10c(cc7C9(CC)CC)-c7sc(/C=C9\C(=O)c%11ccc(-c%12cc(Cl)c(-c%13sccc%13Cl)s%12)cc%11C9=C(C#N)C#N)cc7C%10(CC)CC)C8=O)cc6Cl)s5)cc4C2=C(C#N)C#N)sc1-3,-5.67,8.200000000000001
258.59999999999997,0,20,17,140,24,22,551.244000000001,8687.926267298782,CCC1(CC)c2cc3c(cc2-c2sc(/C=C4\C(=O)c5ccccc5C4=C(C#N)C#N)cc21)C(CC)(CC)c1cc(/C=C2\C(=O)c4ccc(-c5cc(F)c(-c6sc(-c7ccc8c(c7)C(=C(C#N)C#N)/C(=C/c7cc9c(s7)-c7cc%10c(cc7C9(CC)CC)-c7sc(/C=C9\C(=O)c%11ccc(-c%12cc(F)c(-c%13sccc%13F)s%12)cc%11C9=C(C#N)C#N)cc7C%10(CC)CC)C8=O)cc6F)s5)cc4C2=C(C#N)C#N)sc1-3,-5.73,8.200000000000001
147.76,0,12,38,108,16,11,436.99100000000135,4455.1761812476625,CCCCCCOc1cc(C2CC3C(S2)C2=C(CC(C=C4C(=O)c5cc(F)c(F)cc5C4=C(C#N)C#N)S2)C3(C(CC)CCCC)C(CC)CCCC)c(OCCCCCC)cc1-c1cc2c(s1)-c1sc(C=C3C(=O)c4cc(F)c(F)cc4C3=C(C#N)C#N)cc1C2(CC(CC)CCCC)CC(CC)CCCC,-5.47,4.5600000000000005
147.75999999999996,0,12,41,113,16,11,459.55400000000134,4918.542107635127,CCCCC(CC)COc1c(-c2cc3c(s2)-c2sc(C=C4C(=O)c5cc(F)c(F)cc5C4=C(C#N)C#N)cc2C3(CC(CC)CCCC)CC(CC)CCCC)ccc(-c2cc3c(s2)-c2sc(C=C4C(=O)c5cc(F)c(F)cc5C4=C(C#N)C#N)cc2C3(CC(CC)CCCC)C(CC)CCCC)c1OCC(CC)CCCC,-5.52,4.5600000000000005
147.75999999999996,0,12,43,113,16,11,459.6940000000014,4879.746503005957,CCCCCCCCOc1c(-c2cc3c(s2)-c2sc(C=C4C(=O)c5cc(F)c(F)cc5C4=C(C#N)C#N)cc2C3(CC(CC)CCCC)CC(CC)CCCC)ccc(-c2cc3c(s2)-c2sc(C=C4C(=O)c5cc(F)c(F)cc5C4=C(C#N)C#N)cc2C3(CC(CC)CCCC)C(CC)CCCC)c1OCCCCCCCC,-5.54,4.5600000000000005
147.75999999999996,0,12,39,109,16,11,441.2260000000013,4801.370806336229,CCCCCCOc1c(-c2cc3c(s2)-c2sc(C=C4C(=O)c5cc(F)c(F)cc5C4=C(C#N)C#N)cc2C3(CC(CC)CCCC)CC(CC)CCCC)ccc(-c2cc3c(s2)-c2sc(C=C4C(=O)c5cc(F)c(F)cc5C4=C(C#N)C#N)cc2C3(CC(CC)CCCC)C(CC)CCCC)c1OCCCCCC,-5.49,4.5600000000000005
135.77999999999997,0,16,16,92,20,12,375.1970000000008,4583.453684411515,CCc1cc(-c2sc3c(N(c4ccc(SC)cc4)c4ccc(SC)cc4)c(-c4cc(CC)c(/C=C5\C(=O)c6cc(F)c(F)cc6C5=C(C#N)C#N)s4)sc3c2N(c2ccc(SC)cc2)c2ccc(SC)cc2)sc1/C=C1\C(=O)c2cc(F)c(F)cc2C1=C(C#N)C#N,-5.5,4.5600000000000005
135.77999999999997,0,12,12,84,16,12,328.0730000000006,4306.980476703971,CCc1cc(-c2sc3c(N(c4ccccc4)c4ccccc4)c(-c4cc(CC)c(/C=C5\C(=O)c6cc(F)c(F)cc6C5=C(C#N)C#N)s4)sc3c2N(c2ccccc2)c2ccccc2)sc1/C=C1\C(=O)c2cc(F)c(F)cc2C1=C(C#N)C#N,-5.58,4.5600000000000005
172.7,0,16,16,92,20,12,354.2810000000008,4585.943909407188,CCc1cc(-c2sc3c(N(c4ccc(OC)cc4)c4ccc(OC)cc4)c(-c4cc(CC)c(/C=C5\C(=O)c6cc(F)c(F)cc6C5=C(C#N)C#N)s4)sc3c2N(c2ccc(OC)cc2)c2ccc(OC)cc2)sc1/C=C1\C(=O)c2cc(F)c(F)cc2C1=C(C#N)C#N,-5.4,4.5600000000000005
135.77999999999997,0,12,12,88,16,12,347.02100000000075,4497.849725939705,CCc1cc(-c2sc3c(N(c4ccc(C)cc4)c4ccc(C)cc4)c(-c4cc(CC)c(/C=C5\C(=O)c6cc(F)c(F)cc6C5=C(C#N)C#N)s4)sc3c2N(c2ccc(C)cc2)c2ccc(C)cc2)sc1/C=C1\C(=O)c2cc(F)c(F)cc2C1=C(C#N)C#N,-5.59,4.5600000000000005
129.29999999999998,0,10,25,103,10,15,428.12800000000146,5406.586761003467,CCCCCCc1ccc(C2(c3ccc(CCCCCC)cc3)c3cc(C=C4C(=O)c5ccccc5C4=C(C#N)C#N)sc3-c3sc4cc5c6c(sc5cc4c32)-c2sc(C=C3C(=O)c4ccccc4C3=C(C#N)C#N)cc2[C@]6(c2ccc(CCCCC)cc2)c2ccc(CCCCCC)cc2)cc1,-5.41,3.64
129.29999999999998,0,12,10,94,12,17,389.6390000000011,5364.599521697437,CCc1ccc(C2(c3ccc(CC)cc3)c3cc(/C=C4\C(=O)c5c(sc6ccccc56)C4=C(C#N)C#N)sc3-c3sc4cc5c6c(sc5cc4c32)-c2sc(/C=C3\C(=O)c4c(sc5ccccc45)C3=C(C#N)C#N)cc2C6(c2ccc(CC)cc2)c2ccc(CC)cc2)cc1,-5.4,3.64
129.29999999999998,0,12,10,94,12,17,389.63900000000075,5364.599521697438,CCc1ccc(C2(c3ccc(CC)cc3)c3cc4c(cc3-c3sc5cc(/C=C6\C(=O)c7c(sc8ccccc78)C6=C(C#N)C#N)sc5c32)C(c2ccc(CC)cc2)(c2ccc(CC)cc2)c2c-4sc3cc(/C=C4\C(=O)c5c(sc6ccccc56)C4=C(C#N)C#N)sc23)cc1,-5.49,3.64
134.23,0,8,11,91,9,15,366.783000000001,4859.826959188697,CCc1ccc(C2(c3ccc(CC)cc3)c3cc4c5cc6c(cc5n(CC)c4cc3-c3sc(/C=C4\C(=O)c5ccccc5C4=C(C#N)C#N)cc32)-c2sc(/C=C3\C(=O)c4ccccc4C3=C(C#N)C#N)cc2C6(c2ccc(CC)cc2)c2ccc(CC)cc2)cc1,-5.47,3.64
134.23,0,10,11,97,11,17,397.5490000000012,5486.250112683242,CCc1ccc(C2(c3ccc(CC)cc3)c3cc4c5cc6c(cc5n(CC)c4cc3-c3sc(/C=C4\C(=O)c5c(sc7ccccc57)C4=C(C#N)C#N)cc32)-c2sc(/C=C3\C(=O)c4c(sc5ccccc45)C3=C(C#N)C#N)cc2C6(c2ccc(CC)cc2)c2ccc(CC)cc2)cc1,-5.46,3.64
129.29999999999998,0,10,14,100,14,15,413.5290000000009,5205.167388617942,CCc1ccc(C2(c3ccc(CC)cc3)c3cc4c(cc3-c3sc(-c5sc(/C=C6\C(=O)c7cc(Cl)c(Cl)cc7C6=C(C#N)C#N)cc5CC)cc32)C(c2ccc(CC)cc2)(c2ccc(CC)cc2)c2cc(-c3sc(/C=C5\C(=O)c6cc(Cl)c(Cl)cc6C5=C(C#N)C#N)cc3CC)sc2-4)cc1,-5.54,4.5600000000000005
129.29999999999998,0,10,14,100,14,15,393.3210000000009,5205.167388617942,CCc1ccc(C2(c3ccc(CC)cc3)c3cc4c(cc3-c3sc(-c5sc(/C=C6\C(=O)c7cc(F)c(F)cc7C6=C(C#N)C#N)cc5CC)cc32)C(c2ccc(CC)cc2)(c2ccc(CC)cc2)c2cc(-c3sc(/C=C5\C(=O)c6cc(F)c(F)cc6C5=C(C#N)C#N)cc3CC)sc2-4)cc1,-5.51,4.5600000000000005
129.29999999999998,0,10,14,96,10,15,393.48900000000094,4963.029025047431,CCc1ccc(C2(c3ccc(CC)cc3)c3cc4c(cc3-c3sc(-c5sc(/C=C6\C(=O)c7ccccc7C6=C(C#N)C#N)cc5CC)cc32)C(c2ccc(CC)cc2)(c2ccc(CC)cc2)c2cc(-c3sc(/C=C5\C(=O)c6ccccc6C5=C(C#N)C#N)cc3CC)sc2-4)cc1,-5.41,3.64
138.52999999999997,0,11,10,76,16,11,287.1680000000003,4090.740716076899,CCOc1cc(-c2cc3c(s2)-c2sc(/C=C4\C(=O)c5cc(F)c(F)cc5C4=C(C#N)C#N)cc2C3(CC)CC)c(F)cc1-c1cc2c(s1)-c1sc(/C=C3\C(=O)c4cc(F)c(F)cc4C3=C(C#N)C#N)cc1C2(CC)CC,-5.51,4.79
138.52999999999997,0,11,10,74,14,11,287.25200000000024,3972.132062245467,CCOc1cc(-c2cc3c(s2)-c2sc(/C=C4\C(=O)c5ccc(F)cc5C4=C(C#N)C#N)cc2C3(CC)CC)c(F)cc1-c1cc2c(s1)-c1sc(/C=C3\C(=O)c4ccc(F)cc4C3=C(C#N)C#N)cc1C2(CC)CC,-5.47,4.33
138.52999999999997,0,11,10,72,12,11,287.3360000000002,3851.9045754374165,CCOc1cc(-c2cc3c(s2)-c2sc(/C=C4\C(=O)c5ccccc5C4=C(C#N)C#N)cc2C3(CC)CC)c(F)cc1-c1cc2c(s1)-c1sc(/C=C3\C(=O)c4ccccc4C3=C(C#N)C#N)cc1C2(CC)CC,-5.42,3.87
129.29999999999998,0,10,25,107,14,15,427.96000000000146,5636.698233516673,CCCCCCc1ccc(C2(c3ccc(CCCCCC)cc3)c3cc(C=C4C(=O)c5cc(F)c(F)cc5C4=C(C#N)C#N)sc3-c3sc4cc5c6c(sc5cc4c32)-c2sc(C=C3C(=O)c4cc(F)c(F)cc4C3=C(C#N)C#N)cc2[C@]6(c2ccc(CCCCC)cc2)c2ccc(CCCCCC)cc2)cc1,-5.52,4.5600000000000005
129.29999999999998,0,14,25,107,14,17,450.2190000000014,5575.547392922949,CCCCCCc1ccc(C2(c3ccc(CCCCCC)cc3)c3cc(C=C4C(=O)C5c6sccc6SC5C4=C(C#N)C#N)sc3-c3sc4cc5c6c(sc5cc4c32)-c2sc(C=C3C(=O)C4c5sccc5SC4C3=C(C#N)C#N)cc2[C@]6(c2ccc(CCCCC)cc2)c2ccc(CCCCCC)cc2)cc1,-5.38,3.64
139.16,0,10,46,138,16,17,587.3250000000019,6478.547804111511,CCCCCCc1ccc(C2(c3ccc(CCCCCC)cc3)c3cc4c(cc3-c3sc5c6sc(C=C7C(=O)c8cc(Cl)c(Cl)cc8C7=C(C#N)C#N)cc6n(CC(CCCC)CCCCCC)c5c32)C(c2ccc(CCCCCC)cc2)(c2ccc(CCCCCC)cc2)c2c-4sc3c4sc(C=C5C(=O)c6cc(Cl)c(Cl)cc6C5=C(C#N)C#N)cc4n(CC(CCCC)CCCCCC)c23)cc1,-5.51,4.5600000000000005
139.16,0,10,46,138,16,17,567.1170000000018,6478.547804111511,CCCCCCc1ccc(C2(c3ccc(CCCCCC)cc3)c3cc4c(cc3-c3sc5c6sc(C=C7C(=O)c8cc(F)c(F)cc8C7=C(C#N)C#N)cc6n(CC(CCCC)CCCCCC)c5c32)C(c2ccc(CCCCCC)cc2)(c2ccc(CCCCCC)cc2)c2c-4sc3c4sc(C=C5C(=O)c6cc(F)c(F)cc6C5=C(C#N)C#N)cc4n(CC(CCCC)CCCCCC)c23)cc1,-5.54,4.5600000000000005
139.16,0,10,46,134,12,17,567.2850000000019,6228.221620268637,CCCCCCc1ccc(C2(c3ccc(CCCCCC)cc3)c3cc4c(cc3-c3sc5c6sc(C=C7C(=O)c8ccccc8C7=C(C#N)C#N)cc6n(CC(CCCC)CCCCCC)c5c32)C(c2ccc(CCCCCC)cc2)(c2ccc(CCCCCC)cc2)c2c-4sc3c4sc(C=C5C(=O)c6ccccc6C5=C(C#N)C#N)cc4n(CC(CCCC)CCCCCC)c23)cc1,-5.47,3.64
164.94,0,13,6,79,19,14,308.6780000000005,4931.504637793312,CCc1c(/C=C2\C(=O)c3cc4cc(F)c(F)cc4cc3C2=C(C#N)C#N)sc2c1sc1c3c4nsnc4c4c5sc6c(CC)c(/C=C7\C(=O)c8cc9cc(F)c(F)cc9cc8C7=C(C#N)C#N)sc6c5n(CC)c4c3n(CC)c21,-5.58,4.5600000000000005
164.94,0,13,6,75,15,14,308.8460000000005,4693.149124374643,CCc1c(/C=C2\C(=O)c3c(ccc4ccccc34)C2=C(C#N)C#N)sc2c1sc1c3c4nsnc4c4c5sc6c(CC)c(/C=C7\C(=O)c8c(ccc9ccccc89)C7=C(C#N)C#N)sc6c5n(CC)c4c3n(CC)c21,-5.46,3.64
164.94,0,13,6,75,15,14,308.8460000000005,4693.149124374643,CCc1c(/C=C2\C(=O)c3cc4ccccc4cc3C2=C(C#N)C#N)sc2c1sc1c3c4nsnc4c4c5sc6c(CC)c(/C=C7\C(=O)c8cc9ccccc9cc8C7=C(C#N)C#N)sc6c5n(CC)c4c3n(CC)c21,-5.42,3.64
129.29999999999998,0,12,10,88,12,15,364.1010000000007,4764.133448226794,CCc1ccc(C2(c3ccc(CC)cc3)c3cc4c(cc3-c3sc5cc(/C=C6\C(=O)c7sc(C)cc7C6=C(C#N)C#N)sc5c32)C(c2ccc(CC)cc2)(c2ccc(CC)cc2)c2c-4sc3cc(/C=C4\C(=O)c5sc(C)cc5C4=C(C#N)C#N)sc23)cc1,-5.5,3.64
147.76,0,12,40,112,16,11,455.3190000000015,4571.283567284977,CCCCC(CC)COc1cc(C2CC3C(S2)C2=C(CC(C=C4C(=O)c5cc(F)c(F)cc5C4=C(C#N)C#N)S2)C3(C(CC)CCCC)C(CC)CCCC)c(OCC(CC)CCCC)cc1-c1cc2c(s1)-c1sc(C=C3C(=O)c4cc(F)c(F)cc4C3=C(C#N)C#N)cc1C2(CC(CC)CCCC)CC(CC)CCCC,-5.49,4.5600000000000005
147.76,0,12,40,106,12,11,446.01100000000133,4261.813343965081,CCCCCCOc1cc(-c2cc3c(s2)-c2sc(C=C4C(=O)c5ccccc5C4=C(C#N)C#N)cc2C3(CC(CC)CCCC)CC(CC)CCCC)c(OCCCCCC)cc1-c1cc2c(s1)-c1sc(C=C3C(=O)c4ccccc4C3=C(C#N)C#N)cc1C2(CC(CC)CCCC)CC(CC)CCCC,-5.33,3.64
147.76,0,12,44,110,12,11,464.4790000000015,4335.543312298514,CCCCCCCCOc1cc(-c2cc3c(s2)-c2sc(C=C4C(=O)c5ccccc5C4=C(C#N)C#N)cc2C3(CC(CC)CCCC)CC(CC)CCCC)c(OCCCCCCCC)cc1-c1cc2c(s1)-c1sc(C=C3C(=O)c4ccccc4C3=C(C#N)C#N)cc1C2(CC(CC)CCCC)CC(CC)CCCC,-5.36,3.64
147.76,0,12,40,108,12,11,455.4870000000015,4323.3745694081845,CCCCC(CC)COc1cc(C2CC3C(S2)C2=C(CC(C=C4C(=O)c5ccccc5C4=C(C#N)C#N)S2)C3(C(CC)CCCC)C(CC)CCCC)c(OCC(CC)CCCC)cc1-c1cc2c(s1)-c1sc(C=C3C(=O)c4ccccc4C3=C(C#N)C#N)cc1C2(CC(CC)CCCC)CC(CC)CCCC,-5.38,3.64
129.29999999999998,0,10,10,72,10,11,294.9650000000003,3588.162727432105,CCc1cc(-c2cc3c(s2)-c2sc(/C=C4\C(=O)c5ccccc5C4=C(C#N)C#N)cc2C3(CC)CC)c(CC)cc1-c1cc2c(s1)-c1sc(/C=C3\C(=O)c4ccccc4C3=C(C#N)C#N)cc1C2(CC)CC,-5.53,3.64
155.07999999999998,0,12,12,92,12,15,370.3230000000007,4824.671231008745,CCc1ccc(C2(c3ccc(CC)cc3)c3cc4c(cc3-c3sc(-c5ncc(/C=C6\C(=O)c7ccccc7C6=C(C#N)C#N)s5)cc32)C(c2ccc(CC)cc2)(c2ccc(CC)cc2)c2cc(-c3ncc(/C=C5\C(=O)c6ccccc6C5=C(C#N)C#N)s3)sc2-4)cc1,-5.62,3.64
129.29999999999998,0,8,10,88,10,14,345.5290000000006,4596.629641443562,CCc1ccc(C2(c3ccc(CC)cc3)c3cc(/C=C4\C(=O)c5ccc(F)cc5C4=C(C#N)C#N)sc3-c3c2ccc2c4c(ccc32)C(c2ccc(CC)cc2)(c2ccc(CC)cc2)c2cc(/C=C3\C(=O)c5ccc(F)cc5C3=C(C#N)C#N)sc2-4)cc1,-5.52,4.1000000000000005
129.29999999999998,0,8,10,88,8,14,355.0870000000007,4583.136766923828,CCc1ccc(C2(c3ccc(CC)cc3)c3cc(/C=C4\C(=O)c5ccc(C)cc5C4=C(C#N)C#N)sc3-c3c2ccc2c4c(ccc32)C(c2ccc(CC)cc2)(c2ccc(CC)cc2)c2cc(/C=C3\C(=O)c5ccc(C)cc5C3=C(C#N)C#N)sc2-4)cc1,-5.53,3.64
147.76,0,10,12,90,10,14,358.7170000000007,4630.020764190904,CCc1ccc(C2(c3ccc(CC)cc3)c3cc(/C=C4\C(=O)c5ccc(OC)cc5C4=C(C#N)C#N)sc3-c3c2ccc2c4c(ccc32)C(c2ccc(CC)cc2)(c2ccc(CC)cc2)c2cc(/C=C3\C(=O)c5ccc(OC)cc5C3=C(C#N)C#N)sc2-4)cc1,-5.53,3.64
129.29999999999998,0,10,14,104,10,17,428.50100000000106,5676.98376719769,CCc1ccc(C2(c3ccc(CC)cc3)c3cc4c(cc3-c3sc(-c5sc(/C=C6\C(=O)c7cc8ccccc8cc7C6=C(C#N)C#N)cc5CC)cc32)C(c2ccc(CC)cc2)(c2ccc(CC)cc2)c2cc(-c3sc(/C=C5\C(=O)c6cc7ccccc7cc6C5=C(C#N)C#N)cc3CC)sc2-4)cc1,-5.58,3.64
129.29999999999998,0,8,8,70,12,10,264.46699999999976,3471.839210254522,CCC1(CC)C2=C(c3ccc(-c4ccc(/C=C5\C(=O)c6cc(F)c(F)cc6C5=C(C#N)C#N)s4)cc31)C(CC)(CC)c1cc(-c3ccc(/C=C4\C(=O)c5cc(F)c(F)cc5C4=C(C#N)C#N)s3)ccc12,-5.61,4.5600000000000005
129.29999999999998,0,8,8,68,10,10,264.55099999999965,3359.962131404257,CCC1(CC)C2=C(c3ccc(-c4ccc(/C=C5\C(=O)c6ccc(F)cc6C5=C(C#N)C#N)s4)cc31)C(CC)(CC)c1cc(-c3ccc(/C=C4\C(=O)c5ccc(F)cc5C4=C(C#N)C#N)s3)ccc12,-5.6,4.1000000000000005
129.29999999999998,0,8,8,66,8,10,264.63499999999965,3244.605962892874,CCC1(CC)C2=C(c3ccc(-c4ccc(/C=C5\C(=O)c6ccccc6C5=C(C#N)C#N)s4)cc31)C(CC)(CC)c1cc(-c3ccc(/C=C4\C(=O)c5ccccc5C4=C(C#N)C#N)s3)ccc12,-5.59,3.64
169.87,0,12,7,71,17,12,279.53700000000026,4189.975765341964,CCc1c(/C=C2\C(=O)c3cc(F)ccc3C2=C(C#N)C#N)sc2c1sc1c3c4nn(CC)nc4c4c5sc6c(CC)c(/C=C7\C(=O)c8cc(F)ccc8C7=C(C#N)C#N)sc6c5n(CC)c4c3n(CC)c21,-5.56,4.1000000000000005
129.29999999999998,0,9,10,87,9,14,352.9640000000007,4856.888147411419,CCc1ccc(C2(c3ccc(CC)cc3)c3cc4c(cc3-c3sc(/C=C5\C(=O)c6ccc(C)cc6C5=C(C#N)C#N)cc32)C(c2ccc(CC)cc2)(c2ccc(CC)cc2)c2c-4sc3cc(/C=C4\C(=O)c5ccc(C)cc5C4=C(C#N)C#N)sc23)cc1,-5.6,3.64
134.23,0,9,11,92,12,15,364.57600000000076,5273.553740354427,CCc1ccc(C2(c3ccc(CC)cc3)c3cc4c(cc3-c3sc(/C=C5\C(=O)c6ccc(F)cc6C5=C(C#N)C#N)cc32)C(c2ccc(CC)cc2)(c2ccc(CC)cc2)c2c-4sc3c4sc(/C=C5\C(=O)c6ccc(F)cc6C5=C(C#N)C#N)cc4n(CC)c23)cc1,-5.51,4.1000000000000005
134.23,0,10,11,95,13,16,379.95900000000086,5603.116943270138,CCc1ccc(C2(c3ccc(CC)cc3)c3cc4c(cc3-c3sc5cc(/C=C6\C(=O)c7ccc(F)cc7C6=C(C#N)C#N)sc5c32)C(c2ccc(CC)cc2)(c2ccc(CC)cc2)c2c-4sc3c4sc(/C=C5\C(=O)c6ccc(F)cc6C5=C(C#N)C#N)cc4n(CC)c23)cc1,-5.46,4.1000000000000005
134.23,0,11,11,98,14,17,395.34200000000084,5934.806560261778,CCc1ccc(C2(c3ccc(CC)cc3)c3cc4c(cc3-c3sc5c(sc6cc(/C=C7\C(=O)c8cc(F)ccc8C7=C(C#N)C#N)sc65)c32)C(c2ccc(CC)cc2)(c2ccc(CC)cc2)c2c-4sc3c4sc(/C=C5\C(=O)c6cc(F)ccc6C5=C(C#N)C#N)cc4n(CC)c23)cc1,-5.4,4.1000000000000005
134.23,0,10,11,101,15,17,397.3810000000011,5731.278610893037,CCc1ccc(C2(c3ccc(CC)cc3)c3cc4c5cc6c(cc5n(CC)c4cc3-c3sc4cc(/C=C5\C(=O)c7cc(F)c(F)cc7C5=C(C#N)C#N)sc4c32)-c2sc3cc(/C=C4\C(=O)c5cc(F)c(F)cc5C4=C(C#N)C#N)sc3c2C6(c2ccc(CC)cc2)c2ccc(CC)cc2)cc1,-5.61,4.5600000000000005
134.23,0,10,11,97,11,17,397.5490000000011,5486.250112683241,CCc1ccc(C2(c3ccc(CC)cc3)c3cc4c5cc6c(cc5n(CC)c4cc3-c3sc4cc(/C=C5\C(=O)c7ccccc7C5=C(C#N)C#N)sc4c32)-c2sc3cc(/C=C4\C(=O)c5ccccc5C4=C(C#N)C#N)sc3c2C6(c2ccc(CC)cc2)c2ccc(CC)cc2)cc1,-5.54,3.64
164.94,0,13,42,106,15,12,453.6630000000013,5129.829824035279,CCCCCCCCCCCc1c(C=C2C(=O)c3ccccc3C2=C(C#N)C#N)sc2c1sc1c3c4nsnc4c4c5sc6c(CCCCCCCCCCC)c(C=CC=C7C(=O)c8ccccc8C7=C(C#N)C#N)sc6c5n(CC(CCCC)CCCCCC)c4c3n(CC(CCCC)CCCCC)c21,-5.54,3.64
155.07999999999998,0,12,27,100,18,12,390.1520000000011,4851.812808897043,CCCCC(CC)CC1(CC(CC)CCCC)c2cc(C=C3C(=O)c4cc(F)c(F)cc4C3=C(C#N)C#N)sc2-c2sc(-c3c(F)c(F)c(-c4cc5c(s4)C4=C(C=C(C=C6C(=O)c7cc(F)c(F)cc7C6=C(C#N)C#N)C4)C5(CC(CC)CCCC)C(CC)CCCC)c4nsnc34)cc21,-5.98,5.0200000000000005
155.07999999999998,0,12,27,98,16,12,390.2360000000011,4730.580005914901,CCCCC(CC)CC1(CC(CC)CCCC)c2cc(C=C3C(=O)c4cc(F)c(F)cc4C3=C(C#N)C#N)sc2-c2sc(-c3ccc(-c4cc5c(s4)C4=C(C=C(C=C6C(=O)c7cc(F)c(F)cc7C6=C(C#N)C#N)C4)C5(CC(CC)CCCC)C(CC)CCCC)c4nsnc34)cc21,-5.89,4.5600000000000005
173.54,0,14,43,116,18,12,467.97800000000143,5168.816008714369,CCCCCCCCOc1c(OCCCCCCCC)c(-c2cc3c(s2)-c2sc(C=C4C(=O)c5cc(F)c(F)cc5C4=C(C#N)C#N)cc2C3(CC(CC)CCCC)CC(CC)CCCC)c2nsnc2c1-c1cc2c(s1)C1=C(C=C(C=C3C(=O)c4cc(F)c(F)cc4C3=C(C#N)C#N)C1)C2(CC(CC)CCCC)C(CC)CCCC,-5.92,4.5600000000000005
160.01,0,12,9,79,19,12,292.7170000000005,4171.221195999808,CCn1nc2c(-c3cc4c(s3)-c3sc(/C=C5\C(=O)c6cc(F)c(F)cc6C5=C(C#N)C#N)cc3C4(CC)CC)c(F)c(F)c(-c3cc4c(s3)-c3sc(/C=C5\C(=O)c6cc(F)c(F)cc6C5=C(C#N)C#N)cc3C4(CC)CC)c2n1,-5.56,5.0200000000000005
160.01,0,12,9,77,17,12,292.80100000000044,4057.921225084384,CCn1nc2c(-c3cc4c(s3)-c3sc(/C=C5\C(=O)c6ccc(F)cc6C5=C(C#N)C#N)cc3C4(CC)CC)c(F)c(F)c(-c3cc4c(s3)-c3sc(/C=C5\C(=O)c6ccc(F)cc6C5=C(C#N)C#N)cc3C4(CC)CC)c2n1,-5.52,4.5600000000000005
160.01,0,12,9,75,15,12,292.8850000000004,3943.5614586649426,CCn1nc2c(-c3cc4c(s3)-c3sc(/C=C5\C(=O)c6ccccc6C5=C(C#N)C#N)cc3C4(CC)CC)c(F)c(F)c(-c3cc4c(s3)-c3sc(/C=C5\C(=O)c6ccccc6C5=C(C#N)C#N)cc3C4(CC)CC)c2n1,-5.47,4.1000000000000005
129.29999999999998,0,8,10,80,14,12,312.1150000000007,4215.725415305704,CCc1cc2c(-c3ccc4c(c3)C(CC)(CC)C3=C4C(CC)(CC)c4cc(-c5sc(/C=C6\C(=O)c7cc(F)c(F)cc7C6=C(C#N)C#N)c6[se]c(CC)cc56)ccc43)sc(/C=C3\C(=O)c4cc(F)c(F)cc4C3=C(C#N)C#N)c2[se]1,-5.54,4.5600000000000005
134.23,0,10,31,118,15,16,476.76200000000154,6213.878263515794,CCCCCCc1ccc(C2(c3ccc(CCCCCC)cc3)c3cc(C=C4C(=O)c5cc(F)c(F)cc5C4=C(C#N)C#N)sc3-c3sc4cc5c6c(sc5cc4c32)-c2c(n(CC(CC)CCCC)c3cc(C=C4C(=O)c5cc(F)c(F)cc5C4=C(C#N)C#N)sc23)C6(c2ccc(CCCCC)cc2)c2ccc(CCCCCC)cc2)cc1,-5.53,4.5600000000000005
129.29999999999998,0,11,9,89,14,15,357.0350000000006,5245.754212853478,CCc1ccc(C2(c3ccc(C)cc3)c3cc4c(cc3-c3sc5cc(/C=C6\C(=O)c7cc(F)c(F)cc7C6=C(C#N)C#N)sc5c32)C(c2ccc(CC)cc2)(c2ccc(CC)cc2)c2c-4sc3cc(/C=C4\C(=O)c5sc(Cl)cc5C4=C(C#N)C#N)sc23)cc1,-5.4,4.33
129.29999999999998,0,11,9,89,13,15,356.7620000000006,5238.073123618957,CCc1ccc(C2(c3ccc(C)cc3)c3cc4c(cc3-c3sc5cc(/C=C6\C(=O)c7cc(F)c(F)cc7C6=C(C#N)C#N)sc5c32)C(c2ccc(CC)cc2)(c2ccc(CC)cc2)c2c-4sc3cc(/C=C4\C(=O)c5sc(C)cc5C4=C(C#N)C#N)sc23)cc1,-5.4,4.1000000000000005
129.29999999999998,0,12,10,88,14,15,364.6470000000006,4777.476390191964,CCc1ccc(C2(c3ccc(CC)cc3)c3cc4c(cc3-c3sc5cc(/C=C6\C(=O)c7sc(Cl)cc7C6=C(C#N)C#N)sc5c32)C(c2ccc(CC)cc2)(c2ccc(CC)cc2)c2c-4sc3cc(/C=C4\C(=O)c5sc(Cl)cc5C4=C(C#N)C#N)sc23)cc1,-5.35,4.1000000000000005
168.21999999999997,0,13,20,147,19,24,592.1710000000019,8906.29798656352,CCc1ccc(C2(c3ccc(CC)cc3)c3cc4c(cc3-c3sc(/C=C5\C(=O)c6cc(Cl)c(Cl)cc6C5=C(C#N)C#N)cc32)C(c2ccc(CC)cc2)(c2ccc(CC)cc2)c2cc(-c3c(F)c(F)c(-c5cc6c(s5)-c5cc7c(cc5C6(c5ccc(CC)cc5)c5ccc(CC)cc5)-c5sc(/C=C6\C(=O)c8cc(Cl)c(Cl)cc8C6=C(C#N)C#N)cc5C7(c5ccc(CC)cc5)c5cccc(CC)c5)c5nonc35)sc2-4)cc1,-5.7,5.0200000000000005
155.07999999999998,0,13,20,147,19,24,597.7820000000019,8905.443233591246,CCc1ccc(C2(c3ccc(CC)cc3)c3cc4c(cc3-c3sc(/C=C5\C(=O)c6cc(Cl)c(Cl)cc6C5=C(C#N)C#N)cc32)C(c2ccc(CC)cc2)(c2ccc(CC)cc2)c2cc(-c3c(F)c(F)c(-c5cc6c(s5)-c5cc7c(cc5C6(c5ccc(CC)cc5)c5ccc(CC)cc5)-c5sc(/C=C6\C(=O)c8cc(Cl)c(Cl)cc8C6=C(C#N)C#N)cc5C7(c5ccc(CC)cc5)c5cccc(CC)c5)c5nsnc35)sc2-4)cc1,-5.35,5.0200000000000005
134.23,0,9,32,116,14,15,486.2040000000014,5842.749582644896,CCCCCCc1ccc(C2(c3ccc(CCCCCC)cc3)c3cc4c(cc3-c3sc(C=C5C(=O)c6cc(Cl)c(Cl)cc6C5=C(C#N)C#N)cc32)C(c2ccc(CCCCCC)cc2)(c2ccc(CCCCCC)cc2)c2c-4sc3c4sc(C=C5C(=O)c6cc(Cl)c(Cl)cc6C5=C(C#N)C#N)cc4n(CC(CC)CCCC)c23)cc1,-5.66,4.5600000000000005
134.23,0,9,32,116,14,15,465.99600000000135,5842.749582644896,CCCCCCc1ccc(C2(c3ccc(CCCCCC)cc3)c3cc4c(cc3-c3sc(C=C5C(=O)c6cc(F)c(F)cc6C5=C(C#N)C#N)cc32)C(c2ccc(CCCCCC)cc2)(c2ccc(CCCCCC)cc2)c2c-4sc3c4sc(C=C5C(=O)c6cc(F)c(F)cc6C5=C(C#N)C#N)cc4n(CC(CC)CCCC)c23)cc1,-5.3,4.5600000000000005
134.23,0,9,11,90,10,15,364.66000000000076,5145.246034860983,CCc1ccc(C2(c3ccc(CC)cc3)c3cc4c(cc3-c3sc(/C=C5\C(=O)c6ccccc6C5=C(C#N)C#N)cc32)C(c2ccc(CC)cc2)(c2ccc(CC)cc2)c2c-4sc3c4sc(/C=C5\C(=O)c6ccccc6C5=C(C#N)C#N)cc4n(CC)c23)cc1,-5.79,3.64
129.29999999999998,0,11,10,90,14,15,364.3660000000006,5216.1426893558155,CCc1ccc(C2(c3ccc(CC)cc3)c3cc4c(cc3-c3sc5cc(/C=C6\C(=O)c7cc(F)c(F)cc7C6=C(C#N)C#N)sc5c32)C(c2ccc(CC)cc2)(c2ccc(CC)cc2)c2c-4sc3cc(/C=C4\C(=O)c5sc(Br)cc5C4=C(C#N)C#N)sc23)cc1,-5.74,4.33
129.29999999999998,0,12,10,88,14,15,370.0270000000006,4777.476390191964,CCc1ccc(C2(c3ccc(CC)cc3)c3cc4c(cc3-c3sc5cc(/C=C6\C(=O)c7sc(Br)cc7C6=C(C#N)C#N)sc5c32)C(c2ccc(CC)cc2)(c2ccc(CC)cc2)c2c-4sc3cc(/C=C4\C(=O)c5sc(Br)cc5C4=C(C#N)C#N)sc23)cc1,-5.65,4.1000000000000005
164.94,0,15,43,114,19,14,499.92300000000125,5839.73621581422,CCCCCCCCCCCc1c(C=C2C(=O)c3cc4cc(Br)sc4cc3C2=C(C#N)C#N)sc2c1sc1c3c4nsnc4c4c5sc6c(CCCCCCCCCCC)c(C=C7C(=O)c8cc9cc(Br)sc9cc8C7=C(C#N)C#N)sc6c5n(CC(CCCC)CCCCCCC)c4c3n(CC(CCCC)CCCCCC)c21,-5.64,4.1000000000000005
164.94,0,13,34,104,19,13,423.77300000000116,5241.665878633351,CCCCCCCCCCCc1c(C=C2C(=O)c3cc(F)c(F)cc3C2=C(C#N)C#N)sc2c1sc1c3c4nsnc4c4c5sc6c(CCCCCCCCCCC)c(C=C7C(=O)c8cc(F)c(F)cc8C7=C(C#N)C#N)sc6c5n(CC(CCC)CCCC)c4c3n(CCCCC3CCCCC3)c21,-5.64,4.5600000000000005
129.29999999999998,0,10,30,108,14,15,431.94100000000105,5146.375899819956,N#CC(C#N)=C1C(=Cc2cc3sc4c(c3s2)C(CCCCCCc2ccccc2)(CCCCCCc2ccccc2)c2cc3c(cc2-4)C(CCCCCCc2ccccc2)(CCCCCCc2ccccc2)c2c-3sc3cc(C=C4C(=O)c5cc(F)c(F)cc5C4=C(C#N)C#N)sc23)C(=O)c2cc(F)c(F)cc21,-5.68,4.5600000000000005
174.17,0,15,45,114,21,12,471.28050000000144,5350.670007201442,CCCCCCCC(CCCC)COc1c(/C=C2\C(=O)C3C=C(F)C(F)=CC3C2=C(C#N)C#N)sc2c1sc1c3c4nsnc4c4c5sc6c(SCC(CCCC)CCCCCC)c(C=C7C(=O)c8cc(F)c(F)cc8C7=C(C#N)C#N)sc6c5n(CC(CCCC)CCCCCC)c4c3n(CC(CCCC)CCCCCC)c21,-5.55,4.5600000000000005
164.94,0,13,6,73,21,12,293.79000000000036,4643.157928587461,CCc1c(/C=C2\C(=O)c3cc(F)c(F)cc3C2=C(C#N)C#N)sc2c1sc1c3c4nsnc4c4c5sc6c(CC)c(/C=C7\C(=O)c8c(Cl)c(Cl)c(Cl)c(Cl)c8C7=C(C#N)C#N)sc6c5n(CC)c4c3n(CC)c21,-5.72,5.0200000000000005
164.94,0,13,6,73,21,12,303.8940000000004,4637.648153583134,CCc1c(/C=C2\C(=O)c3cc(Cl)c(Cl)cc3C2=C(C#N)C#N)sc2c1sc1c3c4nsnc4c4c5sc6c(CC)c(/C=C7\C(=O)c8c(Cl)c(Cl)c(Cl)c(Cl)c8C7=C(C#N)C#N)sc6c5n(CC)c4c3n(CC)c21,-5.64,5.0200000000000005
329.88,0,26,108,235,30,24,1013.4950000000055,12105.993509046519,CCCCCCCCCCCc1c(C=C2C(=O)c3cc(C=Cc4ccc5c(c4)C(=O)C(=Cc4sc6c(sc7c8c9nsnc9c9c%10sc%11c(CCCCCCCCCCC)c(C=C%12C(=O)c%13cc(C)ccc%13C%12=C(C#N)C#N)sc%11c%10n(CC(CCCCCCCC)CCCCCCCCCC)c9c8n(CC(CCCCCCCC)CCCCCCCCCC)c67)c4CCCCCCCCCCC)C5=C(C#N)C#N)ccc3C2=C(C#N)C#N)sc2c1sc1c3c4nsnc4c4c5sc6cc(C=C7C(=O)c8cc(C)ccc8C7=C(C#N)C#N)sc6c5n(CC(CCCCCCCC)CCCCCCCCCC)c4c3n(CC(CCCCCCCC)CCCCCCCCCC)c21,-5.62,7.28
329.88,0,27,108,238,31,25,1026.8740000000053,12384.141245888797,CCCCCCCCCCCc1c(C=C2C(=O)c3cc(-c4ccc(-c5ccc6c(c5)C(=O)C(=Cc5sc7c(sc8c9c%10nsnc%10c%10c%11sc%12c(CCCCCCCCCCC)c(C=C%13C(=O)c%14cc(C)ccc%14C%13=C(C#N)C#N)sc%12c%11n(CC(CCCCCCCC)CCCCCCCCCC)c%10c9n(CC(CCCCCCCC)CCCCCCCCCC)c78)c5CCCCCCCCCCC)C6=C(C#N)C#N)s4)ccc3C2=C(C#N)C#N)sc2c1sc1c3c4nsnc4c4c5sc6cc(C=C7C(=O)c8cc(C)ccc8C7=C(C#N)C#N)sc6c5n(CC(CCCCCCCC)CCCCCCCCCC)c4c3n(CC(CCCCCCCC)CCCCCCCCCC)c21,-5.65,7.28
329.88,0,28,120,258,32,26,1119.6980000000065,12782.670378239782,CCCCCCCCCCCc1c(C=C2C(=O)c3cc(-c4ccc(-c5ccc(-c6ccc7c(c6)C(=O)C(=Cc6sc8c(sc9c%10c%11nsnc%11c%11c%12sc%13c(CCCCCCCCCCC)c(C=C%14C(=O)c%15cc(C)ccc%15C%14=C(C#N)C#N)sc%13c%12n(CC(CCCCCCCC)CCCCCCCCCC)c%11c%10n(CC(CCCCCCCC)CCCCCCCCCCC)c89)c6CCCCCCCCCCC)C7=C(C#N)C#N)s5)s4)ccc3C2=C(C#N)C#N)sc2c1sc1c3c4nsnc4c4c5sc6c(CCCCCCCCCCC)c(C=C7C(=O)c8cc(C(C)(C)C)ccc8C7=C(C#N)C#N)sc6c5n(CC(CCCCCCCC)CCCCCCCCCC)c4c3n(CC(CCCCCCCC)CCCCCCCCCC)c21,-5.72,7.28
348.34,0,28,78,212,40,25,859.5300000000033,11448.695053790021,CCCCCCCCCCCc1c(C=C2C(=O)c3cc(F)c(F)cc3C2=C(C#N)C#N)sc2c1sc1c3c4nsnc4c4c5sc6c(CCCCCCCCCCC)c(C=C7C(=O)c8cc(F)c(F)cc8C7=C(C#N)C#N)sc6c5n(CC(CC)CCCC)c4c3n(CCCCCCCCCOc3ccc(OCCCCCCCCCn4c5c6sc(C=C7C(=O)c8cc(F)c(F)cc8C7=C(C#N)C#N)c(CCCCCCCCCCC)c6sc5c5c6nsnc6c6c7sc8c(CCCCCCCCCCC)c(C=C9C(=O)c%10cc(F)c(F)cc%10C9=C(C#N)C#N)sc8c7n(CC(CC)CCCC)c6c54)cc3)c21,-5.7,9.12
348.34,0,28,76,210,40,25,850.2960000000032,11406.811104563414,CCCCCCCCCCCc1c(C=C2C(=O)c3cc(F)c(F)cc3C2=C(C#N)C#N)sc2c1sc1c3c4nsnc4c4c5sc6c(CCCCCCCCCCC)c(C=C7C(=O)c8cc(F)c(F)cc8C7=C(C#N)C#N)sc6c5n(CC(CC)CCCC)c4c3n(CCCCCCCCOc3ccc(OCCCCCCCCn4c5c6sc(C=C7C(=O)c8cc(F)c(F)cc8C7=C(C#N)C#N)c(CCCCCCCCCCC)c6sc5c5c6nsnc6c6c7sc8c(CCCCCCCCCCC)c(C=C9C(=O)c%10cc(F)c(F)cc%10C9=C(C#N)C#N)sc8c7n(CC(CC)CCCC)c6c54)cc3)c21,-5.67,9.12
348.34,0,28,72,206,40,25,831.8280000000032,11323.075885400609,CCCCCCCCCCCc1c(C=C2C(=O)c3cc(F)c(F)cc3C2=C(C#N)C#N)sc2c1sc1c3c4nsnc4c4c5sc6c(CCCCCCCCCCC)c(C=C7C(=O)c8cc(F)c(F)cc8C7=C(C#N)C#N)sc6c5n(CC(CC)CCCC)c4c3n(CCCCCCOc3ccc(OCCCCCCn4c5c6sc(C=C7C(=O)c8cc(F)c(F)cc8C7=C(C#N)C#N)c(CCCCCCCCCCC)c6sc5c5c6nsnc6c6c7sc8c(CCCCCCCCCCC)c(C=C9C(=O)c%10cc(F)c(F)cc%10C9=C(C#N)C#N)sc8c7n(CC(CC)CCCC)c6c54)cc3)c21,-5.67,9.12
34.14,0,10,29,82,12,10,362.3870000000011,3568.757818435577,CCCCC(CC)Cc1sc(-c2c3cc(-c4ccc(-c5sc(-c6ccc(C)s6)c6c5C(=O)c5c(CC(CC)CCCC)sc(CC(CC)CCCC)c5C6=O)s4)sc3c(-c3cc(F)c(CC(CC)CCCC)s3)c3cc(C)sc23)cc1F,-5.68,1.46
164.94,0,14,36,118,24,14,489.9190000000013,5893.587715157766,CCCCCCC(CCCC)Cc1c(C=C2C(=O)c3cc(Cl)c(Cl)cc3C2=C(C#N)C#N)sc2c1sc1c3c4nc(-c5scc(F)c5F)c(-c5scc(F)c5F)nc4c4c5sc6c(CC(CCCC)CCCCCC)c(C=C7C(=O)c8cc(Cl)c(Cl)cc8C7=C(C#N)C#N)sc6c5n(CC(CC)CCCC)c4c3n(CC(CC)CCCC)c21,-5.58,5.48
164.94,0,12,42,119,19,14,491.1170000000013,6171.457460366484,CCCCCCCCCCCc1c(C=C2C(=O)c3cc(F)c(F)cc3C2=C(C#N)C#N)sc2c1sc1c3c4nc5cc(Cl)c6ccccc6c5nc4c4c5sc6c(CCCCCCCCCCC)c(C=C7C(=O)c8cc(F)c(F)cc8C7=C(C#N)C#N)sc6c5n(CC(CCCC)CCCCCC)c4c3n(CC(CCCC)CCCCCC)c21,-5.61,4.79
164.94,0,12,42,119,18,14,490.84400000000136,6163.363719586026,CCCCCCCCCCCc1c(C=C2C(=O)c3cc(F)c(F)cc3C2=C(C#N)C#N)sc2c1sc1c3c4nc5ccc6ccc(C)cc6c5nc4c4c5sc6c(CCCCCCCCCCC)c(C=C7C(=O)c8cc(F)c(F)cc8C7=C(C#N)C#N)sc6c5n(CC(CCCC)CCCCCC)c4c3n(CC(CCCC)CCCCCC)c21,-5.56,4.5600000000000005
164.94,0,12,42,119,19,14,491.1170000000013,6171.457460366484,CCCCCCCCCCCc1c(C=C2C(=O)c3cc(F)c(F)cc3C2=C(C#N)C#N)sc2c1sc1c3c4nc5ccc6cc(Cl)ccc6c5nc4c4c5sc6c(CCCCCCCCCCC)c(C=C7C(=O)c8cc(F)c(F)cc8C7=C(C#N)C#N)sc6c5n(CC(CCCC)CCCCCC)c4c3n(CC(CCCC)CCCCCC)c21,-5.68,4.79
164.94,0,12,42,118,18,14,486.10700000000134,6104.992723368688,CCCCCCCCCCCc1c(C=C2C(=O)c3cc(F)c(F)cc3C2=C(C#N)C#N)sc2c1sc1c3c4nc5ccc6ccccc6c5nc4c4c5sc6c(CCCCCCCCCCC)c(C=C7C(=O)c8cc(F)c(F)cc8C7=C(C#N)C#N)sc6c5n(CC(CCCC)CCCCCC)c4c3n(CC(CCCC)CCCCCC)c21,-5.65,4.5600000000000005
164.94,0,13,37,105,19,12,429.6750000000012,5179.730778556176,CCCCCCC(CCCC)CCc1c(C=C2C(=O)c3cc(F)c(F)cc3C2=C(C#N)C#N)sc2c1sc1c3c4nsnc4c4c5sc6c(CCC(CCCC)CCCCCC)c(/C=C7\C(=O)c8cc(F)c(F)cc8C7C(C#N)C#N)sc6c5n(CC(CC)CCCC)c4c3n(CC(CC)CCCC)c21,-5.68,4.5600000000000005
164.94,0,14,67,136,16,13,592.7350000000021,5960.053627751164,CCCCCCCCCCCCC(CCCCCCCCCC)Cn1c2c3sc(C=C4C(=O)c5cc(C)ccc5C4=C(C#N)C#N)c(CCCCCCCCCCC)c3sc2c2c3nsnc3c3c4sc5c(CCCCCCCCCCC)c(C=C6C(=O)c7cc(-c8ccc(C)s8)ccc7C6=C(C#N)C#N)sc5c4n(CC(CCCCCCCCCC)CCCCCCCCCCCC)c3c21,-5.52,3.64
79.01,0,10,39,98,15,12,434.03000000000145,4606.0661038802,C=C1C(=Cc2sc3c(sc4c5c6nsnc6c6c7sc8c(CCCCCCCCC)c(C=C9C(=C)c%10cc(Cl)c(OC)cc%10C9=O)sc8c7n(CC(CCCC)CCCCCC)c6c5n(CC(CCCC)CCCCCC)c34)c2CCCCCCCCC)C(=O)c2cc(Cl)c(Cl)cc21,-5.74,1.69
164.94,0,14,59,130,18,13,555.7150000000016,5918.655909379038,CCCCCCCCCCCc1c(C=C2C(=O)c3c(ccc(C)c3F)C2=C(C#N)C#N)sc2c1sc1c3c4nsnc4c4c5sc6c(CCCCCCCCCCC)c(C=C7C(=O)c8c(ccc(-c9ccc(C)s9)c8F)C7=C(C#N)C#N)sc6c5n(CC(CCCCCCCC)CCCCCCCCCC)c4c3n(CC(CCCCCCCC)CCCCCCCCCC)c21,-5.68,4.1000000000000005
329.88,0,27,102,235,35,25,994.2910000000049,11854.08053178529,CCCCCCCCCCCc1c(C=C2C(=O)c3cc(-c4ccc(-c5ccc6c(c5)C(=O)C(=Cc5sc7c(sc8c9c%10nsnc%10c%10c%11sc%12c(CCCCCCCCCCC)c(C=C%13C(=O)c%14cc(F)c(F)cc%14C%13=C(C#N)C#N)sc%12c%11n(CC(CCCCCC)CCCCCCCC)c%10c9n(CC(CCCCCC)CCCCCCCC)c78)c5CCCCCCCCCCC)C6=C(C#N)C#N)s4)ccc3C2=C(C#N)C#N)sc2c1sc1c3c4nsnc4c4c5sc6c(CCCCCCCCCCC)c(C=C7C(=O)c8cc(F)c(F)cc8C7=C(C#N)C#N)sc6c5n(CC(CCCCCC)CCCCCCCC)c4c3n(CC(CCCCCC)CCCCCCCC)c21,-5.6,8.200000000000001
164.94,0,13,50,116,18,12,493.6920000000014,5407.531148056231,CCCCCCCCCCCc1c(C=C2C(=O)c3cc(Br)ccc3C2=C(C#N)C#N)sc2c1sc1c3c4nsnc4c4c5sc6c(CCCCCCCCCCC)c(C=C7C(=O)c8cc(F)c(F)cc8C7=C(C#N)C#N)sc6c5n(CC(CCCCCC)CCCCCCCC)c4c3n(CC(CCCCCC)CCCCCCCC)c21,-5.56,4.33
139.16,0,11,44,107,17,11,465.3180000000013,4661.918814797118,CCCCCCCCCCCCc1c(C=C2C(=O)c3cc(Cl)c(Cl)cc3C2=C(C#N)C#N)sc2c1sc1c3sc4c5sc6c(CCCCCCCCCCCC)c(C=C7C(=O)c8cc(Cl)c(Cl)cc8C7=C(C#N)C#N)sc6c5n(CC(CCCC)CCCCCC)c4c3n(CC(CCCC)CCCCCC)c21,-5.71,4.5600000000000005
139.16,0,11,44,107,17,11,445.1100000000013,4661.918814797118,CCCCCCCCCCCCc1c(C=C2C(=O)c3cc(F)c(F)cc3C2=C(C#N)C#N)sc2c1sc1c3sc4c5sc6c(CCCCCCCCCCCC)c(C=C7C(=O)c8cc(F)c(F)cc8C7=C(C#N)C#N)sc6c5n(CC(CCCC)CCCCCC)c4c3n(CC(CCCC)CCCCCC)c21,-5.51,4.5600000000000005
129.29999999999998,0,8,58,132,12,13,544.6270000000019,5095.610912084681,CCCCCCCCC1(CCCCCCCC)c2cc3c(cc2-c2cc4c(cc21)-c1sc(C=C2C(=O)c5cc(F)c(F)cc5C2=C(C#N)C#N)cc1C4(CCCCCCCC)CCCCCCCC)C(CCCCCCCC)(CCCCCCCC)c1cc2c(cc1-3)C(CCCCCCCC)(CCCCCCCC)c1cc(C=C3C(=O)c4cc(F)c(F)cc4C3=C(C#N)C#N)sc1-2,-5.75,4.5600000000000005
129.29999999999998,0,8,58,128,8,13,544.7950000000019,4853.251155966732,CCCCCCCCC1(CCCCCCCC)c2cc3c(cc2-c2cc4c(cc21)-c1sc(C=C2C(=O)c5ccccc5C2=C(C#N)C#N)cc1C4(CCCCCCCC)CCCCCCCC)C(CCCCCCCC)(CCCCCCCC)c1cc2c(cc1-3)C(CCCCCCCC)(CCCCCCCC)c1cc(C=C3C(=O)c4ccccc4C3=C(C#N)C#N)sc1-2,-5.66,3.64
129.29999999999998,0,12,10,88,14,15,364.6470000000006,4777.476390191964,CCc1ccc(C2(c3ccc(CC)cc3)c3cc4c(cc3-c3sc5cc(/C=C6\C(=O)c7c(csc7Cl)C6=C(C#N)C#N)sc5c32)C(c2ccc(CC)cc2)(c2ccc(CC)cc2)c2c-4sc3cc(/C=C4\C(=O)c5c(csc5Cl)C4=C(C#N)C#N)sc23)cc1,-5.58,4.1000000000000005
258.59999999999997,0,22,15,138,22,24,566.318000000001,8953.325725523599,CCC1(CC)c2cc3c(cc2-c2sc4cc(/C=C5\C(=O)c6ccccc6C5=C(C#N)C#N)sc4c21)C(CC)(CC)c1c-3sc2cc(/C=C3\C(=O)c4ccc(-c5ccc(-c6ccc7c(c6)C(=C(C#N)C#N)/C(=C/c6cc8sc9c(c8s6)C(CC)(CC)c6cc8c(cc6-9)C(CC)(CC)c6c-8sc8cc(/C=C9\C(=O)c%10ccc(-c%11cccs%11)cc%10C9=C(C#N)C#N)sc68)C7=O)s5)cc4C3=C(C#N)C#N)sc12,-5.79,7.28
164.94,0,13,6,71,19,12,299.2540000000004,4236.912018345367,CCc1c(/C=C2\C(=O)c3cc(Cl)c(Br)cc3C2=C(C#N)C#N)sc2c1sc1c3c4nsnc4c4c5sc6c(CC)c(/C=C7\C(=O)c8cc(Cl)c(Br)cc8C7=C(C#N)C#N)sc6c5n(CC)c4c3n(CC)c21,-5.79,4.5600000000000005
164.94,0,13,6,71,19,12,299.2540000000004,4236.912018345367,CCc1c(/C=C2\C(=O)c3c(Cl)cc(Br)cc3C2=C(C#N)C#N)sc2c1sc1c3c4nsnc4c4c5sc6c(CC)c(/C=C7\C(=O)c8c(Cl)cc(Br)cc8C7=C(C#N)C#N)sc6c5n(CC)c4c3n(CC)c21,-5.71,4.5600000000000005
164.94,0,13,6,71,19,12,299.2540000000004,4236.912018345367,CCc1c(/C=C2\C(=O)c3c(ccc(Br)c3Cl)C2=C(C#N)C#N)sc2c1sc1c3c4nsnc4c4c5sc6c(CC)c(/C=C7\C(=O)c8c(ccc(Br)c8Cl)C7=C(C#N)C#N)sc6c5n(CC)c4c3n(CC)c21,-5.71,4.5600000000000005
174.17,0,14,7,72,20,12,275.45700000000016,4541.98992911684,CCOc1c(/C=C2\C(=O)c3cc(F)c(F)cc3C2=C(C#N)C#N)sc2c1sc1c3c4nsnc4c4c5sc6c(CC)c(/C=C7\C(=O)c8cc(F)c(F)cc8C7=C(C#N)C#N)sc6c5n(CC)c4c3n(CC)c21,-5.81,4.5600000000000005
183.4,0,15,29,96,21,12,380.8650000000012,4876.403327451954,CCCCCCCCOC1c2sc3c4c5nsnc5c5c6sc7c(OCCCCCCC)c(C=C8C(=O)c9cc(F)c(F)cc9C8=C(C#N)C#N)sc7c6n(CC(CC)CCCC)c5c4n(CC(CC)CCCC)c3c2SC1C=C1C(=O)c2cc(F)c(F)cc2C1=C(C#N)C#N,-5.81,4.5600000000000005
160.01,0,13,41,108,18,12,463.6210000000012,5117.947540367595,CCCCCCCCCCCc1c(C=C2C(=O)c3cc(Cl)c(Cl)cc3C2=C(C#N)C#N)sc2c3c(sc12)-c1c(c2c(c4nsnc14)c1sc4c(CCCCCCCCCCC)c(C=C5C(=O)c6cc(Cl)c(Cl)cc6C5=C(C#N)C#N)sc4c1n2C(CCCC)CCCCCC)C3CC(CCCC)CCCCCC,-5.83,4.5600000000000005
169.23999999999998,0,14,38,105,19,12,446.9440000000011,5063.786346058673,CCCCCCCCCCCOc1c(C=C2C(=O)c3cc(Cl)c(Cl)cc3C2=C(C#N)C#N)sc2c3c(sc12)-c1c(c2c(c4nsnc14)c1sc4c(CCCCCCCCCCC)c(C=C5C(=O)c6cc(Cl)c(Cl)cc6C5=C(C#N)C#N)sc4c1n2C(CCC)CCCCC)C3CC(CCC)CCCCC,-5.84,4.5600000000000005
169.23999999999998,0,14,34,101,19,12,428.476000000001,4984.761634651149,CCCCCCCCCCCOc1c(C=C2C(=O)c3cc(Cl)c(Cl)cc3C2=C(C#N)C#N)sc2c3c(sc12)-c1c(c2c(c4nsnc14)c1sc4c(CCCCCCCCCCC)c(C=C5C(=O)c6cc(Cl)c(Cl)cc6C5=C(C#N)C#N)sc4c1n2C(CC)CCCC)C3CC(CC)CCCC,-5.85,4.5600000000000005
169.23999999999998,0,14,42,109,19,12,465.41200000000117,5142.909182808218,CCCCCCCCCCCOc1c(C=C2C(=O)c3cc(Cl)c(Cl)cc3C2=C(C#N)C#N)sc2c3c(sc12)-c1c(c2c(c4nsnc14)c1sc4c(CCCCCCCCCCC)c(C=C5C(=O)c6cc(Cl)c(Cl)cc6C5=C(C#N)C#N)sc4c1n2C(CCCC)CCCCCC)C3CC(CCCC)CCCCCC,-5.99,4.5600000000000005
178.47,0,15,43,110,20,12,467.20300000000117,5167.4028919434795,CCCCCCCCCCCOc1c(C=C2C(=O)c3cc(Cl)c(Cl)cc3C2=C(C#N)C#N)sc2c3c(sc12)-c1c(c2c(c4nsnc14)c1sc4c(OCCCCCCCCCCC)c(C=C5C(=O)c6cc(Cl)c(Cl)cc6C5=C(C#N)C#N)sc4c1n2C(CCCC)CCCCCC)C3CC(CCCC)CCCCCC,-5.99,4.5600000000000005
129.29999999999998,0,12,26,104,14,15,438.5190000000011,5063.806575863393,CCCCCCc1ccc(C2(c3ccc(CCCCCC)cc3)c3cc4c(cc3-c3sc5cc(C=C6C(=O)c7c(csc7Cl)C6=C(C#N)C#N)sc5c32)C(c2ccc(CCCCCC)cc2)(c2ccc(CCCCCC)cc2)c2c-4sc3cc(C=C4C(=O)c5c(csc5Cl)C4=C(C#N)C#N)sc23)cc1,-5.99,4.1000000000000005
160.01,0,14,59,129,15,13,561.5130000000017,5902.330325392176,CCCCCCCCCCCc1c(C=C2C(=O)c3cc(-c4ccc(C)s4)ccc3C2=C(C#N)C#N)sc2c1sc1c2cc(CC(CCCCCCCC)CCCCCCCCCC)c2c1c1nsnc1c1c3sc4c(CCCCCCCCCCC)c(C=C5C(=O)c6cc(C)ccc6C5=C(C#N)C#N)sc4c3n(CC(CCCCCCCC)CCCCCCCCCC)c21,-5.66,3.64
164.94,0,13,42,117,19,14,483.98400000000134,5694.214951649368,CCCCCCCCCCCc1c(C=C2C(=O)c3cc4cc(F)c(F)cc4cc3C2=C(C#N)C#N)sc2c1sc1c3c4nsnc4c4c5sc6c(CCCCCCCCCCC)c(C=C7C(=O)c8cc9cc(F)c(F)cc9cc8C7=C(C#N)C#N)sc6c5n(CC(CCCC)CCCCCC)c4c3n(CC(CCCC)CCCCCC)c21,-5.45,4.5600000000000005
164.94,0,13,42,115,17,14,484.06800000000135,5573.682095008813,CCCCCCCCCCCc1c(C=C2C(=O)c3cc4ccc(F)cc4cc3C2=C(C#N)C#N)sc2c1sc1c3c4nsnc4c4c5sc6c(CCCCCCCCCCC)c(C=C7C(=O)c8cc9ccc(F)cc9cc8C7=C(C#N)C#N)sc6c5n(CC(CCCC)CCCCCC)c4c3n(CC(CCCC)CCCCCC)c21,-5.65,4.1000000000000005
164.94,0,13,42,113,15,14,484.1520000000013,5449.486577935344,CCCCCCCCCCCc1c(C=C2C(=O)c3cc4ccccc4cc3C2=C(C#N)C#N)sc2c1sc1c3c4nsnc4c4c5sc6c(CCCCCCCCCCC)c(C=C7C(=O)c8cc9ccccc9cc8C7=C(C#N)C#N)sc6c5n(CC(CCCC)CCCCCC)c4c3n(CC(CCCC)CCCCCC)c21,-5.66,3.64
164.94,0,13,27,104,19,14,421.355000000001,5796.609730610035,CCCCCCc1cccc(-c2c(C=C3C(=O)c4cc(F)c(F)cc4C3=C(C#N)C#N)sc3c2sc2c4c5nsnc5c5c6sc7c(-c8cccc(CCCCCC)c8)c(C=C8C(=O)c9cc(F)c(F)cc9C8=C(C#N)C#N)sc7c6n(CC(CCC)CCCC)c5c4n(CC(CC)CCCC)c32)c1,-5.65,4.5600000000000005
164.94,0,13,31,110,19,14,448.91700000000117,5957.1583963560515,CCCCC(CC)CCc1cccc(-c2c(C=C3C(=O)c4cc(F)c(F)cc4C3=C(C#N)C#N)sc3c2sc2c4c5nsnc5c5c6sc7c(-c8cccc(CCC(CC)CCCC)c8)c(C=C8C(=O)c9cc(F)c(F)cc9C8=C(C#N)C#N)sc7c6n(CC(CCC)CCCC)c5c4n(CC(CC)CCCC)c32)c1,-5.65,4.5600000000000005
164.94,0,13,29,108,19,14,439.683000000001,5916.843534852539,CCCCC(CC)Cc1cccc(-c2c(C=C3C(=O)c4cc(F)c(F)cc4C3=C(C#N)C#N)sc3c2sc2c4c5nsnc5c5c6sc7c(-c8cccc(CC(CC)CCCC)c8)c(C=C8C(=O)c9cc(F)c(F)cc9C8=C(C#N)C#N)sc7c6n(CC(CCC)CCCC)c5c4n(CC(CC)CCCC)c32)c1,-5.65,4.5600000000000005
164.94,0,13,55,121,19,12,503.6870000000015,5458.392685383467,CCCCCCCCCCCc1c(C=C2C(=O)c3cc(F)c(F)cc3C2=C(C#N)C#N)sc2c1sc1c3c4nsnc4c4c5sc6c(CCCCCCCCCCC)c(/C=C7\C(=O)c8cc(F)c(F)cc8C7C(C#N)C#N)sc6c5n(CC(CCCCCCC)CCCCCCCCC)c4c3n(CC(CCCCCCC)CCCCCCCCC)c21,-5.49,4.5600000000000005
183.89999999999998,0,12,8,70,18,11,255.05299999999966,3966.4748394450207,CCOc1c2oc3c4sc(/C=C5\C(=O)c6cc(F)c(F)cc6C5=C(C#N)C#N)cc4n(CC)c3c2c(OCC)c2oc3c4sc(/C=C5\C(=O)c6cc(F)c(F)cc6C5=C(C#N)C#N)cc4n(CC)c3c12,-5.61,4.5600000000000005
102.41999999999999,0,30,29,168,36,30,725.1430000000015,10893.193848868368,CCc1sc(-c2c3cc(-c4ccc(-c5sc(-c6ccc(-c7cc8c(-c9cc(F)c(CC)s9)c9sc(-c%10ccc(-c%11sc(-c%12ccc(-c%13cc%14c(-c%15cc(F)c(CC)s%15)c%15sc(-c%16ccc(-c%17sc(-c%18cccs%18)c%18c%17C(=O)c%17c(CC)sc(CC)c%17C%18=O)s%16)cc%15c(-c%15cc(F)c(CC)s%15)c%14s%13)s%12)c%12c%11C(=O)c%11c(CC)sc(CC)c%11C%12=O)s%10)cc9c(-c9cc(F)c(CC)s9)c8s7)s6)c6c5C(=O)c5c(CC)sc(CC)c5C6=O)s4)sc3c(-c3cc(F)c(CC)s3)c3ccsc23)cc1F,-5.64,4.38
164.94,0,11,34,111,19,14,451.80000000000115,5583.9002733678035,CCCCCCc1cccc(-c2c(C=C3C(=O)c4cc(F)c(F)cc4C3=C(C#N)C#N)[se]c3c2sc2c4c5nsnc5c5c6sc7c(-c8cccc(CCCCCC)c8)c(C=C8C(=O)c9cc(F)c(F)cc9C8=C(C#N)C#N)[se]c7c6n(CC(CCCC)CCCCCC)c5c4n(CC(CCCC)CCCCCC)c23)c1,-5.63,4.5600000000000005
164.94,0,11,34,111,19,14,451.8000000000011,5583.9002733678035,CCCCCCc1cccc(-c2c(C=C3C(=O)c4cc(F)c(F)cc4C3=C(C#N)C#N)sc3c2[se]c2c4c5nsnc5c5c6[se]c7c(-c8cccc(CCCCCC)c8)c(C=C8C(=O)c9cc(F)c(F)cc9C8=C(C#N)C#N)sc7c6n(CC(CCCC)CCCCCC)c5c4n(CC(CCCC)CCCCCC)c32)c1,-5.68,4.5600000000000005
164.94,0,13,34,111,19,14,453.6740000000011,5579.04552039553,CCCCCCc1cccc(-c2c(C=C3C(=O)c4cc(F)c(F)cc4C3=C(C#N)C#N)sc3c2sc2c4c5nsnc5c5c6sc7c(-c8cccc(CCCCCC)c8)c(C=C8C(=O)c9cc(F)c(F)cc9C8=C(C#N)C#N)sc7c6n(CC(CCCC)CCCCCC)c5c4n(CC(CCCC)CCCCCC)c32)c1,-5.64,4.5600000000000005
164.94,0,12,42,116,20,13,468.5170000000013,5496.920020273113,CCCCCCCCCCCc1c(C=C2C(=O)c3cc(F)c(F)cc3C2=C(C#N)C#N)sc2c1sc1c3c4nc5cc(F)c(F)cc5nc4c4c5sc6c(CCCCCCCCCCC)c(C=C7C(=O)c8cc(F)c(F)cc8C7=C(C#N)C#N)sc6c5n(CC(CCCC)CCCCCC)c4c3n(CC(CCCC)CCCCCC)c21,-5.64,5.0200000000000005
164.94,0,12,42,114,18,13,468.6010000000013,5378.464306928704,CCCCCCCCCCCc1c(C=C2C(=O)c3cc(F)c(F)cc3C2=C(C#N)C#N)sc2c1sc1c3c4nc5ccccc5nc4c4c5sc6c(CCCCCCCCCCC)c(C=C7C(=O)c8cc(F)c(F)cc8C7=C(C#N)C#N)sc6c5n(CC(CCCC)CCCCCC)c4c3n(CC(CCCC)CCCCCC)c21,-5.64,4.5600000000000005
164.94,0,13,55,121,19,12,503.6870000000017,5458.392685383468,CCCCCCCCCCC(CCCCCCCC)Cn1c2c3sc(C=C4C(=O)c5cc(F)c(F)cc5C4=C(C#N)C#N)c(CCCCCCCCC)c3sc2c2c3nsnc3c3c4sc5c(CCCCCCCCC)c(/C=C6\C(=O)c7cc(F)c(F)cc7C6C(C#N)C#N)sc5c4n(CC(CCCCCCCC)CCCCCCCCCC)c3c21,-5.8,4.5600000000000005
329.88,0,26,111,240,34,24,1017.1590000000051,12312.019729129966,CCCCCCCCCCC(CCCCCCCC)Cn1c2c3sc(C=C4C(=O)c5ccc(/C=C/c6ccc7c(c6)C(=O)/C(=C\c6sc8c(sc9c%10c%11nsnc%11c%11c%12sc%13c(CCCCCCCCC)c(C=C%14C(=O)c%15cc(F)c(F)cc%15C%14=C(C#N)C#N)sc%13c%12n(CC(CCCCCCCC)CCCCCCCCCC)c%11c%10n(CC(CCCCCCCC)CCCCCCCCCC)c89)c6CCCCCCCCC)C7C(C#N)C#N)cc5C4=C(C#N)C#N)c(CCCCCCCCC)c3sc2c2c3nsnc3c3c4sc5c(CCCCCCCCC)c(C=C6C(=O)c7cc(F)c(F)cc7C6=C(C#N)C#N)sc5c4n(CC(CCCCCCCC)CCCCCCCCCC)c3c21,-5.67,8.200000000000001
494.82000000000005,0,39,201,394,49,36,1693.0790000000065,19834.09546798116,CCCCCCCCCCCCC(CCCCCCCCCC)Cn1c2c3sc(C=C4C(=O)c5cc(C=Cc6ccc7c(c6)C(=O)C(=Cc6sc8c(sc9c%10c%11nsnc%11c%11c%12sc%13c(CCCCCCCCCCC)c(C=C%14C(=O)c%15cc(F)c(F)cc%15C%14=C(C#N)C#N)sc%13c%12n(CC(CCCCCCCCCC)CCCCCCCCCCCC)c%11c%10n(CC(CCCCCCCCCC)CCCCCCCCCCCC)c89)c6CCCCCCCCCCC)C7=C(C#N)C#N)ccc5C4=C(C#N)C#N)c(CCCCCCCCCCC)c3sc2c2c3nsnc3c3c4sc5c(CCCCCCCCCCC)c(C=C6C(=O)c7cc(C=Cc8ccc9c(c8)C(=O)C(=Cc8sc%10c(sc%11c%12c%13nsnc%13c%13c%14sc%15c(CCCCCCCCCCC)c(C=C%16C(=O)c%17cc(F)c(F)cc%17C%16=C(C#N)C#N)sc%15c%14n(CC(CCCCCCCCCC)CCCCCCCCCCCC)c%13c%12n(C(CCCCCCCCCC)CCCCCCCCCCCC)c%10%11)c8CCCCCCCCCCC)C9=C(C#N)C#N)ccc7C6=C(C#N)C#N)sc5c4n(CC(CCCCCCCCCC)CCCCCCCCCCCC)c3c21,-5.63,11.84
164.94,0,13,36,114,21,14,455.6140000000015,5922.330976365314,CCCCCCC(CCCC)Cc1c(/C=C2\C(=O)c3cc(F)c(F)cc3C2C(C#N)C#N)sc2c1sc1c3c4nsnc4c4c5sc6c(C(CCCC)CCCCCC)c(C=C7C(=O)c8cc(F)c(F)cc8C7=C(C#N)C#N)sc6c5n(CC(CC)CCCc5ccc(F)cc5)c4c3n(CC(CC)CCCc3ccc(F)cc3)c21,-5.64,5.0200000000000005
164.94,0,13,36,112,19,14,455.69800000000157,5803.682725893387,CCCCCCC(CCCC)Cc1c(/C=C2\C(=O)c3cc(F)c(F)cc3C2C(C#N)C#N)sc2c1sc1c3c4nsnc4c4c5sc6c(C(CCCC)CCCCCC)c(C=C7C(=O)c8cc(F)c(F)cc8C7=C(C#N)C#N)sc6c5n(CC(CC)CCCc5ccccc5)c4c3n(CC(CC)CCCc3ccccc3)c21,-5.64,4.5600000000000005
164.94,0,13,36,114,19,14,465.1720000000016,5931.09623801125,CCCCCCC(CCCC)Cc1c(/C=C2\C(=O)c3cc(F)c(F)cc3C2C(C#N)C#N)sc2c1sc1c3c4nsnc4c4c5sc6c(C(CCCC)CCCCCC)c(C=C7C(=O)c8cc(F)c(F)cc8C7=C(C#N)C#N)sc6c5n(CC(CC)CCCc5ccc(C)cc5)c4c3n(CC(CC)CCCc3cccc(C)c3)c21,-5.75,4.5600000000000005
329.88000000000005,0,25,130,300,39,31,1289.4220000000084,16218.878036636823,CCCCCCCCCCCc1c(C=C2C(=O)c3cc(Cl)c(Cl)cc3C2=C(C#N)C#N)sc2c1sc1c3c4nc5cc(F)c(-c6ccc(-c7cc8nc9c(nc8c(C)c7F)c7c8sc%10c(CCCCCCCCCCC)c(C=C%11C(=O)c%12cc(Cl)c(Cl)cc%12C%11=C(C#N)C#N)sc%10c8n(-c8ccc(CC(CCCCCCCCCC)CCCCCCCCCC)cc8)c7c7c9c8sc9c(CCCCCCCCCCC)c(C=C%10C(=O)c%11cc(Cl)c(Cl)cc%11C%10=C(C#N)C#N)sc9c8n7-c7ccc(CC(CCCCCCCCCC)CCCCCCCCCC)cc7)s6)cc5nc4c4c5sc6c(CCCCCCCCCCC)c(C=C7C(=O)c8cc(Cl)c(Cl)cc8C7=C(C#N)C#N)sc6c5n(-c5ccc(CC(CCCCCCCCCC)CCCCCCCCCC)cc5)c4c3n(-c3ccc(CC(CCCCCCCCCC)CCCCCCCCCC)cc3)c21,-5.72,9.58
329.88000000000005,0,25,130,299,39,31,1284.6850000000084,15296.780039795894,CCCCCCCCCCCc1c(C=C2C(=O)c3cc(Cl)c(Cl)cc3C2=C(C#N)C#N)sc2c1sc1c3c4nc5cc(-c6ccc(-c7cc(F)c8nc9c(nc8c7)c7c8sc%10c(CCCCCCCCCCC)c(C=C%11C(=O)c%12cc(Cl)c(Cl)cc%12C%11=C(C#N)C#N)sc%10c8n(-c8ccc(CC(CCCCCCCCCC)CCCCCCCCCC)cc8)c7c7c9c8sc9c(CCCCCCCCCCC)c(C=C%10C(=O)c%11cc(Cl)c(Cl)cc%11C%10=C(C#N)C#N)sc9c8n7-c7ccc(CC(CCCCCCCCCC)CCCCCCCCCC)cc7)s6)cc(F)c5nc4c4c5sc6c(CCCCCCCCCCC)c(C=C7C(=O)c8cc(Cl)c(Cl)cc8C7=C(C#N)C#N)sc6c5n(-c5ccc(CC(CCCCCCCCCC)CCCCCCCCCC)cc5)c4c3n(-c3ccc(CC(CCCCCCCCCC)CCCCCCCCCC)cc3)c21,-5.52,9.58
329.88000000000005,0,25,130,299,39,31,1284.6850000000081,15296.780039795889,CCCCCCCCCCCc1c(C=C2C(=O)c3cc(Cl)c(Cl)cc3C2=C(C#N)C#N)sc2c1sc1c3c4nc5ccc(-c6csc(-c7ccc8nc9c(nc8c7F)c7c8sc%10c(CCCCCCCCCCC)c(C=C%11C(=O)c%12cc(Cl)c(Cl)cc%12C%11=C(C#N)C#N)sc%10c8n(-c8ccc(CC(CCCCCCCCCC)CCCCCCCCCC)cc8)c7c7c9c8sc9c(CCCCCCCCCCC)c(C=C%10C(=O)c%11cc(Cl)c(Cl)cc%11C%10=C(C#N)C#N)sc9c8n7-c7ccc(CC(CCCCCCCCCC)CCCCCCCCCC)cc7)c6)c(F)c5nc4c4c5sc6c(CCCCCCCCCCC)c(C=C7C(=O)c8cc(Cl)c(Cl)cc8C7=C(C#N)C#N)sc6c5n(-c5ccc(CC(CCCCCCCCCC)CCCCCCCCCC)cc5)c4c3n(-c3ccc(CC(CCCCCCCCCC)CCCCCCCCCC)cc3)c21,-5.66,9.58
129.29999999999998,0,10,13,94,14,14,367.6500000000009,5134.455952893478,CCSc1cc(/C=C2\C(=O)c3cc(F)c(F)cc3C2=C(C#N)C#N)sc1-c1cc2c(s1)-c1cc3c(cc1C2(c1ccc(CC)cc1)c1ccc(CC)cc1)-c1sc(/C=C2\C(=O)c4cc(F)c(F)cc4C2=C(C#N)C#N)cc1C3(c1ccc(CC)cc1)c1ccc(CC)cc1,-5.75,4.5600000000000005
164.94,0,13,42,109,19,12,448.9720000000013,4982.845465133574,CCCCCCCCCCCc1c(C=C2C(=O)c3cc(F)c(F)cc3C2=C(C#N)C#N)sc2c1sc1c3c4nsnc4c4c5sc6c(CCCCCCCCCCC)c(C=C7C(=O)c8cc(F)c(F)cc8C7=C(C#N)C#N)sc6c5n(CC(CCCC)CCCCCC)c4c3n(CC(CCCC)CCCCCC)c21,-5.66,4.5600000000000005
164.94,0,13,42,105,15,12,449.1400000000013,4742.564020914952,CCCCCCCCCCCc1c(C=C2C(=O)c3ccccc3C2=C(C#N)C#N)sc2c1sc1c3c4nsnc4c4c5sc6c(CCCCCCCCCCC)c(C=C7C(=O)c8ccccc8C7=C(C#N)C#N)sc6c5n(CC(CCCC)CCCCCC)c4c3n(CC(CCCC)CCCCCC)c21,-5.69,3.64
164.94,0,13,42,109,19,12,448.9720000000013,5307.845465133572,CCCCCCCCCCCc1c(C=C2C(=O)c3cc(F)c(F)cc3C2=C(C#N)C#N)sc2c1sc1c3c4nsnc4c4c5sc6c(CCCCCCCCCCC)c(C=C7C(=O)c8cc(F)c(F)cc8C7=C(C#N)C#N)sc6c5n(CC(CCCCCC)CCCCCCCC)c4c3n(CC(CC)CCCC)c21,-5.68,4.5600000000000005
164.94,0,13,42,109,19,12,448.9720000000013,5305.845465133572,CCCCCCCCCCCc1c(C=C2C(=O)c3cc(F)c(F)cc3C2=C(C#N)C#N)sc2c1sc1c3c4nsnc4c4c5sc6c(CCCCCCCCCCC)c(C=C7C(=O)c8cc(F)c(F)cc8C7=C(C#N)C#N)sc6c5n(CC(CCCCCCCC)CCCCCCCCCC)c4c3n(CC(C)C)c21,-5.71,4.5600000000000005
129.29999999999998,0,8,7,60,14,8,224.7629999999997,2972.796230768829,CCc1cc(-c2ccc(/C=C3\C(=O)c4cc(F)c(F)cc4C3=C(C#N)C#N)[se]2)sc1-c1sc(-c2ccc(/C=C3\C(=O)c4cc(F)c(F)cc4C3=C(C#N)C#N)[se]2)cc1CC,-5.52,4.5600000000000005
174.17,0,15,45,113,21,12,466.1880000000013,5347.842541254507,CCCCCCC(CCCC)COc1c(C=C2C(=O)c3cc(F)c(F)cc3C2=C(C#N)C#N)sc2c1sc1c3c4nsnc4c4c5sc6c(SCC(CCCC)CCCCCC)c(/C=C7\C(=O)c8cc(F)c(F)cc8C7C(C#N)C#N)sc6c5n(CC(CCCC)CCCCCC)c4c3n(CC(CCCC)CCCCCC)c21,-5.54,4.5600000000000005
174.17,0,15,45,111,19,12,466.27200000000136,5223.355420685262,CCCCCCC(CCCC)COc1c(C=C2C(=O)c3ccc(F)cc3C2=C(C#N)C#N)sc2c1sc1c3c4nsnc4c4c5sc6c(SCC(CCCC)CCCCCC)c(/C=C7\C(=O)c8ccc(F)cc8C7C(C#N)C#N)sc6c5n(CC(CCCC)CCCCCC)c4c3n(CC(CCCC)CCCCCC)c21,-5.62,4.1000000000000005
174.17,0,15,45,113,21,12,481.6720000000013,5351.842541254507,CCCCCCC(CCCC)COc1c(C=C2C(=O)c3c(ccc(Br)c3F)C2=C(C#N)C#N)sc2c1sc1c3c4nsnc4c4c5sc6c(SCC(CCCC)CCCCCC)c(/C=C7\C(=O)c8c(ccc(Br)c8F)C7C(C#N)C#N)sc6c5n(CC(CCCC)CCCCCC)c4c3n(CC(CCCC)CCCCCC)c21,-5.62,4.5600000000000005
164.94,0,12,33,101,18,12,407.5710000000011,5016.1191900861895,CCCCCCCCCCCc1c(C=C2C(=O)c3cc(F)c(F)cc3C2=C(C#N)C#N)sc2c3c(sc12)-c1c(c2c(c4nn(C)nc14)c1sc4c(CCCCCCCCCCC)c(C=C5C(=O)c6cc(F)c(F)cc6C5=C(C#N)C#N)sc4c1n2C(CC)CCCC)C3CC(CC)CCCC,-5.59,4.5600000000000005
164.94,0,12,29,97,18,12,389.10300000000103,4929.187248042944,CCCCCCCCCCCc1c(C=C2C(=O)c3cc(F)c(F)cc3C2=C(C#N)C#N)sc2c3c(sc12)-c1c(c2c(c4nn(C)nc14)c1sc4c(CCCCCCCCCCC)c(C=C5C(=O)c6cc(F)c(F)cc6C5=C(C#N)C#N)sc4c1n2C(CC)CC)C3CC(CC)CC,-5.65,4.5600000000000005
164.94,0,12,35,104,18,12,421.42800000000113,5086.876463518134,CCCCCCCCCCCc1c(C=C2C(=O)c3cc(F)c(F)cc3C2=C(C#N)C#N)sc2c3c(sc12)-c1c(c2c(c4nn(CC(CC)CCCC)nc14)c1sc4c(CCCCCCCCCCC)c(C=C5C(=O)c6cc(F)c(F)cc6C5=C(C#N)C#N)sc4c1n2C(CC)CC)C3CC(CC)CC,-5.65,4.5600000000000005
164.94,0,14,34,99,19,12,415.0070000000011,5044.660003333928,CCCCCCCCCCCc1c(C=C2C(=O)c3cc(F)c(F)cc3C2=C(C#N)C#N)sc2c1sc1c3c4nsnc4c4c5sc6c(CCCCCCCCCCC)c(C=C7C(=O)c8c(csc8Cl)C7=C(C#N)C#N)sc6c5n(CC(CC)CCCC)c4c3n(CC(CC)CCCC)c21,-5.65,4.33
163.25,0,16,28,91,19,12,387.557000000001,4235.257104216836,CCCCCCCCc1c(C=C2C(=O)C3C(=CSC3Cl)C2=C(C#N)C#N)sc2c1SC1c3c(c4c(c5nsnc35)c3sc5c(CCCCCCCC)c(C=C6C(=O)C7=C(Cl)SCC7C6=C(C#N)C#N)sc5c3n4CC(CC)CCCC)N(CC(CC)CCCC)C21,-5.65,4.1000000000000005
494.82000000000005,0,42,152,360,54,40,1528.2620000000072,20794.34089231106,CCCCCCCCC/C=C/c1c(C=C2C(=O)c3cc(F)c(F)cc3C2=C(C#N)C#N)sc2c1sc1c3c4nsnc4c4c5sc6c(CCCCCCCCCCC)c(C=C7C(=O)c8cc(-c9cc%10c(s9)c9cc(-c%11ccc%12c(c%11)C(=O)C(=Cc%11sc%13c(sc%14c%15c%16nsnc%16c%16c%17sc%18c(CCCCCCCCCCC)c(C=C%19C(=O)c%20cc(F)c(F)cc%20C%19=C(C#N)C#N)sc%18c%17n(CC(CCCCCC)CCCCCCCC)c%16c%15n(CC(CCCCCC)CCCCCCCC)c%13%14)c%11CCCCCCCCCCC)C%12=C(C#N)C#N)sc9c9cc(-c%11ccc%12c(c%11)C(=C(C#N)C#N)C(=Cc%11sc%13c(sc%14c%15c%16nsnc%16c%16c%17sc%18c(CCCCCCCCCCC)c(C=C%19C(=O)c%20cc(F)c(F)cc%20C%19=C(C#N)C#N)sc%18c%17n(CC(CCCCC)CCCCCCCC)c%16c%15n(CC(CCCCCC)CCCCCCCC)c%13%14)c%11CCCCCCCCCCC)C%12=O)sc%109)ccc8C7=C(C#N)C#N)sc6c5n(CC(CCCCCC)CCCCCCCCC)c4c3n(CC(CCCCCC)CCCCCCCC)c21,-5.67,12.3
494.82000000000005,0,42,128,336,54,40,1417.454000000007,20196.43565343537,CCCCCCC/C=C/c1c(C=C2C(=O)c3cc(F)c(F)cc3C2=C(C#N)C#N)sc2c1sc1c3c4nsnc4c4c5sc6c(CCCCCCCCC)c(C=C7C(=O)c8cc(-c9cc%10c(s9)c9cc(-c%11ccc%12c(c%11)C(=O)C(=Cc%11sc%13c(sc%14c%15c%16nsnc%16c%16c%17sc%18c(CCCCCCCCC)c(C=C%19C(=O)c%20cc(F)c(F)cc%20C%19=C(C#N)C#N)sc%18c%17n(CC(CCCCCC)CCCCCC)c%16c%15n(CC(CCCCCC)CCCCCC)c%13%14)c%11CCCCCCCCC)C%12=C(C#N)C#N)sc9c9cc(-c%11ccc%12c(c%11)C(=C(C#N)C#N)C(=Cc%11sc%13c(sc%14c%15c%16nsnc%16c%16c%17sc%18c(CCCCCCCCC)c(C=C%19C(=O)c%20cc(F)c(F)cc%20C%19=C(C#N)C#N)sc%18c%17n(CC(CCCCC)CCCCCC)c%16c%15n(CC(CCCCCC)CCCCCC)c%13%14)c%11CCCCCCCCC)C%12=O)sc%109)ccc8C7=C(C#N)C#N)sc6c5n(CC(CCCCCC)CCCCCCC)c4c3n(CC(CCCCCC)CCCCCC)c21,-5.66,12.3
164.94,0,13,35,101,19,12,411.3470000000011,5061.487184336331,CCCCCCCCCCCc1c(C=C2C(=O)c3cc(F)c(F)cc3C2=C(C#N)C#N)sc2c1sc1c3c4nsnc4c4c5sc6c(CCCCCCCCCCC)c(/C=C7\C(=O)c8cc(F)c(F)cc8C7C(C#N)C#N)sc6c5n(CC(CC)CCCC)c4c3n(CC(CC)CCCC)c21,-5.71,4.5600000000000005
164.94,0,13,39,105,19,12,429.8150000000012,5140.672295405647,CCCCCCCCCCCc1c(C=C2C(=O)c3cc(F)c(F)cc3C2=C(C#N)C#N)sc2c1sc1c3c4nsnc4c4c5sc6c(CCCCCCCCCCC)c(/C=C7\C(=O)c8cc(F)c(F)cc8C7C(C#N)C#N)sc6c5n(CC(CCC)CCCCC)c4c3n(CC(CCC)CCCCC)c21,-5.63,4.5600000000000005
164.94,0,13,47,113,19,12,466.75100000000134,5299.332931944059,CCCCCCCCCCCc1c(C=C2C(=O)c3cc(F)c(F)cc3C2=C(C#N)C#N)sc2c1sc1c3c4nsnc4c4c5sc6c(CCCCCCCCCCC)c(/C=C7\C(=O)c8cc(F)c(F)cc8C7C(C#N)C#N)sc6c5n(CC(CCCCC)CCCCCCC)c4c3n(CC(CCCCC)CCCCCCC)c21,-5.71,4.5600000000000005
164.94,0,13,51,117,19,12,485.2190000000014,5378.812208147448,CCCCCCCCCCCc1c(C=C2C(=O)c3cc(F)c(F)cc3C2=C(C#N)C#N)sc2c1sc1c3c4nsnc4c4c5sc6c(CCCCCCCCCCC)c(/C=C7\C(=O)c8cc(F)c(F)cc8C7C(C#N)C#N)sc6c5n(CC(CCCCCC)CCCCCCCC)c4c3n(CC(CCCCCC)CCCCCCCC)c21,-5.73,4.5600000000000005
164.94,0,13,44,119,19,13,492.60800000000165,5473.561040336602,CCCCCCCCCCCc1c2sc3c1sc1c4c5nsnc5c5c6sc7c(CCCCCCCCCCC)c(C=C8C(=O)c9cc(F)c(F)cc9C8=C(C#N)C#N)sc7c6n(C(CCCCCCC)CCCCCCCCC)c5c4n(c31)CC(CCCCCCCCC)CCCCCC[F+]c1cc3c(cc1F)C(=C(C#N)C#N)C(C2)C3=O,-5.65,4.5600000000000005
164.94,0,13,59,125,19,12,522.1550000000016,5538.075416778606,CCCCCCCCCCCc1c(C=C2C(=O)c3cc(F)c(F)cc3C2=C(C#N)C#N)sc2c1sc1c3c4nsnc4c4c5sc6c(CCCCCCCCCCC)c(/C=C7\C(=O)c8cc(F)c(F)cc8C7C(C#N)C#N)sc6c5n(CC(CCCCCCCC)CCCCCCCCCC)c4c3n(CC(CCCCCCCC)CCCCCCCCCC)c21,-5.63,4.5600000000000005
160.01,0,13,37,112,18,14,477.55700000000155,5302.505902232173,CCCCC(CC)CC1c2c(sc3c(CCCCCCCCCCC4CCCCC4)c(C=C4C(=O)c5cc(Cl)c(Cl)cc5C4=C(C#N)C#N)sc23)-c2c1c1c(c3nsnc23)c2sc3c(CCCCCCCCCCCC4CCCCC4)c(C=C4C(=O)c5cc(Cl)c(Cl)cc5C4=C(C#N)C#N)sc3c2n1CC(CC)CCCC,-5.79,4.5600000000000005
160.01,0,13,37,112,18,14,457.34900000000147,5302.505902232173,CCCCC(CC)CC1c2c(sc3c(CCCCCCCCCCC4CCCCC4)c(C=C4C(=O)c5cc(F)c(F)cc5C4=C(C#N)C#N)sc23)-c2c1c1c(c3nsnc23)c2sc3c(CCCCCCCCCCCC4CCCCC4)c(C=C4C(=O)c5cc(F)c(F)cc5C4=C(C#N)C#N)sc3c2n1CC(CC)CCCC,-5.74,4.5600000000000005
164.94,0,15,38,117,21,14,486.0420000000014,5739.969788728319,CCCCCCC(CCCC)CSc1cccc(-c2c(C=C3C(=O)c4cc(F)c(F)cc4C3=C(C#N)C#N)sc3c2sc2c4c5nsnc5c5c6sc7c(-c8cccc(SCC(CCCC)CCCCCC)c8)c(C=C8C(=O)c9cc(F)c(F)cc9C8=C(C#N)C#N)sc7c6n(CC(CC)CCCC)c5c4n(CC(CC)CCCC)c32)c1,-5.74,4.5600000000000005
183.4,0,15,38,117,21,14,475.58400000000137,5742.011632708286,CCCCCCC(CCCC)COc1cccc(-c2c(C=C3C(=O)c4cc(F)c(F)cc4C3=C(C#N)C#N)sc3c2sc2c4c5nsnc5c5c6sc7c(-c8cccc(OCC(CCCC)CCCCCC)c8)c(C=C8C(=O)c9cc(F)c(F)cc9C8=C(C#N)C#N)sc7c6n(CC(CC)CCCC)c5c4n(CC(CC)CCCC)c32)c1,-5.72,4.5600000000000005
164.94,0,13,38,105,19,12,430.5040000000013,4907.385849692897,CCCCCCCCC(CCCCCC)Cn1c2c3sc(C=C4C(=O)c5cc(F)c(F)cc5C4=C(C#N)C#N)c(CCCCC)c3sc2c2c3nsnc3c3c4sc5c(CCCCC)c(C=C6C(=O)c7cc(F)c(F)cc7C6=C(C#N)C#N)sc5c4n(CC(CCCCCC)CCCCCCCC)c3c21,-5.72,4.5600000000000005
164.94,0,12,34,102,18,12,412.02400000000114,5035.867403129476,CCCCCCCCCCCc1c(C=C2C(=O)c3cc(F)c(F)cc3C2=C(C#N)C#N)sc2c3c(sc12)-c1c(c2c(c4nn(C)nc14)c1sc4c(CCCCCCCCCCC)c(C=C5C(=O)c6cc(F)c(F)cc6C5=C(C#N)C#N)sc4c1n2CC(CC)CCCC)C3CC(CC)CCCC,-5.65,4.5600000000000005
164.94,0,12,40,109,18,12,444.34900000000124,5193.818861944267,CCCCCCCCCCCc1c(C=C2C(=O)c3cc(F)c(F)cc3C2=C(C#N)C#N)sc2c3c(sc12)-c1c(c2c(c4nn(CC(CC)CCCC)nc14)c1sc4c(CCCCCCCCCCC)c(C=C5C(=O)c6cc(F)c(F)cc6C5=C(C#N)C#N)sc4c1n2CC(CC)CCCC)C3CC(CC)CCCC,-5.66,4.5600000000000005
164.94,0,12,39,107,18,12,435.1850000000012,5134.701687194958,CCCCCCCCCCCc1c(C=C2C(=O)c3cc(F)c(F)cc3C2=C(C#N)C#N)sc2c3c(sc12)-c1c(c2c(c4nn(CCCCCC)nc14)c1sc4c(CCCCCCCCCCC)c(C=C5C(=O)c6cc(F)c(F)cc6C5=C(C#N)C#N)sc4c1n2CC(CC)CCCC)C3CC(CC)CCCC,-5.82,4.5600000000000005
164.94,0,12,37,106,18,12,430.49800000000124,5134.434580749661,CCCCCCCCCCCc1c(C=C2C(=O)c3cc(F)c(F)cc3C2=C(C#N)C#N)sc2c3c(sc12)-c1c(c2c(c4nn(CC(C)CC)nc14)c1sc4c(CCCCCCCCCCC)c(C=C5C(=O)c6cc(F)c(F)cc6C5=C(C#N)C#N)sc4c1n2CC(CC)CCCC)C3CC(CC)CCCC,-5.8,4.5600000000000005
139.16,0,11,18,83,16,12,337.8310000000008,4708.3958851075095,CCCCCCC(CCCC)Cn1c2c3sc(C=C4C(=O)c5cc(F)c(F)cc5C4=C(C#N)C#N)cc3sc2c2c3cscc3c3c4sc5cc(C=C6C(=O)c7cc(C)c(F)cc7C6=C(C#N)C#N)sc5c4n(CC(CC)CCCC)c3c21,-5.68,4.33
164.94,0,13,52,124,19,13,513.5900000000014,5451.9417062768225,CCCCCCCCCCCc1c(/C=C2\C(=O)C3CC(F)=C(F)C=C3C2=C(C#N)C#N)sc2c1sc1c3c4nsnc4c4c5sc6c(c5n(CC5C=CC(CC(CCCCCC)CCCCCCCC)=CC5)c4c3n(CC(CCCCCC)CCCCCCCC)c21)SC(/C=C1\C(=O)C2CC(F)=C(F)C=C2C1=C(C#N)C#N)C6CCCCCCCCCCC,-5.68,4.5600000000000005
163.88,0,12,38,106,18,12,452.6290000000012,4680.678208513948,CCCCCCCCCc1c(C=C2C(=O)c3cc(Cl)c(Cl)cc3C2=C(C#N)C#N)sc2c1sc1c3c(n(CC(CCCC)CCCCCC)c12)-c1c(c2sc4c(CCCCCCCCC)c(C=C5C(=O)c6cc(Cl)c(Cl)cc6C5=C(C#N)C#N)sc4c2n1CC(CCCC)CCCCCC)C1N=CC=NC31,-5.63,4.5600000000000005
163.88,0,14,52,134,22,14,571.2930000000016,5916.346042774213,CCCCCCCCCc1c(C=C2C(=O)c3cc(Cl)c(Cl)cc3C2=C(C#N)C#N)sc2c1sc1c3c(n(CC(CCCC)CCCCCC)c12)-c1c(c2sc4c(CCCCCCCCC)c(C=C5C(=O)c6cc(Cl)c(Cl)cc6C5=C(C#N)C#N)sc4c2n1CC(CCCC)CCCCCC)C1N=C(c2cc(F)c(CC(CC)CCCC)s2)C(c2cc(F)c(CC(CC)CCCC)s2)=NC31,-5.68,5.0200000000000005
163.88,0,12,46,118,18,12,507.89300000000145,5337.943865341571,CCCCCCCCCc1c(C=C2C(=O)c3cc(Cl)c(Cl)cc3C2=C(C#N)C#N)sc2c1sc1c3c(n(CC(CCCC)CCCCCC)c12)-c1c(c2sc4c(CCCCCCCCC)c(C=C5C(=O)c6cc(Cl)c(Cl)cc6C5=C(C#N)C#N)sc4c2n1CC(CCCC)CCCCCC)C1N=C(C(CC)CCCC)C(C(CC)CC)=NC31,-5.68,4.5600000000000005
163.88,0,14,52,132,20,14,571.3770000000017,5790.985001660576,CCCCCCCCCc1c(C=C2C(=O)c3cc(Cl)c(Cl)cc3C2=C(C#N)C#N)sc2c1sc1c3c(n(CC(CCCC)CCCCCC)c12)-c1c(c2sc4c(CCCCCCCCC)c(C=C5C(=O)c6cc(Cl)c(Cl)cc6C5=C(C#N)C#N)sc4c2n1CC(CCCC)CCCCCC)C1N=C(c2ccc(CC(CC)CCCC)s2)C(c2ccc(CC(CC)CCCC)s2)=NC31,-5.58,4.5600000000000005
164.94,0,13,35,110,19,14,451.6650000000012,5917.793688383499,CCCCCCCCCCCc1c(C=C2C(=O)c3cc4cc(F)c(F)cc4cc3C2=C(C#N)C#N)sc2c1sc1c3c4nsnc4c4c5sc6c(CCCCCCCCCCC)c(C=C7C(=O)c8cc9cc(F)c(F)cc9cc8C7=C(C#N)C#N)sc6c5n(CC(CC)CCCC)c4c3n(CCC(CC)CCCC)c21,-5.42,4.5600000000000005
129.29999999999998,0,10,26,108,14,15,432.57700000000114,5269.724206340341,CCCCCCc1ccc(C2(c3ccc(CCCCCC)cc3)c3cc4c(cc3-c3sc5cc(/C=C6\C(=O)c7cc(F)c(F)cc7C6=C(C#N)C#N)sc5c32)C(c2ccc(CCCCCC)cc2)(c2ccc(CCCCCC)cc2)c2c-4sc3cc(/C=C4\C(=O)c5cc(F)c(F)cc5C4=C(C#N)C#N)sc23)cc1,-5.5,4.5600000000000005
164.94,0,13,40,119,21,14,511.6040000000015,5766.896811467518,CCCCCCCCC(CCCCCC)Cn1c2c3sc(C=C4C(=O)c5ccc(-c6cc(Cl)c(Cl)c(Cl)c6)cc5C4=C(C#N)C#N)c(CCCCC)c3sc2c2c3nsnc3c3c4sc5c(CCCCC)c(C=C6C(=O)c7ccc(-c8cc(Cl)c(Cl)c(Cl)c8)cc7C6=C(C#N)C#N)sc5c4n(CC(CCCCCC)CCCCCCCC)c3c21,-5.58,5.0200000000000005
160.01,0,13,38,109,18,13,457.0080000000011,5434.268224961646,CCCCCCCCCc1c(C=C2C(=O)c3cc(Cl)c(Cl)cc3C2=C(C#N)C#N)sc2c3c(sc12)-c1c(c2c(c4nsnc14)c1sc4c(CCCCCCCCC)c(C=C5C(=O)c6cc7cc(F)c(F)cc7cc6C5=C(C#N)C#N)sc4c1n2CC(CCCC)CCCCCC)C3CC(CCCC)CCCCCC,-5.52,4.5600000000000005
160.01,0,13,42,113,18,13,475.47600000000125,5513.986579711656,CCCCCCCCCCCc1c(C=C2C(=O)c3cc(Cl)c(Cl)cc3C2=C(C#N)C#N)sc2c3c(sc12)-c1c(c2c(c4nsnc14)c1sc4c(CCCCCCCCCCC)c(C=C5C(=O)c6cc7cc(F)c(F)cc7cc6C5=C(C#N)C#N)sc4c1n2CC(CCCC)CCCCCC)C3CC(CCCC)CCCCCC,-5.52,4.5600000000000005
160.01,0,13,42,109,18,12,468.0740000000012,5137.7215367219715,CCCCCCCCCCCc1c(C=C2C(=O)c3cc(Cl)c(Cl)cc3C2=C(C#N)C#N)sc2c3c(sc12)-c1c(c2c(c4nsnc14)c1sc4c(CCCCCCCCCCC)c(C=C5C(=O)c6cc(Cl)c(Cl)cc6C5=C(C#N)C#N)sc4c1n2CC(CCCC)CCCCCC)C3CC(CCCC)CCCCCC,-5.63,4.5600000000000005
160.01,0,13,42,117,18,14,482.8780000000013,5885.581958016629,CCCCCCCCCCCc1c(C=C2C(=O)c3cc4cc(F)c(F)cc4cc3C2=C(C#N)C#N)sc2c3c(sc12)-c1c(c2c(c4nsnc14)c1sc4c(CCCCCCCCCCC)c(C=C5C(=O)c6cc7cc(F)c(F)cc7cc6C5=C(C#N)C#N)sc4c1n2CC(CCCC)CCCCCC)C3CC(CCCC)CCCCCC,-5.63,4.5600000000000005
217.53999999999996,0,17,42,123,23,14,497.4760000000013,5972.444816897794,CCCCCCCCCCCc1c(C=C2C(=O)c3cc4cc(F)c(F)cc4cc3C2=C(C#N)C#N)sc2c1sc1c3c4nsnc4c4c5sc6c(CCCCCCCCCCC)c(C=C7C(=O)c8cc9cc(F)c(F)cc9cc8C7=C(C#N)C#N)sc6c5n(C(=O)OCC(CCCC)CCCCCC)c4c3n(C(=O)OCC(CCCC)CCCCCC)c21,-5.65,6.460000000000001
217.53999999999996,0,17,42,119,23,13,490.0740000000012,5975.640570712805,CCCCCCCCCCCc1c(C=C2C(=O)c3cc(Cl)c(Cl)cc3C2=C(C#N)C#N)sc2c1sc1c3c4nsnc4c4c5sc6c(CCCCCCCCCCC)c(C=C7C(=O)c8cc9cc(F)c(F)cc9cc8C7=C(C#N)C#N)sc6c5n(C(=O)OCC(CCCC)CCCCCC)c4c3n(C(=O)OCC(CCCC)CCCCCC)c21,-5.54,6.460000000000001
217.53999999999996,0,17,38,115,23,13,471.60600000000113,5894.904995346097,CCCCCCCCCc1c(C=C2C(=O)c3cc(Cl)c(Cl)cc3C2=C(C#N)C#N)sc2c1sc1c3c4nsnc4c4c5sc6c(CCCCCCCCC)c(C=C7C(=O)c8cc9cc(F)c(F)cc9cc8C7=C(C#N)C#N)sc6c5n(C(=O)OCC(CCCC)CCCCCC)c4c3n(C(=O)OCC(CCCC)CCCCCC)c21,-5.71,6.460000000000001
164.94,0,12,42,122,18,15,503.6130000000014,6096.814734561832,CCCCCCCCCCCc1c(C=C2C(=O)c3cc(F)c(F)cc3C2=C(C#N)C#N)sc2c1sc1c3c4nc5c6ccccc6c6ccccc6c5nc4c4c5sc6c(CCCCCCCCCCC)c(C=C7C(=O)c8cc(F)c(F)cc8C7=C(C#N)C#N)sc6c5n(CC(CCCC)CCCCCC)c4c3n(CC(CCCC)CCCCCC)c21,-5.67,4.5600000000000005
163.24999999999997,0,15,68,140,18,13,600.7760000000021,6017.991236655791,CCCCCCCCCCCCC(CCCCCCCCCC)CN1Cc2c(c3nsnc3c3c4sc5c(CCCCCCCCCCC)c(C=C6C(=O)c7cc(CC)ccc7C6=C(C#N)C#N)sc5c4n(CC(CCCCCCCCCC)CCCCCCCCCCCC)c23)-c2sc3c(CCCCCCCCCCC)c(C=C4C(=O)c5cc(-c6sc(C)c(F)c6F)ccc5C4=C(C#N)C#N)sc3c21,-5.65,4.1000000000000005
163.24999999999997,0,15,68,142,18,13,609.8700000000022,6098.04453318945,CCCCCCCCCCCCC(CCCCCCCCCC)CN1Cc2c(c3nsnc3c3c4sc5c(CC(CCCC)CCCCCC)c(C=C6C(=O)c7cc(CC)ccc7C6=C(C#N)C#N)sc5c4n(CC(CCCCCCCCCC)CCCCCCCCCCCC)c23)-c2sc3c(CC(CCCC)CCCCCC)c(C=C4C(=O)c5cc(-c6sc(C)c(F)c6F)ccc5C4=C(C#N)C#N)sc3c21,-5.64,4.1000000000000005
163.24999999999997,0,15,68,140,16,13,609.9540000000022,5966.948524284181,CCCCCCCCCCCCC(CCCCCCCCCC)CN1Cc2c(c3nsnc3c3c4sc5c(CC(CCCC)CCCCCC)c(C=C6C(=O)c7cc(CC)ccc7C6=C(C#N)C#N)sc5c4n(CC(CCCCCCCCCC)CCCCCCCCCCCC)c23)-c2sc3c(CC(CCCC)CCCCCC)c(C=C4C(=O)c5cc(-c6ccc(C)s6)ccc5C4=C(C#N)C#N)sc3c21,-5.65,3.64
164.94,0,12,50,124,20,13,551.9050000000015,5650.009570888691,CCCCCCCCCCCc1c(C=C2C(=O)c3cc(Br)c(Br)cc3C2=C(C#N)C#N)sc2c1sc1c3c4nc5cc(Br)c(Br)cc5nc4c4c5sc6c(CCCCCCCCCCC)c(C=C7C(=O)c8cc(Br)c(Br)cc8C7=C(C#N)C#N)sc6c5n(CC(CCCCCC)CCCCCCCC)c4c3n(CC(CCCCCC)CCCCCCCC)c21,-5.67,5.0200000000000005
164.94,0,12,50,124,19,13,517.9740000000014,5649.369297224749,CCCCCCCCCCCc1c(C=C2C(=O)c3cc(F)c(F)cc3C2=C(C#N)C#N)sc2c1sc1c3c4nc5cc(C)c(Br)cc5nc4c4c5sc6c(CCCCCCCCCCC)c(C=C7C(=O)c8cc(F)c(F)cc8C7=C(C#N)C#N)sc6c5n(CC(CCCCCC)CCCCCCCC)c4c3n(CC(CCCCCC)CCCCCCCC)c21,-5.3,4.79
164.94,0,12,50,124,18,13,515.0110000000014,5641.205508395992,CCCCCCCCCCCc1c(C=C2C(=O)c3cc(F)c(F)cc3C2=C(C#N)C#N)sc2c1sc1c3c4nc5cc(C)c(C)cc5nc4c4c5sc6c(CCCCCCCCCCC)c(C=C7C(=O)c8cc(F)c(F)cc8C7=C(C#N)C#N)sc6c5n(CC(CCCCCC)CCCCCCCC)c4c3n(CC(CCCCCC)CCCCCCCC)c21,-5.3,4.5600000000000005
164.94,0,12,50,124,20,13,520.9370000000014,5655.519345893018,CCCCCCCCCCCc1c(C=C2C(=O)c3cc(F)c(F)cc3C2=C(C#N)C#N)sc2c1sc1c3c4nc5cc(Br)c(Br)cc5nc4c4c5sc6c(CCCCCCCCCCC)c(C=C7C(=O)c8cc(F)c(F)cc8C7=C(C#N)C#N)sc6c5n(CC(CCCCCC)CCCCCCCC)c4c3n(CC(CCCCCC)CCCCCCCC)c21,-5.68,5.0200000000000005
164.94,0,13,38,105,19,12,450.7120000000011,4907.385849692899,CCCCCCCCCc1c(C=C2C(=O)c3c(ccc(Cl)c3Cl)C2=C(C#N)C#N)sc2c1sc1c3c4nsnc4c4c5sc6c(CCCCCCCCC)c(C=C7C(=O)c8c(ccc(Cl)c8Cl)C7=C(C#N)C#N)sc6c5n(CC(CCCC)CCCCCC)c4c3n(CC(CCCC)CCCCCC)c21,-5.68,4.5600000000000005
164.94,0,13,41,110,19,12,453.6130000000013,5366.96135690911,CCCCCCCCC(CCCCCC)Cc1c(C=C2C(=O)c3cc(F)c(F)cc3C2=C(C#N)C#N)sc2c1sc1c3c4nsnc4c4c5sc6c(C(CCCCCC)CCCCCCCC)c(C=C7C(=O)c8cc(F)c(F)cc8C7=C(C#N)C#N)sc6c5n(CC(CC)CCCC)c4c3n(CC(CC)CCCC)c21,-5.68,4.5600000000000005
164.94,0,13,49,118,19,12,490.54900000000157,5526.357523816355,CCCCCCCCCCC(CCCCCCCC)Cc1c(C=C2C(=O)c3cc(F)c(F)cc3C2=C(C#N)C#N)sc2c1sc1c3c4nsnc4c4c5sc6c(C(CCCCCCCC)CCCCCCCCCC)c(C=C7C(=O)c8cc(F)c(F)cc8C7=C(C#N)C#N)sc6c5n(CC(CC)CCCC)c4c3n(CC(CC)CCCC)c21,-5.68,4.5600000000000005
164.94,0,12,20,87,18,12,342.4870000000008,4685.83083039594,CCCCC(CC)CC1c2c(sc3cc(C=C4C(=O)c5cc(F)c(F)cc5C4=C(C#N)C#N)sc23)-c2c1c1c(c3nn(CC(CC)CCCC)nc23)c2sc3cc(C=C4C(=O)c5cc(F)c(F)cc5C4=C(C#N)C#N)sc3c2n1CC(CC)CCCC,-5.66,4.5600000000000005
164.94,0,12,30,99,18,12,398.179000000001,4996.089209224704,CCCCCCc1c(C=C2C(=O)c3cc(F)c(F)cc3C2=C(C#N)C#N)sc2c3c(sc12)-c1c(c2c(c4nn(CC(CC)CCCC)nc14)c1sc4c(CCCCCC)c(C=C5C(=O)c6cc(F)c(F)cc6C5=C(C#N)C#N)sc4c1n2CC(CC)CCCC)C3CC(CC)CCCC,-5.72,4.5600000000000005
183.4,0,15,8,73,21,12,277.2480000000002,4278.6076370366645,CCOc1c(/C=C2\C(=O)c3cc(F)c(F)cc3C2=C(C#N)C#N)sc2c1sc1c3c4nsnc4c4c5sc6c(OCC)c(/C=C7\C(=O)c8cc(F)c(F)cc8C7=C(C#N)C#N)sc6c5n(CC)c4c3n(CC)c21,-5.74,4.5600000000000005
164.94,0,13,42,109,19,12,464.4560000000012,4986.845465133574,CCCCCCCCCCCc1c(C=C2C(=O)c3cc(Br)c(F)cc3C2=C(C#N)C#N)sc2c1sc1c3c4nsnc4c4c5sc6c(CCCCCCCCCCC)c(C=C7C(=O)c8cc(Br)c(F)cc8C7=C(C#N)C#N)sc6c5n(CC(CCCC)CCCCCC)c4c3n(CC(CCCC)CCCCCC)c21,-5.54,4.5600000000000005
164.94,0,13,42,109,19,12,459.0760000000012,4986.845465133574,CCCCCCCCCCCc1c(C=C2C(=O)c3cc(Cl)c(F)cc3C2=C(C#N)C#N)sc2c1sc1c3c4nsnc4c4c5sc6c(CCCCCCCCCCC)c(C=C7C(=O)c8cc(Cl)c(F)cc8C7=C(C#N)C#N)sc6c5n(CC(CCCC)CCCCCC)c4c3n(CC(CCCC)CCCCCC)c21,-5.68,4.5600000000000005
164.94,0,13,42,109,19,12,474.5600000000012,4986.845465133574,CCCCCCCCCCCc1c(C=C2C(=O)c3cc(Br)c(Cl)cc3C2=C(C#N)C#N)sc2c1sc1c3c4nsnc4c4c5sc6c(CCCCCCCCCCC)c(C=C7C(=O)c8cc(Br)c(Cl)cc8C7=C(C#N)C#N)sc6c5n(CC(CCCC)CCCCCC)c4c3n(CC(CCCC)CCCCCC)c21,-5.67,4.5600000000000005
164.94,0,13,34,103,17,12,446.02100000000127,4765.373278486222,CCCCCCC(CCCC)Cc1c(C=C2C(=O)C3=C(C=CC(Br)C=C3)C2=C(C#N)C#N)sc2c1sc1c3c4nsnc4c4c5sc6c(CC(CCCC)CCCCCC)c(C=C7C(=O)C8=C(C=CC(Br)C=C8)C7=C(C#N)C#N)sc6c5n(CC(CC)CCCC)c4c3n(CC(CC)CCCC)c21,-5.63,4.1000000000000005
329.88,0,28,136,276,32,26,1201.859000000009,13578.810745812345,CCCCCCCCCCCCC(CCCCCCCCCC)Cn1c2c3sc(C=C4C(=O)c5cc(C)ccc5C4=C(C#N)C#N)c(CCCCCCCCCCC)c3sc2c2c3nsnc3c3c4sc5c(CCCCCCCCCCC)c(C=C6C(=O)c7cc(-c8ccc(Cc9ccc%10c(c9)C(=O)C(=Cc9sc%11c(sc%12c%13c%14nsnc%14c%14c%15sc%16c(CC(CCCC)CCCCCC)c(C=C%17C(=O)c%18cc(-c%19ccc(C(C)(C)C)s%19)ccc%18C%17=C(C#N)C#N)sc%16c%15n(CC(CCCCCCCCCC)CCCCCCCCCCCC)c%14c%13n(CC(CCCCCCCCCC)CCCCCCCCCCCC)c%11%12)c9CC(CCCC)CCCCCC)C%10=C(C#N)C#N)s8)ccc7C6=C(C#N)C#N)sc5c4n(CC(CCCCCCCCCC)CCCCCCCCCCCC)c3c21,-5.59,7.28
164.94,0,13,6,71,19,12,293.8740000000004,4232.912018345367,CCc1c(/C=C2\C(=O)c3cc(Cl)c(Cl)cc3C2=C(C#N)C#N)sc2c1sc1c3c4nsnc4c4c5sc6c(CC)c(/C=C7\C(=O)c8cc(Cl)c(Cl)cc8C7=C(C#N)C#N)sc6c5n(CC)c4c3n(CC)c21,-5.7,4.5600000000000005
164.94,0,13,50,117,19,12,506.11600000000135,5134.054452948392,CCCCCCCCCCCc1c(C=C2C(=O)c3cc(Cl)c(Cl)cc3C2=C(C#N)C#N)sc2c1sc1c3c4nsnc4c4c5sc6c(CCCCCCCCCCC)c(C=C7C(=O)c8cc(Cl)c(Cl)cc8C7=C(C#N)C#N)sc6c5n(CC(CCCCCC)CCCCCCCC)c4c3n(CC(CCCCCC)CCCCCCCC)c21,-5.58,4.5600000000000005
164.94,0,12,44,122,18,14,501.96700000000135,5783.872867489131,CCCCCCCCCCCc1c(C=C2C(=O)c3cc(F)c(F)cc3C2=C(C#N)C#N)sc2c1sc1c3c4nc(-c5ccccc5)c(-c5ccccc5)nc4c4c5sc6c(CCCCCCCCCCC)c(C=C7C(=O)c8cc(F)c(F)cc8C7=C(C#N)C#N)sc6c5n(CC(CCCC)CCCCCC)c4c3n(CC(CCCC)CCCCCC)c21,-5.72,4.5600000000000005
163.25,0,14,34,101,19,12,428.986000000001,4800.669822439937,CCCCCCCCCCCc1c(C=C2C(=O)c3cc(Cl)c(Cl)cc3C2=C(C#N)C#N)sc2c1SC1c3c(c4c(c5nsnc35)c3sc5c(CCCCCCCCCCC)c(C=C6C(=O)c7cc(Cl)c(Cl)cc7C6=C(C#N)C#N)sc5c3n4CC(CC)CCCC)N(CC(CC)CCCC)C21,-5.68,4.5600000000000005
164.94,0,13,6,70,18,12,288.86400000000043,4457.699305375609,CCc1c(/C=C2\C(=O)c3ccc(Cl)cc3C2=C(C#N)C#N)sc2c1sc1c3c4nsnc4c4c5sc6c(CC)c(/C=C7\C(=O)c8cc(Cl)c(Cl)cc8C7=C(C#N)C#N)sc6c5n(CC)c4c3n(CC)c21,-5.67,4.33
164.94,0,13,6,70,18,12,278.7600000000003,4460.454192877772,CCc1c(/C=C2\C(=O)c3ccc(Cl)cc3C2=C(C#N)C#N)sc2c1sc1c3c4nsnc4c4c5sc6c(CC)c(/C=C7\C(=O)c8cc(F)c(F)cc8C7=C(C#N)C#N)sc6c5n(CC)c4c3n(CC)c21,-5.58,4.33
129.29999999999998,0,8,10,82,8,13,328.10700000000065,4127.876392789823,CCc1ccc(C2(c3ccc(CC)cc3)c3cc4c(cc3-c3sc(/C=C5\C(=O)c6ccccc6C5=C(C#N)C#N)cc32)C(c2ccc(CC)cc2)(c2ccc(CC)cc2)c2cc(/C=C3\C(=O)c5ccccc5C3=C(C#N)C#N)sc2-4)cc1,-5.42,3.64
164.94,0,12,6,72,18,12,275.78900000000016,4273.68212990664,CCc1c(/C=C2\C(=O)c3cc(F)c(F)cc3C2=C(C#N)C#N)sc2c1sc1c3c4nccnc4c4c5sc6c(CC)c(/C=C7\C(=O)c8cc(F)c(F)cc8C7=C(C#N)C#N)sc6c5n(CC)c4c3n(CC)c21,-5.64,4.5600000000000005
164.94,0,12,6,74,18,12,285.2630000000004,4380.675364589819,CCc1c(/C=C2\C(=O)c3cc(F)c(F)cc3C2=C(C#N)C#N)sc2c1sc1c3c4nc(C)c(C)nc4c4c5sc6c(CC)c(/C=C7\C(=O)c8cc(F)c(F)cc8C7=C(C#N)C#N)sc6c5n(CC)c4c3n(CC)c21,-5.62,4.5600000000000005
164.94,0,13,34,101,19,12,432.24400000000105,4832.020113480262,CCCCCCCc1c(C=C2C(=O)c3cc(Cl)c(Cl)cc3C2=C(C#N)C#N)sc2c1sc1c3c4nsnc4c4c5sc6c(CCCCCCC)c(C=C7C(=O)c8cc(Cl)c(Cl)cc8C7=C(C#N)C#N)sc6c5n(CC(CCCC)CCCCCC)c4c3n(CC(CCCC)CCCCCC)c21,-5.63,4.5600000000000005
174.17,0,13,46,110,19,11,449.2310000000013,5066.35519547792,CCCCCCCCCCCc1c(C=C2C(=O)c3cc(F)c(F)cc3C2=C(C#N)C#N)sc2c1sc1c3c4nsnc4c4c5sc(C=C6C(=O)c7cc(F)c(F)cc7C6=C(C#N)C#N)c(OCCCCCCCCCC)c5n(CC(CCCC)CCCCCCCC)c4c3n(CC(CCCC)CCCCCCCC)c21,-5.53,4.5600000000000005
174.17000000000002,0,13,46,110,19,11,449.2310000000013,5066.35519547792,CCCCCCCCCCCc1c(C=C2C(=O)c3cc(F)c(F)cc3C2=C(C#N)C#N)sc2c3c4nsnc4c4c5sc6c(OCCCCCCCCCC)c(C=C7C(=O)c8cc(F)c(F)cc8C7=C(C#N)C#N)sc6c5n(CC(CCCC)CCCCCCCC)c4c3n(CC(CCCC)CCCCCCCC)c12,-5.57,4.5600000000000005
164.94,0,13,42,109,19,12,500.00800000000123,4982.845465133574,CCCCCCCCCCCc1c(C=C2C(=O)c3cc(I)c(I)cc3C2=C(C#N)C#N)sc2c1sc1c3c4nsnc4c4c5sc6c(CCCCCCCCCCC)c(C=C7C(=O)c8cc(I)c(I)cc8C7=C(C#N)C#N)sc6c5n(CC(CCCC)CCCCCC)c4c3n(CC(CCCC)CCCCCC)c21,-5.56,4.5600000000000005
164.94,0,13,34,101,19,12,443.0040000000011,4832.020113480262,CCCCCCCCCCCc1c(C=C2C(=O)c3cc(Br)c(Br)cc3C2=C(C#N)C#N)sc2c1sc1c3c4nsnc4c4c5sc6c(CCCCCCCCCCC)c(C=C7C(=O)c8cc(Br)c(Br)cc8C7=C(C#N)C#N)sc6c5n(CC(CC)CCCC)c4c3n(CC(CC)CCCC)c21,-5.71,4.5600000000000005
164.94,0,13,6,71,19,12,304.6340000000004,4232.912018345367,CCc1c(/C=C2\C(=O)c3cc(Br)c(Br)cc3C2=C(C#N)C#N)sc2c1sc1c3c4nsnc4c4c5sc6c(CC)c(/C=C7\C(=O)c8cc(Br)c(Br)cc8C7=C(C#N)C#N)sc6c5n(CC)c4c3n(CC)c21,-5.71,4.5600000000000005
164.94,0,13,6,69,17,12,289.23400000000044,4118.108097304703,CCc1c(/C=C2\C(=O)c3ccc(Br)cc3C2=C(C#N)C#N)sc2c1sc1c3c4nsnc4c4c5sc6c(CC)c(/C=C7\C(=O)c8ccc(Br)cc8C7=C(C#N)C#N)sc6c5n(CC)c4c3n(CC)c21,-5.71,4.1000000000000005
166.21999999999997,0,12,14,98,16,15,390.32300000000106,5156.629198326056,CCOc1ccc(C2(c3ccc(OCC)cc3)c3cc(/C=C4\C(=O)c5cc(Cl)c(Cl)cc5C4=C(C#N)C#N)sc3-c3ccc4cc5c6c(ccc5cc4c32)-c2sc(/C=C3\C(=O)c4cc(Cl)c(Cl)cc4C3=C(C#N)C#N)cc2C6(c2ccc(OCC)cc2)c2ccc(OCC)cc2)cc1,-5.63,4.5600000000000005
164.94,0,13,37,104,19,12,425.88700000000114,5208.535707620342,CCCCCCCCCc1c(C=C2C(=O)c3cc(F)c(F)cc3C2=C(C#N)C#N)sc2c1sc1c3c4nsnc4c4c5sc6c(CCCCCCCCC)c(C=C7C(=O)c8cc(F)c(F)cc8C7=C(C#N)C#N)sc6c5n(CC(CCCC)CCCCCC)c4c3n(CC(CCCC)CCCCC)c21,-5.63,4.5600000000000005
164.94,0,14,6,74,20,13,289.04900000000043,4839.331653843932,CCc1c(C=C2C(=O)c3cc(F)c(F)cc3C2=C(C#N)C#N)sc2c1sc1c2sc2c3c4nsnc4c4c5sc6c(CC)c(C=C7C(=O)c8cc(F)c(F)cc8C7=C(C#N)C#N)sc6c5n(CC)c4c3n(CC)c12,-5.63,4.5600000000000005
164.94,0,13,6,71,19,12,273.6660000000001,4517.912018345364,CCc1c(C=C2C(=O)c3cc(F)c(F)cc3C2=C(C#N)C#N)sc2c1sc1c2sc2c3c4nsnc4c4c5sc(C=C6C(=O)c7cc(F)c(F)cc7C6=C(C#N)C#N)c(CC)c5n(CC)c4c3n(CC)c12,-5.65,4.5600000000000005
149.51999999999998,0,8,5,68,12,14,258.46199999999953,3962.351128763895,CCN1C(=O)c2ccc3c4ccc5c6c(cc(-c7cc8c9c(ccc%10c%11ccc%12c%13c(ccc(c7c9%10)c%13%11)C(=O)N(CC)C%12=O)C(=O)N(CC)C8=O)c(c7ccc(c2c37)C1=O)c64)C(=O)N(CC)C5=O,-5.55,4.0
149.51999999999998,0,8,5,72,16,14,258.29399999999964,4239.843528828937,CCN1C(=O)c2ccc3c4c(F)cc5c6c(cc(-c7cc8c9c(cc(F)c%10c%11ccc%12c%13c(cc(F)c(c7c9%10)c%13%11)C(=O)N(CC)C%12=O)C(=O)N(CC)C8=O)c(c7c(F)cc(c2c37)C1=O)c64)C(=O)N(CC)C5=O,-5.68,4.92
164.94,0,13,34,105,21,12,422.2080000000011,4937.218359764636,CCCCCCCCCCCc1c(C=C2C(=O)c3cc(C(F)(F)F)ccc3C2=C(C#N)C#N)sc2c1sc1c3c4nsnc4c4c5sc6c(CCCCCCCCCCC)c(C=C7C(=O)c8cc(C(F)(F)F)ccc8C7=C(C#N)C#N)sc6c5n(CC(CC)CCCC)c4c3n(CC(CC)CCCC)c21,-5.69,5.0200000000000005
164.94,0,13,34,103,20,12,427.22600000000114,5209.559712999123,CCCCCCCCCCCc1c(C=C2C(=O)c3cc(C(F)(F)F)ccc3C2=C(C#N)C#N)sc2c1sc1c3c4nsnc4c4c5sc6c(CCCCCCCCCCC)c(C=C7C(=O)c8cc(Cl)c(Cl)cc8C7=C(C#N)C#N)sc6c5n(CC(CC)CCCC)c4c3n(CC(CC)CCCC)c21,-5.69,4.79
164.94,0,13,42,111,21,12,448.8880000000012,5100.034337232304,CCCCCCCCCCCc1c(C=C2C(=O)c3c(cc(F)c(F)c3F)C2=C(C#N)C#N)sc2c1sc1c3c4nsnc4c4c5sc6c(CCCCCCCCCCC)c(C=C7C(=O)c8c(cc(F)c(F)c8F)C7=C(C#N)C#N)sc6c5n(CC(CCCC)CCCCCC)c4c3n(CC(CCCC)CCCCCC)c21,-5.91,5.0200000000000005
164.94,0,13,42,107,17,12,449.05600000000123,4864.516470758494,CCCCCCCCCCCc1c(C=C2C(=O)c3ccc(F)cc3C2=C(C#N)C#N)sc2c1sc1c3c4nsnc4c4c5sc6c(CCCCCCCCCCC)c(C=C7C(=O)c8ccc(F)cc8C7=C(C#N)C#N)sc6c5n(CC(CCCC)CCCCCC)c4c3n(CC(CCCC)CCCCCC)c21,-5.87,4.1000000000000005
147.76,0,10,12,74,14,9,298.8650000000005,3566.58666469779,CCOc1cc(-c2cc(-c3ccc(CC)cc3)c(/C=C3\C(=O)c4cc(Cl)c(Cl)cc4C3=C(C#N)C#N)s2)c(OCC)cc1-c1cc(-c2ccc(CC)cc2)c(/C=C2\C(=O)c3cc(Cl)c(Cl)cc3C2=C(C#N)C#N)s1,-5.59,4.5600000000000005
147.76,0,10,12,74,14,9,278.6570000000001,3566.58666469779,CCOc1cc(-c2cc(-c3ccc(CC)cc3)c(/C=C3\C(=O)c4cc(F)c(F)cc4C3=C(C#N)C#N)s2)c(OCC)cc1-c1cc(-c2ccc(CC)cc2)c(/C=C2\C(=O)c3cc(F)c(F)cc3C2=C(C#N)C#N)s1,-5.66,4.5600000000000005
169.87,0,13,6,74,20,13,285.4580000000004,4838.702463360842,CCc1c(/C=C2\C(=O)c3cc(F)c(F)cc3C2=C(C#N)C#N)sc2c1sc1c3c4nsnc4c4c5sc6c7sc(/C=C8\C(=O)c9cc(F)c(F)cc9C8=C(C#N)C#N)cc7n(CC)c6c5n(CC)c4c3n(CC)c21,-5.71,4.5600000000000005
134.23,0,10,7,89,15,16,342.3630000000004,5444.835184940677,CCn1c2cc(/C=C3\C(=O)c4cc(F)c(F)cc4C3=C(C#N)C#N)sc2c2sc3c(c21)C(c1ccccc1)(c1ccccc1)c1cc2c(cc1-3)C(c1ccccc1)(c1ccccc1)c1c-2sc2cc(/C=C3\C(=O)c4cc(F)c(F)cc4C3=C(C#N)C#N)sc12,-5.76,4.5600000000000005
169.87,0,12,6,71,19,12,270.07500000000005,4516.99233380682,CCc1c(/C=C2\C(=O)c3cc(F)c(F)cc3C2=C(C#N)C#N)sc2c3c4nsnc4c4c5sc6c7sc(/C=C8\C(=O)c9cc(F)c(F)cc9C8=C(C#N)C#N)cc7n(CC)c6c5n(CC)c4c3n(CC)c12,-5.45,4.5600000000000005
277.05999999999995,0,26,19,160,26,28,658.7200000000018,10510.041629295754,CCC1(CC)Oc2ccsc2-c2sc(-c3ccc4c(c3)C(=O)/C(=C\c3cc5sc6c(c5s3)C(CC)(CC)c3cc5c(cc3-6)C(CC)(CC)c3c-5sc5cc(/C=C6\C(=O)c7ccc(-c8cc9c(s8)-c8sc(-c%10ccc%11c(c%10)C(=O)/C(=C\c%10cc%12sc%13c(c%12s%10)C(CC)(CC)c%10cc%12c(cc%10-%13)C(CC)(CC)c%10c-%12sc%12cc(/C=C%13\C(=O)c%14ccccc%14C%13=C(C#N)C#N)sc%10%12)C%11=C(C#N)C#N)cc8C(CC)(CC)O9)cc7C6=C(C#N)C#N)sc35)C4=C(C#N)C#N)cc21,-5.45,7.28
258.59999999999997,0,24,19,158,24,28,655.6680000000018,10457.436552482173,CCC1(CC)c2ccsc2-c2sc(-c3ccc4c(c3)C(=O)/C(=C\c3cc5sc6c(c5s3)C(CC)(CC)c3cc5c(cc3-6)C(CC)(CC)c3c-5sc5cc(/C=C6\C(=O)c7ccc(-c8cc9c(s8)-c8sc(-c%10ccc%11c(c%10)C(=O)/C(=C\c%10cc%12sc%13c(c%12s%10)C(CC)(CC)c%10cc%12c(cc%10-%13)C(CC)(CC)c%10c-%12sc%12cc(/C=C%13\C(=O)c%14ccccc%14C%13=C(C#N)C#N)sc%10%12)C%11=C(C#N)C#N)cc8C9(CC)CC)cc7C6=C(C#N)C#N)sc35)C4=C(C#N)C#N)cc21,-5.42,7.28
258.59999999999997,0,20,19,146,20,24,594.1360000000013,8961.978984140951,CCC1(CC)c2cc3c(cc2-c2sc(/C=C4\C(=O)c5ccccc5C4=C(C#N)C#N)cc21)C(CC)(CC)c1cc(/C=C2\C(=O)c4cc(-c5cc6c(s5)-c5sc(-c7ccc8c(c7)C(=O)/C(=C\c7cc9c(s7)-c7cc%10c(cc7C9(CC)CC)-c7sc(/C=C9\C(=O)c%11cc(-c%12cc%13c(s%12)-c%12sccc%12C%13(CC)CC)ccc%11C9=C(C#N)C#N)cc7C%10(CC)CC)C8=C(C#N)C#N)cc5C6(CC)CC)ccc4C2=C(C#N)C#N)sc1-3,-5.42,7.28
164.94,0,13,6,75,21,12,283.83800000000036,4335.61130279859,CCc1c(/C=C2\C(=O)c3cc(C(F)(F)F)ccc3C2=C(C#N)C#N)sc2c1sc1c3c4nsnc4c4c5sc6c(CC)c(/C=C7\C(=O)c8cc(C(F)(F)F)ccc8C7=C(C#N)C#N)sc6c5n(CC)c4c3n(CC)c21,-5.5,5.0200000000000005
164.94,0,13,34,105,21,12,422.2080000000011,5066.7183597646335,CCCCCCCCCCCc1c(C=C2C(=O)c3cc(C(F)(F)F)ccc3C2=C(C#N)C#N)sc2c1sc1c3c4nsnc4c4c5sc6c(CCCCCCCCCCC)c(C=C7C(=O)c8ccc(C(F)(F)F)cc8C7=C(C#N)C#N)sc6c5n(CC(CC)CCCC)c4c3n(CC(CC)CCCC)c21,-5.53,5.0200000000000005
164.94,0,13,34,99,17,12,422.2240000000011,4831.844683690567,CCCCCCCCCCCc1c(C=C2C(=O)c3cc(Cl)ccc3C2=C(C#N)C#N)sc2c1sc1c3c4nsnc4c4c5sc6c(CCCCCCCCCCC)c(C=C7C(=O)c8ccc(Cl)cc8C7=C(C#N)C#N)sc6c5n(CC(CC)CCCC)c4c3n(CC(CC)CCCC)c21,-5.62,4.1000000000000005
164.94,0,13,6,69,17,12,273.7500000000001,4118.108097304703,CCc1c(/C=C2\C(=O)c3ccc(F)cc3C2=C(C#N)C#N)sc2c1sc1c3c4nsnc4c4c5sc6c(CC)c(/C=C7\C(=O)c8ccc(F)cc8C7=C(C#N)C#N)sc6c5n(CC)c4c3n(CC)c21,-5.7,4.1000000000000005
129.29999999999998,0,10,10,88,10,15,358.8730000000007,4741.584489199258,CCc1ccc(C2(c3ccc(CC)cc3)c3cc4c(cc3-c3sc5cc(/C=C6\C(=O)c7ccccc7C6=C(C#N)C#N)sc5c32)C(c2ccc(CC)cc2)(c2ccc(CC)cc2)c2c-4sc3cc(/C=C4\C(=O)c5ccccc5C4=C(C#N)C#N)sc23)cc1,-5.54,3.64
129.29999999999998,0,10,10,94,16,15,358.62100000000066,5099.300995573036,CCc1ccc(C2(c3ccc(CC)cc3)c3cc4c(cc3-c3sc5cc(/C=C6\C(=O)c7c(cc(F)c(F)c7F)C6=C(C#N)C#N)sc5c32)C(c2ccc(CC)cc2)(c2ccc(CC)cc2)c2c-4sc3cc(/C=C4\C(=O)c5c(cc(F)c(F)c5F)C4=C(C#N)C#N)sc23)cc1,-5.7,5.0200000000000005
129.29999999999998,0,10,26,108,14,15,432.57700000000114,5269.724206340341,CCCCCCc1ccc(C2(c3ccc(CCCCCC)cc3)c3cc4c(cc3-c3sc5cc(/C=C6/C(=O)c7cc(F)c(F)cc7C6=C(C#N)C#N)sc5c32)C(c2ccc(CCCCCC)cc2)(c2ccc(CCCCCC)cc2)c2c-4sc3cc(/C=C4/C(=O)c5cc(F)c(F)cc5C4=C(C#N)C#N)sc23)cc1,-5.83,4.5600000000000005
129.29999999999998,0,10,10,91,13,15,358.7470000000006,5259.023553240184,CCc1ccc(C2(c3ccc(CC)cc3)c3cc4c(cc3-c3sc5cc(/C=C6\C(=O)c7ccccc7C6=C(C#N)C#N)sc5c32)C(c2ccc(CC)cc2)(c2ccc(CC)cc2)c2c-4sc3cc(/C=C4\C(=O)c5c(cc(F)c(F)c5F)C4=C(C#N)C#N)sc23)cc1,-5.62,4.33
129.29999999999998,0,10,26,106,12,15,432.66100000000114,5499.040388970698,CCCCCCc1ccc(C2(c3ccc(CCCCCC)cc3)c3cc4c(cc3-c3sc5cc(C=C6C(=O)c7ccccc7C6=C(C#N)C#N)sc5c32)C(c2ccc(CCCCCC)cc2)(c2ccc(CCCCCC)cc2)c2c-4sc3cc(C=C4C(=O)c5cc(F)c(F)cc5C4=C(C#N)C#N)sc23)cc1,-5.59,4.1000000000000005
129.29999999999998,0,8,26,86,12,9,339.94300000000106,3489.518157671665,CCCCC(CC)CC1(CC(CC)CCCC)c2cc3c(cc2-c2sc(C=C4C(=O)c5cc(F)c(F)cc5C4=C(C#N)C#N)cc21)C(CC(CC)CCCC)(CC(CC)CCCC)c1cc(C=C2C(=O)c4cc(F)c(F)cc4C2=C(C#N)C#N)sc1-3,-5.65,4.5600000000000005
147.76,0,10,34,86,14,7,338.16500000000104,3259.598295027112,CCCCCCCCC(CCCCCC)COc1cc(-c2ccc(C=C3C(=O)c4cc(F)c(F)cc4C3=C(C#N)C#N)s2)c(OCC(CCCCCC)CCCCCCCC)cc1-c1ccc(C=C2C(=O)c3cc(F)c(F)cc3C2=C(C#N)C#N)s1,-5.68,4.5600000000000005
147.76,0,10,44,98,14,7,393.8570000000014,3541.6458390337016,CCCCCCCCC(CCCCCC)COc1cc(-c2cc(CCCCCC)c(C=C3C(=O)c4cc(F)c(F)cc4C3=C(C#N)C#N)s2)c(OCC(CCCCCC)CCCCCCCC)cc1-c1cc(CCCCCC)c(C=C2C(=O)c3cc(F)c(F)cc3C2=C(C#N)C#N)s1,-5.63,4.5600000000000005
166.22,0,12,46,100,16,7,397.4390000000014,3585.832657963694,CCCCCCCCC(CCCCCC)COc1cc(-c2cc(OCCCCCC)c(C=C3C(=O)c4cc(F)c(F)cc4C3=C(C#N)C#N)s2)c(OCC(CCCCCC)CCCCCCCC)cc1-c1cc(OCCCCCC)c(C=C2C(=O)c3cc(F)c(F)cc3C2=C(C#N)C#N)s1,-5.67,4.5600000000000005
129.29999999999998,0,10,9,78,14,10,305.93100000000055,3976.9665548113903,CCc1cc(/C=C2\C(=O)c3cc(F)c(F)cc3C2=C(C#N)C#N)sc1-c1sc(-c2cc(-c3c(C)cc(C)cc3C)c(-c3sc(/C=C4\C(=O)c5cc(F)c(F)cc5C4=C(C#N)C#N)cc3CC)s2)cc1-c1c(C)cc(C)cc1C,-5.66,4.5600000000000005
129.29999999999998,0,10,9,72,14,10,277.50900000000007,3679.6913612832054,CCc1cc(/C=C2\C(=O)c3cc(F)c(F)cc3C2=C(C#N)C#N)sc1-c1sc(-c2cc(-c3ccccc3)c(-c3sc(/C=C4\C(=O)c5cc(F)c(F)cc5C4=C(C#N)C#N)cc3CC)s2)cc1-c1ccccc1,-5.5,4.5600000000000005
129.29999999999998,0,10,8,74,16,11,275.957,3789.232111055268,CCC1(CC)c2cc(/C=C3\C(=O)c4cc(F)c(F)cc4C3=C(C#N)C#N)sc2-c2sc(-c3cc(F)c(-c4cc5c(s4)-c4sc(/C=C6\C(=O)c7cc(F)c(F)cc7C6=C(C#N)C#N)cc4C5(CC)CC)cc3F)cc21,-5.56,5.0200000000000005
129.29999999999998,0,10,8,76,18,11,275.87300000000005,3871.968865495923,CCC1(CC)c2cc(/C=C3\C(=O)c4cc(F)c(F)cc4C3=C(C#N)C#N)sc2-c2sc(-c3c(F)c(F)c(-c4cc5c(s4)-c4sc(/C=C6\C(=O)c7cc(F)c(F)cc7C6=C(C#N)C#N)cc4C5(CC)CC)c(F)c3F)cc21,-5.56,5.48
147.76,0,12,10,78,18,11,289.0610000000004,3939.7786851470487,CCC1(CC)c2cc(/C=C3\C(=O)c4cc(F)c(F)cc4C3=C(C#N)C#N)sc2-c2sc(-c3c(F)c(OC)c(-c4cc5c(s4)-c4sc(/C=C6\C(=O)c7cc(F)c(F)cc7C6=C(C#N)C#N)cc4C5(CC)CC)c(F)c3OC)cc21,-5.56,5.0200000000000005
134.23,0,10,11,101,15,17,417.5890000000011,5731.278610893037,CCc1ccc(C2(c3ccc(CC)cc3)c3cc4c5cc6c(cc5n(CC)c4cc3-c3sc4cc(/C=C5\C(=O)c7cc(Cl)c(Cl)cc7C5=C(C#N)C#N)sc4c32)-c2sc3cc(/C=C4\C(=O)c5cc(Cl)c(Cl)cc5C4=C(C#N)C#N)sc3c2C6(c2ccc(CC)cc2)c2ccc(CC)cc2)cc1,-5.61,4.5600000000000005
134.23,0,8,11,95,13,15,366.61500000000103,5101.1444318318045,CCc1ccc(C2(c3ccc(CC)cc3)c3cc4c5cc6c(cc5n(CC)c4cc3-c3sc(/C=C4\C(=O)c5cc(F)c(F)cc5C4=C(C#N)C#N)cc32)-c2sc(/C=C3\C(=O)c4cc(F)c(F)cc4C3=C(C#N)C#N)cc2C6(c2ccc(CC)cc2)c2ccc(CC)cc2)cc1,-5.57,4.5600000000000005
164.94,0,14,10,88,22,14,341.0870000000006,5226.078689654029,CCc1sc(-c2nc3c(nc2-c2cc(F)c(CC)s2)c2c4sc5c(CC)c(/C=C6\C(=O)c7cc(F)c(F)cc7C6=C(C#N)C#N)sc5c4n(CC)c2c2c3c3sc4c(CC)c(/C=C5\C(=O)c6cc(F)c(F)cc6C5=C(C#N)C#N)sc4c3n2CC)cc1F,-5.58,5.0200000000000005
164.94,0,14,10,86,20,14,341.17100000000056,5109.10858521564,CCc1ccc(-c2nc3c(nc2-c2ccc(CC)s2)c2c4sc5c(CC)c(/C=C6\C(=O)c7cc(F)c(F)cc7C6=C(C#N)C#N)sc5c4n(CC)c2c2c3c3sc4c(CC)c(/C=C5\C(=O)c6cc(F)c(F)cc6C5=C(C#N)C#N)sc4c3n2CC)s1,-5.57,4.5600000000000005
134.23,0,9,33,116,14,15,486.27400000000137,5822.836738271162,CCCCCCCCn1c2cc(C=C3C(=O)c4cc(Cl)c(Cl)cc4C3=C(C#N)C#N)sc2c2sc3c(c21)C(c1ccc(CCCCCC)cc1)(c1ccc(CCCCCC)cc1)c1cc2c(cc1-3)C(c1ccc(CCCCCC)cc1)(c1ccc(CCCCCC)cc1)c1cc(C=C3C(=O)c4cc(Cl)c(Cl)cc4C3=C(C#N)C#N)sc1-2,-5.69,4.5600000000000005
134.23,0,9,11,94,14,15,384.70000000000084,5398.232424528528,CCc1ccc(C2(c3ccc(CC)cc3)c3cc4c(cc3-c3sc(/C=C5\C(=O)c6cc(Cl)c(Cl)cc6C5=C(C#N)C#N)cc32)C(c2ccc(CC)cc2)(c2ccc(CC)cc2)c2c-4sc3c4sc(/C=C5\C(=O)c6cc(Cl)c(Cl)cc6C5=C(C#N)C#N)cc4n(CC)c23)cc1,-5.72,4.5600000000000005
134.23,0,9,36,120,14,15,484.4640000000014,5923.20847453866,CCCCCCc1ccc(C2(c3ccc(CCCCCC)cc3)c3cc4c(cc3-c3sc(C=C5C(=O)c6cc(F)c(F)cc6C5=C(C#N)C#N)cc32)C(c2ccc(CCCCCC)cc2)(c2ccc(CCCCCC)cc2)c2c-4sc3c4sc(C=C5C(=O)c6cc(F)c(F)cc6C5=C(C#N)C#N)cc4n(CC(CCCC)CCCCCC)c23)cc1,-5.43,4.5600000000000005
147.76,0,10,8,75,14,11,279.265,3675.8713951595364,CCC1(CC)Oc2cc3c(cc2-c2sc(/C=C4\C(=O)c5cc(F)c(F)cc5C4=C(C#N)C#N)cc21)C(CC)(CC)c1cc2c(cc1-3)OC(CC)(CC)c1cc(/C=C3\C(=O)c4cc(F)c(F)cc4C3=C(C#N)C#N)sc1-2,-5.62,4.5600000000000005
129.29999999999998,0,8,8,73,12,11,276.21299999999997,3630.8360050302454,CCC1(CC)c2cc3c(cc2-c2cc4c(cc21)-c1sc(/C=C2\C(=O)c5cc(F)c(F)cc5C2=C(C#N)C#N)cc1C4(CC)CC)C(CC)(CC)c1cc(/C=C2\C(=O)c4cc(F)c(F)cc4C2=C(C#N)C#N)sc1-3,-5.67,4.5600000000000005
129.29999999999998,0,10,10,96,10,17,393.8850000000009,5451.826667376342,CCc1ccc(C2(c3ccc(CC)cc3)c3cc4c(cc3-c3sc5cc(/C=C6\C(=O)c7c(ccc8ccccc78)C6=C(C#N)C#N)sc5c32)C(c2ccc(CC)cc2)(c2ccc(CC)cc2)c2c-4sc3cc(/C=C4\C(=O)c5c(ccc6ccccc56)C4=C(C#N)C#N)sc23)cc1,-5.65,3.64
183.39999999999998,0,15,38,111,21,14,466.44200000000137,5450.814126551178,CCCCCCCCCCCc1c(C=C2C(=O)c3cc(Cl)c(Cl)cc3C2=C(C#N)C#N)sc2c1sc1c3c4nsnc4c4c5sc6c(CCCCCCCCCCC)c(C=C7C(=O)c8cc(Cl)c(Cl)cc8C7=C(C#N)C#N)sc6c5n(CCCCCCOc5ccccc5)c4c3n(CCCCCCOc3ccccc3)c21,-5.51,4.5600000000000005
183.39999999999998,0,15,38,111,21,14,446.23400000000146,5450.814126551178,CCCCCCCCCCCc1c(C=C2C(=O)c3cc(F)c(F)cc3C2=C(C#N)C#N)sc2c1sc1c3c4nsnc4c4c5sc6c(CCCCCCCCCCC)c(C=C7C(=O)c8cc(F)c(F)cc8C7=C(C#N)C#N)sc6c5n(CCCCCCOc5ccccc5)c4c3n(CCCCCCOc3ccccc3)c21,-5.48,4.5600000000000005
183.39999999999998,0,15,38,113,23,14,476.46200000000135,5597.936728266833,CCCCCCCCCCCc1c(C=C2C(=O)c3cc(Cl)c(Cl)cc3C2=C(C#N)C#N)sc2c1sc1c3c4nsnc4c4c5sc6c(CCCCCCCCCCC)c(C=C7C(=O)c8cc(Cl)c(Cl)cc8C7=C(C#N)C#N)sc6c5n(CCCCCCOc5cccc(Cl)c5)c4c3n(CCCCCCOc3cccc(Cl)c3)c21,-5.51,5.0200000000000005
183.39999999999998,0,15,38,113,23,14,456.25400000000144,5603.44650327116,CCCCCCCCCCCc1c(C=C2C(=O)c3cc(F)c(F)cc3C2=C(C#N)C#N)sc2c1sc1c3c4nsnc4c4c5sc6c(CCCCCCCCCCC)c(C=C7C(=O)c8cc(F)c(F)cc8C7=C(C#N)C#N)sc6c5n(CCCCCCOc5cccc(Cl)c5)c4c3n(CCCCCCOc3cccc(Cl)c3)c21,-5.48,5.0200000000000005
169.87,0,12,34,101,17,12,417.8370000000012,4812.695184163218,CCCCCCCCc1c(C=C2C(=O)c3cc(F)ccc3C2=C(C#N)C#N)sc2c1sc1c3c4nn(CC(CC)CCCC)nc4c4c5sc6c(CCCCCCCC)c(C=C7C(=O)c8cc(F)ccc8C7=C(C#N)C#N)sc6c5n(CC(CC)CCCC)c4c3n(CC(CC)CCCC)c21,-5.65,4.1000000000000005
169.86999999999998,0,12,20,83,15,12,343.7610000000009,4322.9891066335795,CCCCC(CC)Cn1nc2c(n1)c1c3sc4cc(C=C5C(=O)c6ccccc6C5=C(C#N)C#N)sc4c3n(CC(CC)CCCC)c1c1c2c2sc3cc(C=C4C(=O)c5ccccc5C4=C(C#N)C#N)sc3c2n1CC(CC)CCCC,-5.51,3.64
147.76,0,12,42,126,12,15,526.2070000000016,5564.142530165464,CCCCCCc1ccc(C2(c3ccc(CCCCCC)cc3)c3cc4c(cc3-c3sc(-c5sc(C=C6C(=O)c7ccccc7C6=C(C#N)C#N)cc5OCC(CC)CCCC)cc32)C(c2ccc(CCCCCC)cc2)(c2ccc(CCCCCC)cc2)c2cc(-c3sc(C=C5C(=O)c6ccccc6C5=C(C#N)C#N)cc3OCC(CC)CCCC)sc2-4)cc1,-5.5,3.64
74.76,0,6,4,36,8,6,142.12999999999988,1676.4716014320645,CCN1C(=O)c2cc(-c3ccc(-c4ccc(C)s4)s3)c3c4c(cc(C)c(c24)C1=O)C(=O)N(CC)C3=O,-5.65,2.0
74.76,0,6,38,74,10,6,308.118,2454.018404409781,CCCCCCCCCCC(CCCCCCCC)CN1C(=O)c2cc(-c3cc(F)c(-c4sc(C)cc4F)s3)c3c4c(cc(C)c(c24)C1=O)C(=O)N(CC(CCCCCCCC)CCCCCCCCCC)C3=O,-5.72,2.46
164.94,0,15,38,115,21,14,476.9900000000014,6005.497715839219,CCCCCCCC(CCCC)Cn1c2c3sc(C=C4C(=O)c5cc(F)c(F)cc5C4=C(C#N)C#N)c(-c4cc(CC(CC)CCCC)cs4)c3sc2c2c3nsnc3c3c4sc5c(-c6cc(CC(CC)CCCC)cs6)c(C=C6C(=O)c7cc(F)c(F)cc7C6=C(C#N)C#N)sc5c4n(CC(CCCCC)CCCCCC)c3c21,-5.7,4.5600000000000005
199.07999999999996,0,19,81,174,23,17,747.7610000000025,8019.547569941693,CCCCCCCCCCCCC(CCCCCCCCCC)Cn1c2c3c(sc2c2c4nsnc4c4c5sc6c(CCCCCCCCCCC)c(C=C7C(=O)c8c(ccc(-c9ccc(-c%10sc(-c%11ccc(C)s%11)c%11c%10C(=O)c%10c(CC(CC)CCCC)sc(CC(CC)CCCC)c%10C%11=O)s9)c8F)C7=C(C#N)C#N)sc6c5n(CC(CCCCCCCCCC)CCCCCCCCCCCC)c4c21)C(CCCCCCCCCCC)=C(C=C1C(=O)c2c(ccc(C)c2F)C1=C(C#N)C#N)CS3,-5.52,5.1000000000000005
199.07999999999996,0,19,81,174,21,17,757.3190000000026,8004.166345647804,CCCCCCCCCCCCC(CCCCCCCCCC)Cn1c2c3c(sc2c2c4nsnc4c4c5sc6c(CCCCCCCCCCC)c(C=C7C(=O)c8c(ccc(-c9ccc(-c%10sc(-c%11ccc(C)s%11)c%11c%10C(=O)c%10c(CC(CC)CCCC)sc(CC(CC)CCCC)c%10C%11=O)s9)c8C)C7=C(C#N)C#N)sc6c5n(CC(CCCCCCCCCC)CCCCCCCCCCCC)c4c21)C(CCCCCCCCCCC)=C(C=C1C(=O)c2c(ccc(C)c2C)C1=C(C#N)C#N)CS3,-5.57,4.640000000000001
199.07999999999996,0,19,81,172,21,17,747.8450000000026,7883.797634836893,CCCCCCCCCCCCC(CCCCCCCCCC)Cn1c2c3c(sc2c2c4nsnc4c4c5sc6c(CCCCCCCCCCC)c(C=C7C(=O)c8cc(-c9ccc(-c%10sc(-c%11ccc(C)s%11)c%11c%10C(=O)c%10c(CC(CC)CCCC)sc(CC(CC)CCCC)c%10C%11=O)s9)ccc8C7=C(C#N)C#N)sc6c5n(CC(CCCCCCCCCC)CCCCCCCCCCCC)c4c21)C(CCCCCCCCCCC)=C(C=C1C(=O)c2cc(C)ccc2C1=C(C#N)C#N)CS3,-5.57,4.640000000000001
164.94,0,13,6,69,17,12,283.8540000000004,4118.108097304703,CCc1c(C=C2C(=O)c3ccc(Cl)cc3C2=C(C#N)C#N)sc2c1sc1c3c4nsnc4c4c5sc6c(CC)c(C=C7C(=O)c8ccc(Cl)cc8C7=C(C#N)C#N)sc6c5n(CC)c4c3n(CC)c21,-5.67,4.1000000000000005
129.29999999999998,0,11,6,87,15,16,336.57600000000036,5367.158081689912,N#CC(C#N)=C1/C(=C/c2cc3sc4c(c3s2)C(c2ccccc2)(c2ccccc2)c2cc3c(cc2-4)C(c2ccccc2)(c2ccccc2)c2c-3sc3c2sc2cc(/C=C4\C(=O)c5cc(F)c(F)cc5C4=C(C#N)C#N)sc23)C(=O)c2cc(F)c(F)cc21,-5.64,4.5600000000000005
129.29999999999998,0,11,6,85,13,16,336.6600000000004,5242.845794366045,N#CC(C#N)=C1/C(=C/c2cc3sc4c(c3s2)C(c2ccccc2)(c2ccccc2)c2cc3c(cc2-4)C(c2ccccc2)(c2ccccc2)c2c-3sc3c2sc2cc(/C=C4\C(=O)c5ccc(F)cc5C4=C(C#N)C#N)sc23)C(=O)c2ccc(F)cc21,-5.71,4.1000000000000005
129.29999999999998,0,11,6,83,11,16,336.7440000000004,5114.912189049234,N#CC(C#N)=C1/C(=C/c2cc3sc4c(c3s2)C(c2ccccc2)(c2ccccc2)c2cc3c(cc2-4)C(c2ccccc2)(c2ccccc2)c2c-3sc3c2sc2cc(/C=C4\C(=O)c5ccccc5C4=C(C#N)C#N)sc23)C(=O)c2ccccc21,-5.84,3.64
129.29999999999998,0,12,22,78,12,11,329.9750000000008,3566.220643269679,CCCCCCC1(CCCCCC)c2cc3c(cc2-c2sc4cc(C=C5C(=O)c6cscc6C5=C(C#N)C#N)sc4c21)C(CCCCCC)(CCCCCC)c1c-3sc2cc(C=C3C(=O)c4cscc4C3=C(C#N)C#N)sc12,-5.75,3.64
129.29999999999998,0,12,30,86,12,11,366.91100000000097,3703.0176873920236,CCCCCCCCC1(CCCCCCCC)c2cc3c(cc2-c2sc4cc(C=C5C(=O)c6cscc6C5=C(C#N)C#N)sc4c21)C(CCCCCCCC)(CCCCCCCC)c1c-3sc2cc(C=C3C(=O)c4cscc4C3=C(C#N)C#N)sc12,-5.69,3.64
129.29999999999998,0,12,38,94,12,11,403.84700000000123,3840.3535354629207,CCCCCCCCCCC1(CCCCCCCCCC)c2cc3c(cc2-c2sc4cc(C=C5C(=O)c6cscc6C5=C(C#N)C#N)sc4c21)C(CCCCCCCCCC)(CCCCCCCCCC)c1c-3sc2cc(C=C3C(=O)c4cscc4C3=C(C#N)C#N)sc12,-5.66,3.64
129.29999999999998,0,8,10,84,10,13,328.0230000000006,4247.798231849919,CCc1ccc(C2(c3ccc(CC)cc3)c3cc4c(cc3-c3sc(/C=C5\C(=O)c6ccc(F)cc6C5=C(C#N)C#N)cc32)C(c2ccc(CC)cc2)(c2ccc(CC)cc2)c2cc(/C=C3\C(=O)c5ccc(F)cc5C3=C(C#N)C#N)sc2-4)cc1,-5.62,4.1000000000000005
129.29999999999998,0,9,10,87,11,14,343.4060000000006,4870.3070294609615,CCc1ccc(C2(c3ccc(CC)cc3)c3cc4c(cc3-c3sc(/C=C5\C(=O)c6ccc(F)cc6C5=C(C#N)C#N)cc32)C(c2ccc(CC)cc2)(c2ccc(CC)cc2)c2c-4sc3cc(/C=C4\C(=O)c5ccc(F)cc5C4=C(C#N)C#N)sc23)cc1,-5.62,4.1000000000000005
129.29999999999998,0,10,10,90,12,15,358.78900000000067,5196.619479018239,CCc1ccc(C2(c3ccc(CC)cc3)c3cc4c(cc3-c3sc(/C=C5\C(=O)c6ccc(F)cc6C5=C(C#N)C#N)cc32)C(c2ccc(CC)cc2)(c2ccc(CC)cc2)c2c-4sc3c2sc2cc(/C=C4\C(=O)c5ccc(F)cc5C4=C(C#N)C#N)sc23)cc1,-5.66,4.1000000000000005
92.18,0,14,14,90,18,15,378.15600000000063,4519.273735774068,CCc1ccc(C2(c3ccc(CC)cc3)c3cc4c(cc3-c3sc(-c5c(F)cc(/C=C6\SC(=S)N(CC)C6=O)c6nsnc56)cc32)C(c2ccc(CC)cc2)(c2ccc(CC)cc2)c2cc(-c3c(F)cc(/C=C5\SC(=S)N(CC)C5=O)c5nsnc35)sc2-4)cc1,-5.68,1.46
198.89,0,14,49,134,20,15,558.8980000000017,6524.225650027856,CCCCCCCCc1ccc(C2(c3ccc(CCCCCC)cc3)c3cc4c(cc3-c3sc(-c5c(Cl)cc(C=c6sc(=C(C#N)C#N)n(CC)c6=O)c6nn(CCCCCCCC)nc56)cc32)C(c2ccc(CCCCCC)cc2)(c2ccc(CCCCCCCC)cc2)c2cc(-c3c(Cl)cc(CC5SC(=C(C#N)C#N)N(CC)C5=O)c5nn(CCCCCCCC)nc35)sc2-4)cc1,-5.65,3.6
92.18,0,14,10,64,16,11,279.7160000000001,3052.500094469354,CCN1C(=O)/C(=C/c2ccc(-c3cc4c(s3)-c3cc5c(cc3C4(CC)CC)-c3sc(-c4ccc(/C=C6\SC(=S)N(CC)C6=O)c6nsnc46)cc3C5(CC)CC)c3nsnc23)SC1=S,-5.58,1.0
59.92,0,21,67,171,25,21,763.9080000000026,8600.984430796892,CCCCCCC(CCCC)Cc1cc(-c2cc3c4nsnc4c4cc(-c5cc(CC(CCCC)CCCCCC)c(-c6cc7c(-c8cc(F)c(CC(CC)CCCC)s8)c8sc(-c9ccc(-c%10sc(-c%11ccc(C)s%11)c%11c%10C(=O)c%10c(CC(CC)CCCC)sc(CC(CC)CCCC)c%10C%11=O)s9)cc8c(-c8cc(F)c(CC(CC)CCCC)s8)c7s6)s5)sc4c3s2)sc1-c1cc2c(-c3cc(F)c(CC(CC)CCCC)s3)c3sc(C)cc3c(-c3cc(F)c(CC(CC)CCCC)s3)c2s1,-5.69,1.92
164.94,0,13,38,105,19,12,440.60800000000114,4911.385849692899,CCCCCCCCCc1c(C=C2C(=O)c3cc(F)c(F)cc3C2=C(C#N)C#N)sc2c1sc1c3c4nsnc4c4c5sc6c(CCCCCCCCC)c(C=C7C(=O)c8cc(Cl)c(Cl)cc8C7=C(C#N)C#N)sc6c5n(CC(CCCC)CCCCCC)c4c3n(CC(CCCC)CCCCCC)c21,-5.65,4.5600000000000005
164.94,0,13,31,108,24,13,419.71500000000106,5688.109657110405,CCCCCCCCCCCc1c(C=C2C(=O)c3cc(F)c(F)cc3C2=C(C#N)C#N)sc2c1sc1c3c4nsnc4c4c5sc6c(-c7ccc(CCCCC(F)(F)C(F)(F)F)cc7)c(C=C7C(=O)c8cc(F)c(F)cc8C7=C(C#N)C#N)sc6c5n(CC(CCC)CCCC)c4c3n(CC(CC)CCCC)c21,-5.64,5.710000000000001
164.94,0,13,31,103,19,13,419.0040000000011,5464.283978533627,CCCCCCCCCCCc1c(C=C2C(=O)c3cc(F)c(F)cc3C2=C(C#N)C#N)sc2c1sc1c3c4nsnc4c4c5sc6c(-c7ccc(CCCCCC)cc7)c(C=C7C(=O)c8cc(F)c(F)cc8C7=C(C#N)C#N)sc6c5n(CC(CCC)CCCC)c4c3n(CC(CC)CCCC)c21,-5.77,4.5600000000000005
164.94,0,13,27,100,15,14,421.523000000001,5541.865842312482,CCCCCCc1cccc(-c2c(C=C3C(=O)c4ccccc4C3=C(C#N)C#N)sc3c2sc2c4c5nsnc5c5c6sc7c(-c8cccc(CCCCCC)c8)c(C=C8C(=O)c9ccccc9C8=C(C#N)C#N)sc7c6n(CC(CCC)CCCC)c5c4n(CC(CC)CCCC)c32)c1,-5.74,3.64
164.94,0,13,30,102,19,13,414.3870000000011,5444.307461535839,CCCCCCCCCCCc1c(C=C2C(=O)c3cc(F)c(F)cc3C2=C(C#N)C#N)sc2c1sc1c3c4nsnc4c4c5sc6c(-c7ccc(CCCCCC)cc7)c(C=C7C(=O)c8cc(F)c(F)cc8C7=C(C#N)C#N)sc6c5n(CC(CC)CCCC)c4c3n(CC(CC)CCCC)c21,-5.73,4.5600000000000005
164.94,0,13,26,103,19,14,416.738000000001,5391.4965200589595,CCCCCCc1ccc(-c2c(C=C3C(=O)c4cc(F)c(F)cc4C3=C(C#N)C#N)sc3c2sc2c4c5nsnc5c5c6sc7c(-c8ccc(CCCCCC)cc8)c(C=C8C(=O)c9cc(F)c(F)cc9C8=C(C#N)C#N)sc7c6n(CC(CC)CCCC)c5c4n(CC(CC)CCCC)c32)cc1,-5.73,4.5600000000000005
160.01,0,13,28,107,18,14,433.960000000001,5724.087109611969,CCCCC(CC)Cc1cccc(-c2c(C=C3C(=O)c4cc(F)c(F)cc4C3=C(C#N)C#N)sc3c4c(sc23)-c2c(c3c(c5nsnc25)c2sc5c(-c6cccc(CC(CC)CCCC)c6)c(C=C6C(=O)c7cc(F)c(F)cc7C6=C(C#N)C#N)sc5c2n3CC(CC)CCCC)C4CC(CC)CCCC)c1,-5.73,4.5600000000000005
181.89999999999995,0,16,16,108,16,17,437.41200000000106,5867.472755896825,CCOC(=O)c1cc2c(/C=C3\C(=O)c4ccccc4C3=C(C#N)C#N)sc(-c3cc4c(s3)-c3cc5c(cc3C4(c3ccc(CC)cc3)c3ccc(CC)cc3)-c3sc(-c4sc(/C=C6\C(=O)c7ccccc7C6=C(C#N)C#N)c6cc(C(=O)OCC)sc46)cc3C5(c3ccc(CC)cc3)c3ccc(CC)cc3)c2s1,-5.36,5.540000000000001
129.29999999999998,0,12,10,92,14,16,372.049000000001,5131.767589902524,CCc1ccc(C2(c3ccc(CC)cc3)c3c(sc4cc(/C=C5\C(=O)c6ccc(F)cc6C5=C(C#N)C#N)sc34)-c3sc4c5c(sc4c32)-c2sc3cc(/C=C4\C(=O)c6ccc(F)cc6C4=C(C#N)C#N)sc3c2C5(c2ccc(CC)cc2)c2ccc(CC)cc2)cc1,-5.44,4.1000000000000005
147.76,0,12,14,96,14,15,381.12700000000075,5057.811871231131,CCOc1c2sc3c(c2c(OCC)c2sc4c(c12)C(c1ccc(CC)cc1)(c1ccc(CC)cc1)c1cc(/C=C2\C(=O)c5ccc(F)cc5C2=C(C#N)C#N)sc1-4)C(c1ccc(CC)cc1)(c1ccc(CC)cc1)c1cc(/C=C2\C(=O)c4ccc(F)cc4C2=C(C#N)C#N)sc1-3,-5.44,4.1000000000000005
147.75999999999996,0,12,16,100,14,15,396.9870000000011,5133.56727130433,CCOc1cc(/C=C2\C(=O)c3ccc(F)cc3C2=C(C#N)C#N)sc1-c1cc2c(s1)-c1cc3c(cc1C2(c1ccc(CC)cc1)c1ccc(CC)cc1)-c1sc(-c2sc(/C=C4\C(=O)c5ccc(F)cc5C4=C(C#N)C#N)cc2OCC)cc1C3(c1ccc(CC)cc1)c1ccc(CC)cc1,-5.24,4.1000000000000005
147.75999999999996,0,14,16,106,16,17,427.7530000000008,5762.662413131851,CCOc1cc(/C=C2\C(=O)c3ccc(F)cc3C2=C(C#N)C#N)sc1-c1cc2sc3c(c2s1)C(c1ccc(CC)cc1)(c1ccc(CC)cc1)c1cc2c(cc1-3)C(c1ccc(CC)cc1)(c1ccc(CC)cc1)c1c-2sc2cc(-c3sc(/C=C4\C(=O)c5ccc(F)cc5C4=C(C#N)C#N)cc3OCC)sc12,-5.22,4.1000000000000005
129.29999999999998,0,12,12,98,16,16,410.9290000000011,5399.321063134288,CCc1ccc(C2(c3ccc(CC)cc3)c3c(sc4c(CC)c(/C=C5\C(=O)c6cc(Cl)c(Cl)cc6C5=C(C#N)C#N)sc34)-c3sc4c5c(sc4c32)-c2sc3c(CC)c(/C=C4\C(=O)c6cc(Cl)c(Cl)cc6C4=C(C#N)C#N)sc3c2C5(c2ccc(CC)cc2)c2ccc(CC)cc2)cc1,-5.25,4.5600000000000005
146.71999999999997,0,12,8,56,12,9,227.01599999999962,2803.77267017104,CCC1(CC)c2cc3c(cc2-c2sc(-c4ccc(C=C(C#N)C#N)c5nsnc45)cc21)C(CC)(CC)c1cc(-c2ccc(C=C(C#N)C#N)c4nsnc24)sc1-3,-5.68,2.64
92.18,0,14,29,87,16,11,382.49400000000105,3907.7093406902923,CCCCCCc1ccc(C(c2ccc(CCCCCC)cc2)(c2cccc(-c3ccc(-c4ccc(C=C5SC(=S)N(CCCCCC)C5=O)c5nsnc45)s3)c2)c2csc(-c3ccc(C=C4SC(=S)N(CCCCCC)C4=O)c4nsnc34)c2)cc1,-5.48,1.0
92.18,0,14,21,79,16,11,345.5580000000009,3754.5625651113123,CCCCCCc1ccc(C(c2ccc(CCCCCC)cc2)(c2cccc(-c3ccc(-c4ccc(C=C5SC(=S)N(CC)C5=O)c5nsnc45)s3)c2)c2csc(-c3ccc(C=C4SC(=S)N(CC)C4=O)c4nsnc34)c2)cc1,-5.51,1.0
134.23,0,10,5,55,11,9,221.28899999999967,2933.574379440341,CCn1c2cc(-c3ccc(/C=C4\C(=O)c5cscc5C4=C(C#N)C#N)s3)ccc2c2ccc(-c3ccc(/C=C4\C(=O)c5cscc5C4=C(C#N)C#N)s3)cc21,-5.47,3.64
160.51,0,10,5,55,11,9,210.0669999999997,2933.574379440341,CCn1c2cc(-c3ccc(/C=C4\C(=O)c5cscc5C4=C(C#N)C#N)o3)ccc2c2ccc(-c3ccc(/C=C4\C(=O)c5cscc5C4=C(C#N)C#N)o3)cc21,-5.44,3.64
129.29999999999998,0,10,6,57,10,9,229.4109999999996,2848.9303023651382,CCC1(CC)c2cc(-c3ccc(/C=C4\C(=O)c5cscc5C4=C(C#N)C#N)s3)ccc2-c2ccc(-c3ccc(/C=C4\C(=O)c5cscc5C4=C(C#N)C#N)s3)cc21,-5.44,3.64
155.57999999999998,0,10,6,57,10,9,218.18899999999962,2848.9303023651382,CCC1(CC)c2cc(-c3ccc(/C=C4\C(=O)c5cscc5C4=C(C#N)C#N)o3)ccc2-c2ccc(-c3ccc(/C=C4\C(=O)c5cscc5C4=C(C#N)C#N)o3)cc21,-5.44,3.64
190.71999999999997,0,16,18,73,18,9,300.48400000000055,3705.8838605246788,CCCC[C@@H](CC)CC1(C[C@@H](CC)CCCC)c2cc(-c3ccc(/C=c4\sc(=C(C#N)C#N)n(CC)c4=O)c4nsnc34)sc2-c2sc(-c3ccc(/C=c4\sc(=C(C#N)C#N)n(CC)c4=O)c4nsnc34)cc21,-5.44,2.64
92.18,0,14,18,65,16,9,288.18200000000024,2707.4676735056973,CCCC[C@@H](CC)CC1(C[C@@H](CC)CCCC)c2cc(-c3ccc(/C=C4\SC(=S)N(CC)C4=O)c4nsnc34)sc2-c2sc(-c3ccc(/C=C4\SC(=S)N(CC)C4=O)c4nsnc34)cc21,-5.44,1.0
146.71999999999997,0,12,6,45,12,7,180.21799999999976,2221.6051465252344,CCC1(CC)c2cc(-c3ccc(C=C(C#N)C#N)c4nsnc34)sc2-c2sc(-c3ccc(C=C(C#N)C#N)c4nsnc34)cc21,-6.18,2.64
151.64999999999998,0,10,5,45,11,7,176.34199999999976,2379.618513925253,CCn1c2cc(-c3ccc(C=C(C#N)C#N)c4nsnc34)ccc2c2ccc(-c3ccc(C=C(C#N)C#N)c4nsnc34)cc21,-5.28,2.64
146.71999999999997,0,10,6,47,10,7,184.4639999999997,2298.9996431565637,CCC1(CC)c2cc(-c3ccc(C=C(C#N)C#N)c4nsnc34)ccc2-c2ccc(-c3ccc(C=C(C#N)C#N)c4nsnc34)cc21,-5.28,2.64
129.29999999999998,0,10,10,84,10,14,341.3670000000008,4391.920931072334,CCc1ccc(C2(c3ccc(CC)cc3)c3cc(/C=C4\C(=O)c5ccccc5C4=C(C#N)C#N)sc3-c3sc4c5c(sc4c32)-c2sc(/C=C3\C(=O)c4ccccc4C3=C(C#N)C#N)cc2C5(c2ccc(CC)cc2)c2ccc(CC)cc2)cc1,-5.37,3.64
166.21999999999994,0,13,12,63,17,7,229.24399999999963,2870.417022307842,CCOc1cc(/C=C2\C(=O)c3cc(F)c(F)cc3C2=C(C#N)C#N)sc1-c1sc(-c2sc(/C=C3\C(=O)c4cc(F)c(F)cc4C3=C(C#N)C#N)cc2OCC)c(OCC)c1OCC,-5.52,4.5600000000000005
166.22,0,13,12,63,17,7,229.24399999999963,3074.6670223078413,CCOc1cc(-c2sc(-c3sc(/C=C4\C(=O)c5cc(F)c(F)cc5C4=C(C#N)C#N)cc3OCC)c(OCC)c2OCC)sc1/C=C1\C(=O)c2cc(F)c(F)cc2C1=C(C#N)C#N,-5.42,4.5600000000000005
166.22,0,13,12,63,17,7,229.24399999999963,2870.4170223078427,CCOc1cc(-c2sc(-c3cc(OCC)c(/C=C4\C(=O)c5cc(F)c(F)cc5C4=C(C#N)C#N)s3)c(OCC)c2OCC)sc1/C=C1\C(=O)c2cc(F)c(F)cc2C1=C(C#N)C#N,-5.34,4.5600000000000005
181.89999999999995,0,16,12,90,22,13,338.63600000000054,4805.273609105131,CCOC(=O)c1sc2c(/C=C3\C(=O)c4cc(F)c(F)cc4C3=C(C#N)C#N)sc(-c3cc4c(s3)-c3cc5c(cc3C4(CC)CC)-c3sc(-c4sc(/C=C6\C(=O)c7cc(F)c(F)cc7C6=C(C#N)C#N)c6sc(C(=O)OCC)c(F)c46)cc3C5(CC)CC)c2c1F,-5.58,6.920000000000001
181.89999999999995,0,16,12,88,20,13,338.7200000000006,5001.790052975157,CCOC(=O)c1sc2c(/C=C3\C(=O)c4ccccc4C3=C(C#N)C#N)sc(-c3cc4c(s3)-c3cc5c(cc3C4(CC)CC)-c3sc(-c4sc(/C=C6\C(=O)c7cc(F)c(F)cc7C6=C(C#N)C#N)c6sc(C(=O)OCC)c(F)c46)cc3C5(CC)CC)c2c1F,-5.81,6.460000000000001
181.89999999999995,0,16,12,86,18,13,338.8040000000006,4572.694988077192,CCOC(=O)c1sc2c(/C=C3\C(=O)c4ccccc4C3=C(C#N)C#N)sc(-c3cc4c(s3)-c3cc5c(cc3C4(CC)CC)-c3sc(-c4sc(/C=C6\C(=O)c7ccccc7C6=C(C#N)C#N)c6sc(C(=O)OCC)c(F)c46)cc3C5(CC)CC)c2c1F,-5.61,6.000000000000001
142.73999999999998,0,8,10,66,8,9,261.8339999999995,3084.6537698592974,CCc1ccc(C2(c3ccc(CC)cc3)c3cc4c(cc3-c3sc(C(C#N)=C(C#N)C#N)cc32)C(c2ccc(CC)cc2)(c2ccc(CC)cc2)c2cc(C(C#N)=C(C#N)C#N)sc2-4)cc1,-5.61,3.96
142.73999999999998,0,10,12,76,10,11,308.46000000000055,3749.689454592911,CCc1ccc(C2(c3ccc(CC)cc3)c3cc4c(cc3-c3sc(-c5ccc(C(C#N)=C(C#N)C#N)s5)cc32)C(c2ccc(CC)cc2)(c2ccc(CC)cc2)c2cc(-c3ccc(C(C#N)=C(C#N)C#N)s3)sc2-4)cc1,-5.79,3.96
95.16,0,6,10,62,6,9,252.72199999999938,2784.9764582353528,CCc1ccc(C2(c3ccc(CC)cc3)c3cc4c(cc3-c3sc(C=C(C#N)C#N)cc32)C(c2ccc(CC)cc2)(c2ccc(CC)cc2)c2cc(C=C(C#N)C#N)sc2-4)cc1,-5.55,2.64
147.75999999999996,0,12,29,90,16,9,357.5400000000009,3979.267247725707,CCCCC(CC)COc1cc(C=C2C(=O)c3cc(F)c(F)cc3C2=C(C#N)C#N)sc1-c1cc2c(s1)-c1sc(-c3sc(C=C4C(=O)c5cc(F)c(F)cc5C4=C(C#N)C#N)cc3OC(CC)CCCC)cc1C2(CC(CC)CCCC)CC(CC)CCCC,-5.44,4.5600000000000005
138.52999999999997,0,11,29,90,15,9,360.3180000000009,3974.8505074928944,CCCCC(CC)COc1cc(C=C2C(=O)c3cc(F)c(F)cc3C2=C(C#N)C#N)sc1-c1cc2c(s1)-c1sc(-c3sc(C=C4C(=O)c5cc(F)c(F)cc5C4=C(C#N)C#N)cc3CC(CC)CCCC)cc1C2(CC(CC)CCCC)CC(CC)CCCC,-5.44,4.5600000000000005
129.29999999999998,0,10,29,90,14,9,363.144000000001,3969.9243057605368,CCCCC(CC)CCc1cc(C=C2C(=O)c3cc(F)c(F)cc3C2=C(C#N)C#N)sc1-c1cc2c(s1)-c1sc(-c3sc(C=C4C(=O)c5cc(F)c(F)cc5C4=C(C#N)C#N)cc3CC(CC)CCCC)cc1C2(CC(CC)CCCC)CC(CC)CCCC,-5.46,4.5600000000000005
147.75999999999996,0,12,12,78,16,11,298.3790000000005,3863.9921045332276,CCOc1cc(/C=C2\C(=O)c3cc(F)c(F)cc3C2=C(C#N)C#N)sc1-c1cc2c(s1)-c1cc3c(cc1C2(CC)CC)-c1sc(-c2sc(/C=C4\C(=O)c5cc(F)c(F)cc5C4=C(C#N)C#N)cc2OCC)cc1C3(CC)CC,-5.5,4.5600000000000005
138.52999999999997,0,11,11,77,15,11,296.5880000000004,4106.280601338473,CCOc1cc(/C=C2\C(=O)c3cc(F)c(F)cc3C2=C(C#N)C#N)sc1-c1cc2c(s1)-c1cc3c(cc1C2(CC)CC)-c1sc(-c2sc(/C=C4\C(=O)c5cc(F)c(F)cc5C4=C(C#N)C#N)cc2CC)cc1C3(CC)CC,-5.15,4.5600000000000005
138.52999999999997,0,11,15,101,15,15,395.1120000000011,5581.05433983378,CCOc1cc(/C=C2\C(=O)c3cc(F)c(F)cc3C2=C(C#N)C#N)sc1-c1cc2c(s1)-c1cc3c(cc1C2(c1ccc(CC)cc1)c1ccc(CC)cc1)-c1sc(-c2sc(/C=C4\C(=O)c5cc(F)c(F)cc5C4=C(C#N)C#N)cc2CC)cc1C3(c1ccc(CC)cc1)c1ccc(CC)cc1,-5.3,4.5600000000000005
129.29999999999998,0,10,12,92,10,15,374.73300000000074,4816.615989225378,CCc1ccc(C2(c3ccc(CC)cc3)c3cc4c(cc3-c3sc(-c5ccc(/C=C6\C(=O)c7ccccc7C6=C(C#N)C#N)s5)cc32)C(c2ccc(CC)cc2)(c2ccc(CC)cc2)c2cc(-c3ccc(/C=C5\C(=O)c6ccccc6C5=C(C#N)C#N)s3)sc2-4)cc1,-5.56,3.64
164.94,0,13,10,79,19,12,310.22600000000057,4586.75178981064,CCc1c(/C=C/C=C\C=C2/C(=O)c3cc(F)c(F)cc3C2=C(C#N)C#N)sc2c1sc1c3c4nsnc4c4c5sc6c(CC)c(/C=C/C=C/C=C7\C(=O)c8cc(F)c(F)cc8C7=C(C#N)C#N)sc6c5n(CC)c4c3n(CC)c21,-5.28,4.5600000000000005
164.94,0,13,9,77,19,12,301.0860000000005,4797.969137273815,CCc1c(/C=C/C=C2\C(=O)c3cc(F)c(F)cc3C2=C(C#N)C#N)sc2c1sc1c3c4nsnc4c4c5sc6c(CC)c(/C=C/C=C/C=C7\C(=O)c8cc(F)c(F)cc8C7=C(C#N)C#N)sc6c5n(CC)c4c3n(CC)c21,-5.51,4.5600000000000005
164.94,0,13,43,108,15,12,462.80300000000136,5224.024008327642,CCCCCCCCCCCc1c(C=CC=C2C(=O)c3ccccc3C2=C(C#N)C#N)sc2c1sc1c3c4nsnc4c4c5sc6c(CCCCCCCCCCC)c(C=CC=C7C(=O)c8ccccc8C7=C(C#N)C#N)sc6c5n(CC(CCCC)CCCCCC)c4c3n(CC(CCCC)CCCCC)c21,-5.62,3.64
81.24000000000001,0,8,14,88,12,13,366.05500000000103,4041.4122511462524,CCc1ccc(C2(c3ccc(CC)cc3)c3cc4c(cc3-c3sc(C5=CC(=C6C(=O)N(CC)C(=S)N(CC)C6=O)CCC5)cc32)C(c2ccc(CC)cc2)(c2ccc(CC)cc2)c2cc(C3C=CC(=C5C(=O)N(CC)C(=S)N(CC)C5=O)CC3)sc2-4)cc1,-5.62,2.0
81.24000000000001,0,10,14,94,14,15,397.53400000000096,4392.926597894463,CCc1ccc(C2(c3ccc(CC)cc3)c3cc4c(cc3-c3sc5cc(C6=CC(=C7C(=O)N(CC)C(=S)N(CC)C7=O)CCC6)sc5c32)C(c2ccc(CC)cc2)(c2ccc(CC)cc2)c2c-4sc3cc(C4=CC(=C5C(=O)N(CC)C(=S)N(CC)C5=O)CCC4)sc23)cc1,-5.62,2.0
129.29999999999998,0,10,26,107,12,15,453.1380000000013,5220.1709272114385,CCCCCCc1ccc(C2(c3ccc(CCCCCC)cc3)Cc3cc4c(cc3-c3sc5cc(C=C6C(=O)c7cc(Br)ccc7C6=C(C#N)C#N)sc5c32)C(c2ccc(CCCCCC)cc2)(c2ccc(CCCCCC)cc2)C2=C4SC3CC(C=C4C(=O)c5cc(Br)ccc5C4=C(C#N)C#N)SC23)cc1,-5.61,4.1000000000000005
129.29999999999998,0,10,26,107,12,15,447.75800000000123,5220.1709272114385,CCCCCCc1ccc(C2(c3ccc(CCCCCC)cc3)Cc3cc4c(cc3-c3sc5cc(C=C6C(=O)c7cc(Cl)ccc7C6=C(C#N)C#N)sc5c32)C(c2ccc(CCCCCC)cc2)(c2ccc(CCCCCC)cc2)C2=C4SC3CC(C=C4C(=O)c5cc(Cl)ccc5C4=C(C#N)C#N)SC23)cc1,-5.65,4.1000000000000005
129.29999999999998,0,10,26,107,12,15,437.6540000000012,5220.1709272114385,CCCCCCc1ccc(C2(c3ccc(CCCCCC)cc3)Cc3cc4c(cc3-c3sc5cc(C=C6C(=O)c7cc(F)ccc7C6=C(C#N)C#N)sc5c32)C(c2ccc(CCCCCC)cc2)(c2ccc(CCCCCC)cc2)C2=C4SC3CC(C=C4C(=O)c5cc(F)ccc5C4=C(C#N)C#N)SC23)cc1,-5.63,4.1000000000000005
129.29999999999998,0,10,26,107,12,15,463.1720000000012,5220.1709272114385,CCCCCCc1ccc(C2(c3ccc(CCCCCC)cc3)Cc3cc4c(cc3-c3sc5cc(C=C6C(=O)c7cc(I)ccc7C6=C(C#N)C#N)sc5c32)C(c2ccc(CCCCCC)cc2)(c2ccc(CCCCCC)cc2)C2=C4SC3CC(C=C4C(=O)c5cc(I)ccc5C4=C(C#N)C#N)SC23)cc1,-5.66,4.1000000000000005
134.23,0,8,11,93,11,15,376.8030000000011,4982.301734850385,CCc1ccc(C2(c3ccc(CC)cc3)c3cc4c5cc6c(cc5n(CC)c4cc3-c3sc(/C=C4\C(=O)c5ccc(Cl)cc5C4=C(C#N)C#N)cc32)-c2sc(/C=C3\C(=O)c4ccc(Cl)cc4C3=C(C#N)C#N)cc2C6(c2ccc(CC)cc2)c2ccc(CC)cc2)cc1,-5.53,4.1000000000000005
164.94,0,15,36,113,21,14,467.75600000000134,5605.870186008987,CCCCCCC(CCCC)Cn1c2c3sc(C=C4C(=O)c5cc(F)c(F)cc5C4=C(C#N)C#N)c(-c4cc(CC(CC)CCCC)cs4)c3sc2c2c3nsnc3c3c4sc5c(-c6cc(CC(CC)CCCC)cs6)c(C=C6C(=O)c7cc(F)c(F)cc7C6=C(C#N)C#N)sc5c4n(CC(CCCC)CCCCCC)c3c21,-5.61,4.5600000000000005
164.94,0,13,26,103,19,14,416.73800000000097,5425.9965200589595,CCCCCCc1cccc(-c2c(C=C3C(=O)c4cc(F)c(F)cc4C3=C(C#N)C#N)sc3c2sc2c4c5nsnc5c5c6sc7c(-c8cccc(CCCCCC)c8)c(C=C8C(=O)c9cc(F)c(F)cc9C8=C(C#N)C#N)sc7c6n(CC(CC)CCCC)c5c4n(CC(CC)CCCC)c32)c1,-5.59,4.5600000000000005
164.94,0,13,26,106,19,14,436.93100000000123,5392.3651133173635,C.C.C.CCCCCCc1ccc(-c2c(C=C3C(=O)c4cc(F)c(F)cc4C3=C(C#N)C#N)sc3c2sc2c4c5nsnc5c5c6sc7c(-c8ccc(CCCCCC)cc8)c(C=C8C(=O)c9cc(F)c(F)cc9C8=C(C#N)C#N)sc7c6n(CC(CC)CCCC)c5c4n(CC(CC)CCCC)c32)cc1,-5.77,4.5600000000000005
164.94,0,13,8,83,19,14,324.5380000000005,5007.4239887286985,CCc1ccccc1-c1c(/C=C2\C(=O)c3cc(F)c(F)cc3C2=C(C#N)C#N)sc2c1sc1c3c4nsnc4c4c5sc6c(-c7ccccc7CC)c(/C=C7\C(=O)c8cc(F)c(F)cc8C7=C(C#N)C#N)sc6c5n(CC)c4c3n(CC)c21,-5.75,4.5600000000000005
164.94,0,15,28,105,21,14,430.820000000001,5452.558971723269,CCCCC(CC)Cc1csc(-c2c(C=C3C(=O)c4cc(F)c(F)cc4C3=C(C#N)C#N)sc3c2sc2c4c5nsnc5c5c6sc7c(-c8cc(CC(CC)CCCC)cs8)c(C=C8C(=O)c9cc(F)c(F)cc9C8=C(C#N)C#N)sc7c6n(CC(CC)CCCC)c5c4n(CC(CC)CCCC)c32)c1,-5.58,4.5600000000000005
164.94,0,15,36,111,19,14,467.84000000000134,5485.701627993135,CCCCCCC(CCCC)Cn1c2c3sc(C=C4C(=O)c5ccc(F)cc5C4=C(C#N)C#N)c(-c4ccc(CC(CC)CCCC)s4)c3sc2c2c3nsnc3c3c4sc5c(-c6ccc(CC(CC)CCCC)s6)c(C=C6C(=O)c7ccc(F)cc7C6=C(C#N)C#N)sc5c4n(CC(CCCC)CCCCCC)c3c21,-5.71,4.1000000000000005
164.94,0,13,36,113,17,14,472.0860000000013,5573.066656875928,CCCCCCC(CCCC)Cn1c2c3sc(C=C4C(=O)c5ccc(F)cc5C4=C(C#N)C#N)c(-c4cccc(CC(CC)CCCC)c4)c3sc2c2c3nsnc3c3c4sc5c(-c6cccc(CC(CC)CCCC)c6)c(C=C6C(=O)c7ccc(F)cc7C6=C(C#N)C#N)sc5c4n(CC(CCCC)CCCCCC)c3c21,-5.66,4.1000000000000005
164.94,0,13,36,115,19,14,472.0020000000013,5693.537460058569,CCCCCCC(CCCC)Cn1c2c3sc(C=C4C(=O)c5cc(F)c(F)cc5C4=C(C#N)C#N)c(-c4cccc(CC(CC)CCCC)c4)c3sc2c2c3nsnc3c3c4sc5c(-c6cccc(CC(CC)CCCC)c6)c(C=C6C(=O)c7cc(F)c(F)cc7C6=C(C#N)C#N)sc5c4n(CC(CCCC)CCCCCC)c3c21,-5.69,4.5600000000000005
