outcome,IV_coef,DML_coef,direction_agree
homo_ev,-0.0603215552465542,-0.01201265,TRUE
lumo_ev,-0.0773959279975747,-0.02480654,TRUE
