split_type,r2_homo,gap
random,0.5325742846063748,0.0
scaffold,0.48288394591429495,0.04969033869207984
