canonical_SMILES,homo_ev,ewg_weighted,mol_weight,n_arom_rings,conj_length,logp,CATE,CATE_se,source_db
CCCCCCc1ccc(C2(c3ccc(CCCCCC)cc3)Cc3cc4c(cc3-c3sc5cc(C=C6C(=O)c7ccccc7C6=C(C#N)C#N)sc5c32)C(c2ccc(CCCCCC)cc2)(c2ccc(CCCCCC)cc2)C2=C4SC3CC(C=C4C(=O)c5ccccc5C4=C(C#N)C#N)SC23)cc1,-5.69,3.64,1446.043,9,26,24.76442,-0.0278650867154122,0.0111443125702627,your_data
CCCCCCCCCCCc1c(C=C2C(=O)c3cc(F)c(F)cc3C2=C(C#N)C#N)sc2c3c(sc12)-c1c(c2c(c4nsnc14)c1sc4c(CCCCCCCCCCC)c(C=C5C(=O)c6cc(CF)c(F)cc6C5=C(C#N)C#N)sc4c1n2CC(CC)CCCC)CN3CC(CC)CCCC,-5.7,4.56,1480.025,9,35,25.9661200000001,-0.0244909707162923,0.0112795387409467,your_data
CCc1c(/C=C2\C(=O)c3cc(Cl)c(F)cc3C2=C(C#N)C#N)sc2c1sc1c3c4nsnc4c4c5sc6c(CC)c(/C=C7\C(=O)c8cc(Cl)c(F)cc8C7=C(C#N)C#N)sc6c5n(CC)c4c3n(CC)c21,-5.74,4.56,1064.071,10,6,15.37042,-0.0118902640763901,0.0212798866605722,your_data
CCc1c(/C=C2\C(=O)c3cc(F)c(F)cc3C2=C(C#N)C#N)sc2c1sc1c3c4nsnc4c4c5sc6c(CC)c(/C=C7\C(=O)c8cc(Cl)c(Cl)cc8C7=C(C#N)C#N)sc6c5n(CC)c4c3n(CC)c21,-5.7,4.56,1064.071,10,6,15.37042,-0.0118163247074222,0.0211762786487381,your_data
CCCCC(CC)Cc1cc(-c2cc(CC(CC)CCCC)c(-c3sc(-c4cc(CC(CC)CCCC)c(C=C5C(=O)c6cc(F)c(F)cc6C5=C(C#N)C#N)s4)cc3CC(CC)CCCC)s2)sc1C=C1C(=O)c2cc(F)c(F)cc2C1=C(C#N)C#N,-5.86,4.56,1259.724,6,29,22.68692,-0.0250848767392533,0.00748149823511455,your_data
CCCCCCC(CCCC)Cc1c(C=C2C(=O)c3cc(F)c(F)cc3C2=C(C#N)C#N)sc2c1sc1c3c4nsnc4c4c5sc6c(CC(CCCC)CCCCCC)c(C=C7C(=O)c8cc(F)c(F)cc8C7=C(C#N)C#N)sc6c5n(CC(CC)CCCC)c4c3n(CC(CC)CCCC)c21,-5.67,4.56,1480.025,10,34,26.2486200000001,-0.0211278452223351,0.00721111216963872,your_data
CCCCCCCCCCCCC(CCCCCCCCCC)Cn1c2c3sc(C=C4C(=O)c5cc(F)c(F)cc5C4=C(C#N)C#N)c(CCCCCC)c3sc2c2c3nsnc3c3c4sc5c(CCCCCC)c(/C=C6\C(=O)c7cc(F)c(F)cc7C6C(C#N)C#N)sc5c4n(CCCCCCCCCCC)c3c21,-5.74,4.56,1580.23,10,45,29.3578200000001,-0.0249162635626851,0.00880981657457374,your_data
CCCCCCCCCCCCC(CCCCCCCCCC)Cn1c2c3sc(C=C4C(=O)c5cc(F)c(F)cc5C4=C(C#N)C#N)c(CCCCCC)c3sc2c2c3nsnc3c3c4sc5c(CCCCCC)c(/C=C6\C(=O)c7cc(F)c(F)cc7C6C(C#N)C#N)sc5c4n(CC(CCCCCCCCCC)CCCCCCCCCCCC)c3c21,-5.71,4.56,1762.581,10,57,34.2850200000001,-0.014257277650766,0.00760627280729833,your_data
CCCCC(CC)CSc1cc(C=C2C(=O)c3cc(F)c(F)cc3C2=C(C#N)C#N)sc1-c1cc2sc3c(c2s1)C(CCCCCCc1ccccc1)(CCCCCCc1ccccc1)c1cc2c(cc1-3)C(CCCCCCc1ccccc1)(CCCCCCc1ccccc1)c1c-2sc2cc(C=C3C(=O)c4cc(F)c(F)cc4C3=C(C#N)C#N)sc12,-5.46,4.56,1726.354,12,38,31.2995200000001,-0.0229697680918528,0.00663072945226889,your_data
CCCCCCC(CCCC)Cc1c(C=C2C(=O)c3c(csc3Cl)C2=C(C#N)C#N)sc2c1sc1c3c4nsnc4c4c5sc6c(CC(CCCC)CCCCCC)c(C=C7C(=O)c8c(csc8Cl)C7=C(C#N)C#N)sc6c5n(CC(CC)CCCC)c4c3n(CC(CC)CCCC)c21,-5.68,4.1,1489.013,10,34,27.1220200000001,-0.0206184957290822,0.0100318917539178,your_data
CCCCCCCCCc1c(C=C2C(=O)c3cc(Cl)c(Cl)cc3C2=C(C#N)C#N)sc2c1sc1c3c4nsnc4c4c5sc6c(CCCCCCCCC)c(C=C7C(=O)c8cc(Cl)c(Cl)cc8C7=C(C#N)C#N)sc6c5n(CC(CCCC)CCCCCC)c4c3n(CC(CCCC)CCCCCC)c21,-5.7,4.56,1573.899,10,38,29.3742200000001,-0.0227104814600731,0.0135496691311221,your_data
CCCCCCCCCCCc1c(C=C2C(=O)c3cc(F)c(F)cc3C2=C(C#N)C#N)sc2c1sc1c3c4nsnc4c4c5sc6c(CCCCCCCCCCC)c(C=C7C(=O)c8cc(F)c(F)cc8C7=C(C#N)C#N)sc6c5n(CC(CC)CCCC)c4c3n(CC(CC)CCCC)c21,-5.72,4.56,1451.971,10,34,25.7566200000001,-0.0225409601392238,0.0106830017255557,your_data
CCCCCCC(CCCC)Cc1c(C=C2C(=O)c3cc(F)c(F)cc3C2=C(C#N)C#N)sc2c1sc1c3c4nc5cc(F)c(F)cc5nc4c4c5sc6c(CC(CCC)CCCCCC)c(/C=C7\C(=O)C8C=C(F)C(F)=CC8C7=C(C#N)C#N)sc6c5n(CC(CCCC)CCCCCC)c4c3n(CC(CCCC)CCCCCC)c21,-5.67,5.02,1660.241,10,41,30.2530200000001,-0.0258463367267772,0.0118201408779381,your_data
CCCCCCCCCCCCOc1c(C=C2C(=O)c3cc(F)c(F)cc3C2=C(C#N)C#N)sc2c1sc1c3c4nsnc4c4c5sc6c(c5n(CC(CC)CCCC)c4c3n(CC(CC)CCCC)c21)SC(C=C1C(=O)c2cc(F)c(F)cc2C1=C(C#N)C#N)C6OCCCCCCCCCCC,-5.74,4.56,1500.012,9,37,25.3008200000001,-0.0268331570002219,0.012583500985569,your_data
CCCCCCCCc1c(C=C2C(=O)c3cc(F)c(F)cc3C2=C(C#N)C#N)sc2cc(-c3sc4c(N(c5ccc(CCCC)cc5)c5ccc(CCCCC)cc5)c(-c5cc6sc(C=C7C(=O)c8cc(F)c(F)cc8C7=C(C#N)C#N)c(CCCCCCCC)c6s5)sc4c3N(c3ccc(CCCC)cc3)c3ccc(CCCC)cc3)sc12,-5.55,4.56,1694.313,12,37,32.0730200000001,-0.0233386977394968,0.00582549655269506,your_data
CCCCCCCCCc1c(C=C2C(=O)c3cc(F)c(F)cc3C2=C(C#N)C#N)sc2c1sc1c3c4nsnc4c4c5sc6c(CCCCCCCCC)c(C=C7C(=O)c8cc(F)c(F)cc8C7=C(C#N)C#N)sc6c5n(CC(CCCC)CCCCCC)c4c3n(CC(CCCC)CCCCCC)c21,-5.65,4.56,1508.079,10,38,27.3170200000001,-0.0223877401730027,0.00896872509158733,your_data
CCCCCCCCCCCCC(CCCCCCCCCC)Cn1c2c3sc(C=C4C(=O)c5cc(F)c(F)cc5C4=C(C#N)C#N)c(CCCCCCCCCCC)c3sc2c2c3nsnc3c3c4sc5c(CCCCCCCCCCC)c(/C=C6\C(=O)c7cc(F)c(F)cc7C6C(C#N)C#N)sc5c4n(CCCCCCCCCCC)c3c21,-5.79,4.56,1720.5,10,55,33.2588200000001,-0.0187144675978051,0.00870002690634152,your_data
CCCCCCCCCCCCC(CCCCCCCCCC)Cn1c2c3sc(C=C4C(=O)c5cc(F)c(F)cc5C4=C(C#N)C#N)c(CCCCCCCCCCC)c3sc2c2c3nsnc3c3c4sc5c(CCCCCCCCCCC)c(/C=C6\C(=O)c7cc(F)c(F)cc7C6C(C#N)C#N)sc5c4n(CC(CCCCCCCCCC)CCCCCCCCCCCC)c3c21,-5.78,4.56,1902.851,10,67,38.18602,-0.0115421860670759,0.00792200436785654,your_data
CCCCCCCCCc1c(/C=C2\C(=O)C3C=C(F)C(F)=CC3C2=C(C#N)C#N)sc2c1sc1c3c4nc5cc(F)c(F)cc5nc4c4c5sc6c(CC(CCCC)CCCCCC)c(C=C7C(=O)c8cc(F)c(F)cc8C7=C(C#N)C#N)sc6c5n(CC(CCCC)CCCCCC)c4c3n(CC(CCCC)CCCCCC)c21,-5.37,5.02,1632.187,10,40,29.6169200000001,-0.0257000043407512,0.0119084524980713,your_data
CCCCCCCCc1ccc(-c2c(C=C3C(=O)c4cc(F)c(F)cc4C3=C(C#N)C#N)sc3c2sc2c4c5nsnc5c5c6sc7c(-c8ccc(CCCCCCCC)s8)c(C=C8C(=O)c9cc(F)c(F)cc9C8=C(C#N)C#N)sc7c6n(CC(CC)CCCC)c5c4n(CC(CC)CCCC)c32)s1,-5.6,4.56,1532.063,12,30,26.8730200000001,-0.0292878241281772,0.00947460544300191,your_data
CCCCCCCCCCCCC(CCCCCCCCCC)Cn1c2c3sc(C=C4C(=O)c5cc(F)c(F)cc5C4=C(C#N)C#N)c(CCCCCCCCCCC)c3sc2c2c3nsnc3c3c4sc5c(CCCCCCCCCCC)c(C=C6C(=O)c7cc(F)c(F)cc7C6=C(C#N)C#N)sc5c4n(CCCCCCCCn4nc5cc(F)c(F)cc5n4)c3c21,-5.76,5.02,1829.494,12,53,32.8455200000001,-0.0173963031923375,0.00778002887868817,your_data
CCCCCCCCCCCCC(CCCCCCCCCC)Cn1c2c3sc(C=C4C(=O)c5cc(F)c(F)cc5C4=C(C#N)C#N)c(CCCCCCCCCCC)c3sc2c2c3nsnc3c3c4sc5c(CCCCCCCCCCC)c(C=C6C(=O)c7cc(F)c(F)cc7C6=C(C#N)C#N)sc5c4n(CCCCCCCCCl)c3c21,-5.78,4.79,1710.848,10,52,32.3612200000001,-0.0213479631345682,0.00955949978778328,your_data
CCCCCCCCCCCc1c(C=C2C(=O)c3cc(F)c(F)cc3C2=C(C#N)C#N)sc2c1sc1c3c4nsnc4c4c5sc6c(CCCCCCCCCCC)c(/C=C7\C(=O)c8cc(F)c(F)cc8C7C(C#N)C#N)sc6c5n(CC(CCCC)CCCCCC)c4c3n(CC(CCCC)CCCCCC)c21,-5.68,4.56,1566.203,10,43,28.8236200000001,-0.0264118516125702,0.0127540994432451,your_data
CCCCCCCCCCCCC(CCCCCCCCCC)Cn1c2c3sc(C=C4C(=O)c5cc(F)c(F)cc5C4=C(C#N)C#N)c(CCCCCCCCCCC)c3sc2c2c3nsnc3c3c4sc5c(CCCCCCCCCCC)c(C=C6C(=O)c7cc(F)c(F)cc7C6=C(C#N)C#N)sc5c4n(CCCCCCCC)c3c21,-5.8,4.56,1676.403,10,51,32.1423200000001,-0.0215116551060894,0.0100243312915113,your_data
CCCCCCc1ccc(C2(c3ccc(CCCCCC)cc3)c3cc4c(cc3-c3sc5cc(C=C6C(=O)c7cc(F)c(F)cc7C6=C(C#N)C#N)sc5c32)C(c2ccc(CCCCCC)cc2)(c2ccc(CCCCCC)cc2)c2c-4sc3cc(C=C4C(=O)c5cc(F)c(F)cc5C4=C(C#N)C#N)sc23)cc1,-5.74,4.56,1499.944,11,26,26.1741200000001,-0.0247498132478703,0.0119312944211593,your_data
CCCCCCC(CCCC)c1c(C=C2C(=O)c3cc(F)c(F)cc3C2=C(C#N)C#N)sc2c1sc1c3c4nc5cc(F)c(F)cc5nc4c4c5sc6c(c5n(CC(CC)CCCC)c4c3n(CC(CC)CCCC)c21)SC(C=C1C(=O)c2cc(F)c(F)cc2C1=C(C#N)C#N)C6C(CCCC)CCCCCC,-5.62,5.02,1533.998,10,32,26.8871200000001,-0.0280285815600524,0.0108196353799401,your_data
CCCCCCCCC(CCCC)Cc1c(C=C2C(=O)c3cc(F)c(F)cc3C2=C(C#N)C#N)sc2c1sc1c3c4nc5cc(F)c(F)cc5nc4c4c5sc6c(C(CCCC)CCCCCCCC)c(C=C7C(=O)c8cc(F)c(F)cc8C7=C(C#N)C#N)sc6c5n(CC(CC)CCCC)c4c3n(CC(CC)CCCC)c21,-5.65,5.02,1602.117,11,37,29.1038200000001,-0.0203247755325591,0.0089066157631091,your_data
CCCCCCCCC(CCCC)Cc1c(C=C2C(=O)c3cc(F)c(F)cc3C2=C(C#N)C#N)sc2c1sc1c3c4nc5ccccc5nc4c4c5sc6c(C(CCCC)CCCCCCCC)c(C=C7C(=O)c8cc(F)c(F)cc8C7=C(C#N)C#N)sc6c5n(CC(CC)CCCC)c4c3n(CC(CC)CCCC)c21,-5.57,4.56,1566.137,11,37,28.8256200000001,-0.0194132471506688,0.0128254081715581,your_data
CCCCCCCCC(CCCC)Cc1c(C=C2C(=O)c3cc(F)c(F)cc3C2=C(C#N)C#N)sc2c1sc1c3c4nc5c(F)c(F)c(F)c(F)c5nc4c4c5sc6c(C(CCCC)CCCCCCCC)c(C=C7C(=O)c8cc(F)c(F)cc8C7=C(C#N)C#N)sc6c5n(CC(CC)CCCC)c4c3n(CC(CC)CCCC)c21,-5.72,5.48,1638.097,11,37,29.3820200000001,-0.02215268856765,0.0104096542804179,your_data
CCCCCCCCCCCc1c(C=C2C(=O)c3cc(F)c(F)cc3C2=C(C#N)C#N)sc2c1sc1c3c4nsnc4c4c5sc6c(CCCCCCCCCCC)c(C=C7C(=O)c8cc(F)c(F)cc8C7=C(C#N)C#N)sc6c5n(CCC(CC)CCCC)c4c3n(CCC(CC)CCCC)c21,-5.7,4.56,1480.025,10,36,26.5368200000001,-0.0201175245872727,0.00770142155084852,your_data
CCCCCCCCCc1c(C=C2C(=O)c3cc(F)c(F)cc3C2=C(C#N)C#N)sc2c1sc1c3c4nsnc4c4c5sc6c(CCCCCCCCC)c(C=C7C(=O)c8cc(F)c(F)cc8C7=C(C#N)C#N)sc6c5n(CCC(CCCC)CCCCCC)c4c3n(CCC(CCCC)CCCCC)c21,-5.7,4.56,1522.106,10,39,27.7071200000001,-0.0249903275515806,0.01249895262767,your_data
CCCCCCCCCc1c(C=C2C(=O)c3cc(Cl)c(Cl)cc3C2=C(C#N)C#N)sc2c1sc1c3c4c(C#N)sc(C#N)c4c4c5sc6c(CCCCCCCCC)c(C=C7C(=O)c8cc(Cl)c(Cl)cc8C7=C(C#N)C#N)sc6c5n(CC(CCCC)CCCCCC)c4c3n(CC(CCCC)CCCCCC)c21,-5.74,5.88,1621.943,10,38,30.3275800000001,-0.0233016438787793,0.0105867564316482,your_data
CCCCCCCCCc1c(C=C2C(=O)c3cc(Cl)c(Cl)cc3C2=C(C#N)C#N)sc2c1sc1c3c4c(C#N)c5ccccc5c(C#N)c4c4c5sc6c(CCCCCCCCC)c(C=C7C(=O)c8cc(Cl)c(Cl)cc8C7=C(C#N)C#N)sc6c5n(CC(CCCC)CCCCCC)c4c3n(CC(CCCC)CCCCCC)c21,-5.69,5.88,1665.974,11,38,31.4192800000001,-0.0215215847796225,0.00853111304943781,your_data
CCCCCCC(CCCC)Cc1csc(-c2cc3c4nsnc4c4cc(-c5cc(CC(CCCC)CCCCCC)c(-c6cc7c(-c8cc(F)c(CC(CC)CCCC)s8)c8sccc8c(-c8cc(F)c(CC(CC)CCCC)[nH]8)c7s6)s5)sc4c3s2)c1,-5.74,0.46,1345.149,11,37,28.8323000000001,-0.0134860691941042,0.0100331923029931,your_data
CCCCC(CC)Cc1cccc(-c2c(C=C3C(=O)c4cc(F)c(F)cc4C3=C(C#N)C#N)sc3c2sc2c4c5nsnc5c5c6sc7c(-c8cccc(CC(CC)CCCC)c8)c(C=C8C(=O)c9cc(F)c(F)cc9C8=C(C#N)C#N)sc7c6n(CC(CC)CCCC)c5c4n(CC(CC)CCCC)c32)c1,-5.57,4.56,1520.005,12,28,26.4618200000001,-0.0307076214273896,0.010710930146823,your_data
CCCCCCC(CCCC)CCc1c(C=C2C(=O)c3cc(F)c(F)cc3C2=C(C#N)C#N)sc2c1sc1c3c4nsnc4c4c5sc6c(CCC(CCCC)CCCCCC)c(C=C7C(=O)c8cc(F)c(F)cc8C7=C(C#N)C#N)sc6c5n(CC(CC)CCCC)c4c3n(CC(CC)CCCC)c21,-5.74,4.56,1508.079,10,36,27.0288200000001,-0.0227031712651873,0.0106826057129993,your_data
CCCCC(CC)Cc1csc(-c2c(C=C3C(=O)c4cc(F)c(F)cc4C3=C(C#N)C#N)sc3c2sc2c4c5nsnc5c5c6sc7c(-c8cc(CC(CC)CCCC)cs8)c(C=C8C(=O)c9cc(F)c(F)cc9C8=C(C#N)C#N)sc7c6n(CC(CCC)CCCC)c5c4n(CC(CC)CCCC)c32)c1,-5.69,4.56,1546.09,12,29,26.9749200000001,-0.0305163890395112,0.0109474958490341,your_data
CCCCCCCCc1ccc(-c2c(C=C3C(=O)c4cc(F)c(F)cc4C3=C(C#N)C#N)sc3c2sc2c4c5nsnc5c5c6sc7c(-c8ccc(CCCCCCCC)s8)c(C=C8C(=O)c9cc(F)c(F)cc9C8=C(C#N)C#N)sc7c6n(CC(CCC)CCCC)c5c4n(CC(CC)CCCC)c32)s1,-5.69,4.56,1546.09,12,31,27.2631200000001,-0.0284951971319767,0.011793663979348,your_data
CCCCC(CC)Cc1ccc(-c2c(C=C3C(=O)c4cc(F)c(F)cc4C3=C(C#N)C#N)sc3c2sc2c4c5nsnc5c5c6sc7c(-c8ccc(CC(CC)CCCC)s8)c(C=C8C(=O)c9cc(F)c(F)cc9C8=C(C#N)C#N)sc7c6n(CC(CCC)CCCC)c5c4n(CC(CC)CCCC)c32)s1,-5.71,4.56,1546.09,12,29,26.9749200000001,-0.0305553333629105,0.0107799050276428,your_data
CCCCCCCCC1(CCCCCCCC)c2cc3c(cc2-c2cc4c(cc21)-c1sc(C=C2C(=O)c5cc(Cl)c(Cl)cc5C2=C(C#N)C#N)cc1C4(CCCCCCCC)CCCCCCCC)C(CCCCCCCC)(CCCCCCCC)c1cc(C=C2C(=O)c4cc(Cl)c(Cl)cc4C2=C(C#N)C#N)sc1-3,-5.5,4.56,1573.951,6,44,31.8876200000001,-0.0244018894105413,0.0104130037309334,your_data
CCC1(CC)c2cc3c(cc2-c2cc4c(cc21)-c1sc(/C=C2\C(=O)c5ccc(Cl)cc5C2=C(C#N)C#N)cc1C4(CC)CC)C(CC)(CC)c1cc(/C=C2\C(=O)c4ccc(Cl)cc4C2=C(C#N)C#N)sc1-3,-5.46,4.1,1000.089,6,8,16.53722,-0.00736181598496401,0.0135261768787302,your_data
CCC1(CC)c2cc3c(cc2-c2cc4c(cc21)-c1sc(/C=C2\C(=O)c5ccccc5C2=C(C#N)C#N)cc1C4(CC)CC)C(CC)(CC)c1cc(/C=C2\C(=O)c4ccccc4C2=C(C#N)C#N)sc1-3,-5.43,3.64,931.198999999999,6,8,15.23042,0.00606125827190114,0.0195054390327147,your_data
CCC1(CC)c2cc3c(cc2-c2sc(/C=C4\C(=O)c5ccc(F)cc5C4=C(C#N)C#N)cc21)C(CC)(CC)c1cc(/C=C2\C(=O)c4ccc(F)cc4C2=C(C#N)C#N)sc1-3,-5.52,4.1,822.962,5,6,12.42212,0.0254318903616343,0.0318691684357569,your_data
CCC1(CC)c2cc3c(cc2-c2sc(/C=C4\C(=O)c5ccccc5C4=C(C#N)C#N)cc21)C(CC)(CC)c1cc(/C=C2\C(=O)c4ccccc4C2=C(C#N)C#N)sc1-3,-5.51,3.64,786.982,5,6,12.14392,0.02560689553878,0.0317950895857603,your_data
CCC1(CC)c2cc3c(cc2-c2sc(/C=C4\C(=O)c5ccc(C)cc5C4=C(C#N)C#N)cc21)C(CC)(CC)c1cc(/C=C2\C(=O)c4ccc(C)cc4C2=C(C#N)C#N)sc1-3,-5.51,3.64,815.036,5,6,12.76076,0.0250299204730567,0.031974557991116,your_data
CCCCCCc1ccc(C2(c3ccc(CCCCCC)s3)Cc3cc4c(cc3-c3sc5cc(C=C6C(=O)c7cc(F)ccc7C6=C(C#N)C#N)sc5c32)C(c2ccc(CCCCCC)s2)(c2ccc(CCCCCC)s2)C2=C4SC3CC(C=C4C(=O)c5cc(F)ccc5C4=C(C#N)C#N)SC23)s1,-5.74,4.1,1506.139,9,26,25.2886200000001,-0.0298883375449745,0.0120315832381577,your_data
CCCCCCc1ccc(C2(c3ccc(CCCCCC)s3)Cc3cc4c(cc3-c3sc5cc(C=C6C(=O)c7ccccc7C6=C(C#N)C#N)sc5c32)C(c2ccc(CCCCCC)s2)(c2ccc(CCCCCC)s2)C2=C4SC3CC(C=C4C(=O)c5ccccc5C4=C(C#N)C#N)SC23)s1,-5.66,3.64,1470.159,9,26,25.0104200000001,-0.0272367178788778,0.0110800187409148,your_data
CCc1ccc(C2(c3ccc(CC)cc3)c3cc(/C=C4\C(=O)c5ccccc5C4=C(C#N)C#N)sc3-c3sc4cc5c6c(sc5cc4c32)-c2sc(/C=C3\C(=O)c4ccccc4C3=C(C#N)C#N)cc2C6(c2ccc(CC)cc2)c2ccc(CC)cc2)cc1,-5.48,3.64,1203.552,11,10,19.37612,-0.0361544982846948,0.0155852982864082,your_data
CCc1ccc(C2(c3ccc(CC)cc3)c3cc(/C=C4\C(=O)c5ccccc5C4=C(C#N)C#N)sc3-c3sc4c(-c5ccc(CC)s5)c5c6c(sc5c(-c5ccc(CC)s5)c4c32)-c2sc(/C=C3\C(=O)c4ccccc4C3=C(C#N)C#N)cc2C6(c2ccc(CC)cc2)c2ccc(CC)cc2)cc1,-5.43,3.64,1423.914,13,14,23.9579200000001,-0.0330809255155379,0.0136097897851805,your_data
CCC1(CC)c2cc(/C=C3\C(=O)c4cc(F)c(F)cc4C3=C(C#N)C#N)sc2-c2c1ccc1c3c(ccc21)C(CC)(CC)c1cc(/C=C2\C(=O)c4cc(F)c(F)cc4C2=C(C#N)C#N)sc1-3,-5.65,4.56,909.002,6,6,13.85352,0.0172839891244542,0.0276310275538527,your_data
CCc1ccc(C2(c3ccc(CC)cc3)c3cc(/C=C4\C(=O)c5cc(F)c(F)cc5C4=C(C#N)C#N)sc3-c3sc4c(c(CC)cc5c4cc(CC)c4c6c(sc45)-c4sc(/C=C5\C(=O)c7cc(F)c(F)cc7C5=C(C#N)C#N)cc4C6(c4ccc(CC)cc4)c4ccc(CC)cc4)c32)cc1,-5.65,4.56,1381.68,12,12,22.21052,-0.0358544037682272,0.011473327579105,your_data
CCCCCCC1(CCCCCC)c2cc3c(cc2-c2sc(C=C4C(=O)c5ccccc5C4=C(C#N)C#N)cc21)C(CCCCCC)(CCCCCC)c1cc(C=C2C(=O)c4ccccc4C2=C(C#N)C#N)sc1-3,-5.7,3.64,1011.414,5,22,18.38552,-0.019715802408609,0.00939741890243898,your_data
CCc1ccc(C2(c3ccc(CC)cc3)c3cc4c(cc3-c3sc(/C=C5\C(=O)c6cc(F)c(F)cc6C5=C(C#N)C#N)cc32)C(c2ccc(CC)cc2)(c2ccc(CC)cc2)c2cc(/C=C3\C(=O)c5cc(F)c(F)cc5C3=C(C#N)C#N)sc2-4)cc1,-5.82,4.56,1163.334,9,10,17.50312,-0.027063854081605,0.011856867770559,your_data
CCc1ccc(C2(c3ccc(CC)cc3)c3cc4c(cc3-c3sc5cc(/C=C6\C(=O)c7cc(F)c(F)cc7C6=C(C#N)C#N)sc5c32)C(c2ccc(CC)cc2)(c2ccc(CC)cc2)c2c-4sc3cc(/C=C4\C(=O)c5cc(F)c(F)cc5C4=C(C#N)C#N)sc23)cc1,-5.74,4.56,1275.512,11,10,19.93252,-0.0395311198973414,0.0164233654431166,your_data
CCc1ccc(C2(c3ccc(CC)cc3)c3cc4c(cc3-c3sc5c(sc6cc(/C=C7\C(=O)c8cc(F)c(F)cc8C7=C(C#N)C#N)sc65)c32)C(c2ccc(CC)cc2)(c2ccc(CC)cc2)c2c-4sc3c2sc2cc(/C=C4\C(=O)c5cc(F)c(F)cc5C4=C(C#N)C#N)sc23)cc1,-5.52,4.56,1387.69,13,10,22.36192,-0.0385146045390297,0.00903903724196016,your_data
CCCCCCCCCCCCCCCCC1(CCCCCCCCCCCCCCCC)c2cc3c(cc2-c2sc(C=C4C(=O)c5ccc(C)cc5C4=C(C#N)C#N)cc21)C(CCCCCCCCCCCCCCCC)(CCCCCCCCCCCCCCCC)c1cc(/C=C2\Cc4ccc(-c5cc6c(s5)-c5sc(C)cc5C6(CC(CC)CCCC)CC(CC)CCCC)cc4C2=C(C#N)C#N)sc1-3,-5.52,3.14,1987.262,7,75,44.2356599999999,-0.0123238122771214,0.0078516935360057,your_data
CCc1ccc(C2(c3ccc(CC)cc3)c3cc4c(cc3-c3sc5c(sc6cc(/C=C7\C(=O)c8cc(F)ccc8C7=C(C#N)C#N)sc65)c32)C(c2ccc(CC)cc2)(c2ccc(CC)cc2)c2c-4sc3c2sc2cc(/C=C4\C(=O)c5cc(F)ccc5C4=C(C#N)C#N)sc23)cc1,-5.52,4.1,1351.71,13,10,22.08372,-0.038749971489979,0.00703463557769064,your_data
CCc1ccc(C2(c3ccc(CC)cc3)c3cc4c(cc3-c3sc5c(sc6cc(/C=C7\C(=O)c8c(F)cccc8C7=C(C#N)C#N)sc65)c32)C(c2ccc(CC)cc2)(c2ccc(CC)cc2)c2c-4sc3c2sc2cc(/C=C4\C(=O)c5c(F)cccc5C4=C(C#N)C#N)sc23)cc1,-5.54,4.1,1351.71,13,10,22.08372,-0.038749971489979,0.00703463557769064,your_data
CCc1ccc(C2(c3ccc(CC)cc3)c3cc4c(cc3-c3sc5c(sc6cc(/C=C7\C(=O)c8ccccc8C7=C(C#N)C#N)sc65)c32)C(c2ccc(CC)cc2)(c2ccc(CC)cc2)c2c-4sc3c2sc2cc(/C=C4\C(=O)c5ccccc5C4=C(C#N)C#N)sc23)cc1,-5.45,3.64,1315.73,13,10,21.80552,-0.0403266126113845,0.00814372416672741,your_data
CCCCCCc1ccc(C2(c3ccc(CCCCCC)s3)Cc3cc4c(cc3-c3sc5cc(C=C6C(=O)c7cc(F)c(F)cc7C6=C(C#N)C#N)sc5c32)C(c2ccc(CCCCCC)s2)(c2ccc(CCCCCC)s2)C2=C4SC3CC(C=C4C(=O)c5cc(F)c(F)cc5C4=C(C#N)C#N)SC23)s1,-5.75,4.56,1542.119,9,26,25.5668200000001,-0.0322112050131401,0.00908495504614631,your_data
CCCCCCc1ccc(C2(c3ccc(CCCCCC)s3)Cc3cc4c(cc3-c3sc5cc(C=C6C(=O)c7ccc(OC)cc7C6=C(C#N)C#N)sc5c32)C(c2ccc(CCCCCC)s2)(c2ccc(CCCCCC)s2)C2=C4SC3CC(C=C4C(=O)c5cc(OC)ccc5C4=C(C#N)C#N)SC23)s1,-5.67,3.64,1530.211,9,28,25.0276200000001,-0.0320662261585859,0.00876998045483084,your_data
CCc1ccc(C2(c3ccc(CC)cc3)Oc3c(sc4c5c(sc34)-c3sc(/C=C4\C(=O)c6cc(F)c(F)cc6C4=C(C#N)C#N)cc3C(c3ccc(CC)cc3)(c3ccc(CC)cc3)O5)-c3sc(/C=C4\C(=O)c5cc(F)c(F)cc5C4=C(C#N)C#N)cc32)cc1,-5.64,4.56,1257.45,10,10,18.75572,-0.0349527737924722,0.0102905644534738,your_data
CCc1ccc(C2(c3ccc(CC)cc3)Oc3c(sc4c5c(sc34)-c3sc(/C=C4\C(=O)c6ccc(F)cc6C4=C(C#N)C#N)cc3C(c3ccc(CC)cc3)(c3ccc(CC)cc3)O5)-c3sc(/C=C4\C(=O)c5ccc(F)cc5C4=C(C#N)C#N)cc32)cc1,-5.6,4.1,1221.47,10,10,18.47752,-0.0333726252954031,0.00991288440166066,your_data
CCc1ccc(C2(c3ccc(CC)cc3)Oc3c(sc4c5c(sc34)-c3sc(/C=C4\C(=O)c6ccccc6C4=C(C#N)C#N)cc3C(c3ccc(CC)cc3)(c3ccc(CC)cc3)O5)-c3sc(/C=C4\C(=O)c5ccccc5C4=C(C#N)C#N)cc32)cc1,-5.57,3.64,1185.49,10,10,18.19932,-0.0316176901683899,0.00945542974704583,your_data
CCSc1cc(C=C2C(=O)c3cc(F)c(F)cc3C2=C(C#N)C#N)sc1-c1cc2c(s1)-c1cc3c(cc1C2(CC)CC)-c1sc(C=C2C(=O)c4cc(F)c(F)cc4C2=C(C#N)C#N)cc1C3(CC)CC,-5.76,4.56,1001.19,6,9,15.54082,-0.00885128598649602,0.0153926840515023,your_data
CCCCCC(CCCC)c1ccc(C2(c3ccc(C(CCCC)CCCCC)cc3)C3=C(c4cc5c(cc42)-c2sc(C=C4C(=O)c6ccc(F)cc6C4=C(C#N)C#N)cc2C5)C(c2ccc(C(CCCC)CCCCC)cc2)(c2ccc(C(CCCC)CCCCC)cc2)c2cc4c(cc23)CC2C=C(C=C3C(=O)c5cc(F)ccc5C3=C(C#N)C#N)SC42)cc1,-5.53,4.1,1704.392,9,38,32.1691200000001,-0.0252436606878818,0.00796556389276447,your_data
CCc1ccc(C2(c3ccc(CC)cc3)c3cc4c(cc3-c3[se]c(/C=C5\C(=O)c6ccccc6C5=C(C#N)C#N)cc32)C(c2ccc(CC)cc2)(c2ccc(CC)cc2)c2c-4sc3c4c(sc23)-c2cc3c(cc2C4(c2ccc(CC)cc2)c2ccc(CC)cc2)-c2[se]c(/C=C4\C(=O)c5ccccc5C4=C(C#N)C#N)cc2C3(c2ccc(CC)cc2)c2ccc(CC)cc2)cc1,-5.41,3.64,1840.104,16,18,27.1897200000001,-0.0277471583496084,0.00858393204859265,your_data
CCCCCCc1ccc(C2(c3ccc(CCCCCC)cc3)c3cc4c(cc3-c3sc(-c5sc(C=C6C(=O)c7cc(Cl)c(Cl)cc7C6=C(C#N)C#N)cc5OCC(CC)CCCC)cc32)C(c2ccc(CCCCCC)cc2)(c2ccc(CCCCCC)cc2)c2cc(-c3sc(C=C5C(=O)c6ccc(Cl)c(Cl)c6C5=C(C#N)C#N)cc3OCC(CC)CCCC)sc2-4)cc1,-5.66,4.56,1874.27,11,42,34.4493200000001,-0.0146517257108843,0.00687940304151919,your_data
CCOc1cc(-c2cc3c(s2)-c2sc(/C=C4\C(=O)c5cc6cc(F)c(F)cc6cc5C4=C(C#N)C#N)cc2C3(CC)CC)c(OCC)cc1-c1cc2c(s1)-c1sc(/C=C3\C(=O)c4cc5cc(F)c(F)cc5cc4C3=C(C#N)C#N)cc1C2(CC)CC,-5.44,4.56,1211.422,9,12,19.26112,-0.0331828726696331,0.00913370541231621,your_data
CCOc1cc(-c2cc3c(s2)-c2sc(/C=C4\C(=O)c5cc6ccc(F)cc6cc5C4=C(C#N)C#N)cc2C3(CC)CC)c(OCC)cc1-c1cc2c(s1)-c1sc(/C=C3\C(=O)c4cc5ccc(F)cc5cc4C3=C(C#N)C#N)cc1C2(CC)CC,-5.39,4.1,1175.442,9,12,18.98292,-0.0313504760886738,0.0111016250895931,your_data
CCOc1cc(-c2cc3c(s2)-c2sc(/C=C4\C(=O)c5cc6ccccc6cc5C4=C(C#N)C#N)cc2C3(CC)CC)c(OCC)cc1-c1cc2c(s1)-c1sc(/C=C3\C(=O)c4cc5ccccc5cc4C3=C(C#N)C#N)cc1C2(CC)CC,-5.35,3.64,1139.462,9,12,18.70472,-0.0292050116169818,0.0114762093513996,your_data
CCCCCCc1ccc(C2(c3ccc(CCCCCC)cc3)c3cc4c(cc3-c3sc(-c5sc(C=C6C(=O)c7cc(F)c(F)cc7C6=C(C#N)C#N)cc5OCC(CC)CCCC)cc32)C(c2ccc(CCCCCC)cc2)(c2ccc(CCCCCC)cc2)c2cc(-c3sc(C=C5C(=O)c6cc(F)c(F)cc6C5=C(C#N)C#N)cc3OCC(CC)CCCC)sc2-4)cc1,-5.44,4.56,1808.45,11,42,32.3921200000001,-0.020992985832413,0.00844556938193627,your_data
CCOc1c(OCC)c(-c2cc3c(s2)-c2sc(/C=C4\C(=O)c5cc(F)c(F)cc5C4=C(C#N)C#N)cc2C3(CC)CC)c2nn(CC)nc2c1-c1cc2c(s1)-c1sc(/C=C3\C(=O)c4cc(F)c(F)cc4C3=C(C#N)C#N)cc1C2(CC)CC,-5.45,4.56,1180.369,8,13,16.71932,-0.0265391409442206,0.0108739117571562,your_data
CCOc1c(OCC)c(-c2cc3c(s2)-c2sc(/C=C4\C(=O)c5cc(F)c(F)cc5C4=C(C#N)C#N)c(CC)c2C3(CC)CC)c2nn(CC)nc2c1-c1cc2c(s1)-c1sc(/C=C3\C(=O)c4cc(F)c(F)cc4C3=C(C#N)C#N)c(CC)c1C2(CC)CC,-5.43,4.56,1236.477,8,15,17.84412,-0.0278872332771068,0.0115591144760858,your_data
CCc1cc(CC)c(-c2cc(-c3cc(-c4c(CC)cc(CC)cc4CC)c(-c4sc(/C=C5\C(=O)c6cc(F)c(F)cc6C5=C(C#N)C#N)cc4CC)s3)sc2-c2sc(/C=C3\C(=O)c4cc(F)c(F)cc4C3=C(C#N)C#N)cc2CC)c(CC)c1,-5.67,4.56,1187.488,8,15,19.48452,-0.0275167976906168,0.00881775199671171,your_data
CCc1ccc(C2(c3ccc(CC)cc3)c3cc4c(cc3-c3sc5cc(-c6ccc(C=C(C#N)C#N)c7nn(CC)nc67)sc5c32)C(c2ccc(CC)cc2)(c2ccc(CC)cc2)c2c-4sc3cc(-c4ccc(C=C(C#N)C#N)c5nn(CC)nc45)sc23)cc1,-5.41,2.64,1237.622,13,14,18.93912,-0.0341618413320619,0.0117756565512339,your_data
CCc1ccc(C2(c3ccc(CC)cc3)c3cc4c(cc3-c3sc(-c5ccc(C=C(C#N)C#N)c6nn(CC)nc56)cc32)C(c2ccc(CC)cc2)(c2ccc(CC)cc2)c2cc(-c3ccc(C=C(C#N)C#N)c5nn(CC)nc35)sc2-4)cc1,-5.56,2.64,1125.444,11,14,16.50972,-0.0258102175921932,0.0118965500169531,your_data
CCc1ccc(C2(c3ccc(CC)cc3)c3cc4c(cc3-c3sc5cc(-c6ccc(/C=C7\SC(=S)N(CC)C7=O)c7nn(CC)nc67)sc5c32)C(c2ccc(CC)cc2)(c2ccc(CC)cc2)c2c-4sc3cc(-c4ccc(/C=C5\SC(=S)N(CC)C5=O)c5nn(CC)nc45)sc23)cc1,-5.29,1,1427.998,13,16,20.5202,-0.0293065142769357,0.00926262296304689,your_data
CCc1ccc(C2(c3ccc(CC)cc3)c3cc4c(cc3-c3sc5cc(-c6ccc(/C=c7\sc(=C(C#N)C#N)n(CC)c7=O)c7nn(CC)nc67)sc5c32)C(c2ccc(CC)cc2)(c2ccc(CC)cc2)c2c-4sc3cc(-c4ccc(/C=c5\sc(=C(C#N)C#N)n(CC)c5=O)c5nn(CC)nc45)sc23)cc1,-5.34,2.64,1491.958,15,16,16.61752,-0.0287354617161437,0.00746678147505833,your_data
CCc1ccc(C2(c3ccc(CC)cc3)c3cc4c(cc3-c3sc(-c5ccc(/C=c6/sc(=C(C#N)C#N)n(CC)c6=O)c6nn(CC)nc56)cc32)C(c2ccc(CC)cc2)(c2ccc(CC)cc2)c2cc(-c3ccc(/C=c5/sc(=C(C#N)C#N)n(CC)c5=O)c5nn(CC)nc35)sc2-4)cc1,-5.49,2.64,1379.78,13,16,14.18812,-0.0262178682000808,0.00608943102209355,your_data
CCc1ccc(C2(c3ccc(CC)cc3)c3cc4c(cc3-c3sc(-c5ccc(/C=C6/SC(=S)N(CC)C6=O)c6nn(CC)nc56)cc32)C(c2ccc(CC)cc2)(c2ccc(CC)cc2)c2cc(-c3ccc(/C=C5/SC(=S)N(CC)C5=O)c5nn(CC)nc35)sc2-4)cc1,-5.46,1,1315.82,11,16,18.0908,-0.026594648004378,0.010031569572569,your_data
CCCCCCCCC1(CCCCCCCC)c2cc3c(cc2-c2sc(-c4c5ccsc5c(C=c5sc(=C(C#N)C#N)n(CC)c5=O)c5nn(CC(CC)CCCC)nc45)cc21)C(CCCCCCCC)(CCCCCCCC)c1cc(-c2c4ccsc4c(C=c4sc(=C(C#N)C#N)n(CC)c4=O)c4nn(CC(CC)CCCC)nc24)sc1-3,-5.41,2.64,1692.538,11,46,25.57012,-0.0271830510935719,0.0126248514834477,your_data
CCc1ccc(C2(c3ccc(CC)cc3)c3cc4c(cc3-c3sc(-c5ccc(/C=c6/sc(=C(C#N)C#N)n(Cc7ccccc7)c6=O)c6nn(CC)nc56)cc32)C(c2ccc(CC)cc2)(c2ccc(CC)cc2)c2cc(-c3ccc(/C=c5/sc(=C(C#N)C#N)n(Cc6ccccc6)c5=O)c5nn(CC)nc35)sc2-4)cc1,-5.55,2.64,1503.922,15,18,16.24492,-0.0284428353646148,0.0063905743215687,your_data
CCc1ccc(C2(c3ccc(CC)cc3)c3cc4c(cc3-c3sc(-c5ccc(/C=c6/sc(=C(C#N)C#N)n(-c7ccccc7)c6=O)c6nn(CC)nc56)cc32)C(c2ccc(CC)cc2)(c2ccc(CC)cc2)c2cc(-c3ccc(/C=c5/sc(=C(C#N)C#N)n(-c6ccccc6)c5=O)c5nn(CC)nc35)sc2-4)cc1,-5.5,2.64,1475.868,15,16,16.12672,-0.0279748310465336,0.00754454649394183,your_data
CCc1c(/C=C2\C(=O)c3ccccc3C2=C(C#N)C#N)sc2c1sc1c3c4nsnc4c4c5sc6c(CC)c(/C=C7\C(=O)c8ccccc8C7=C(C#N)C#N)sc6c5n(CC)c4c3n(CC)c21,-5.55,3.64,959.200999999999,10,6,13.78542,0.0115773576045983,0.0279067672184888,your_data
CCCCCCc1ccc(C2(c3ccc(CCCCCC)cc3)Cc3cc4c(cc3-c3sc5cc(C=C6C(=O)c7ccccc7C6=C(C#N)C#N)sc5c32)C(c2ccc(CCCCCC)cc2)(c2ccc(CCCCCC)cc2)c2c-4sc3cc(C=C4C(=O)c5ccccc5C4=C(C#N)C#N)sc23)cc1,-5.48,3.64,1442.011,11,26,25.8121200000001,-0.0230767845561667,0.0109532419653907,your_data
CCc1ccc(C2(c3ccc(CC)cc3)c3cc4c(cc3-c3sc5cc(/C=C6\C(=O)c7cscc7C6=C(C#N)C#N)sc5c32)C(c2ccc(CC)cc2)(c2ccc(CC)cc2)c2c-4sc3cc(/C=C4\C(=O)c5cscc5C4=C(C#N)C#N)sc23)cc1,-5.62,3.64,1215.61,11,10,19.49912,-0.0367274554065891,0.0151883272802993,your_data
CCc1ccc(C2(c3ccc(CC)cc3)c3cc4c(cc3-c3sc5cc(/C=C6\C(=O)c7c(csc7C)C6=C(C#N)C#N)sc5c32)C(c2ccc(CC)cc2)(c2ccc(CC)cc2)c2c-4sc3cc(/C=C4\C(=O)c5c(csc5C)C4=C(C#N)C#N)sc23)cc1,-5.57,3.64,1243.664,11,10,20.11596,-0.0384451552193624,0.0155395539119358,your_data
CCCCCCc1ccc(C2(c3ccc(CCCCCC)cc3)c3cc(C=C4C(=O)c5ccccc5C4=C(C#N)C#N)sc3-c3sc4cc5c6c(sc5cc4c32)-c2sc(C=C3C(=O)c4ccccc4C3=C(C#N)C#N)cc2C6(c2ccc(CCCCCC)cc2)c2ccc(CCCCCC)cc2)cc1,-5.51,3.64,1427.984,11,26,25.6177200000001,-0.0230099314555475,0.0119571709370808,your_data
CCCCCCc1ccc(C2(c3ccc(CCCCCC)cc3)c3cc4c(cc3-c3sc5cc(C=C6C(=O)c7ccccc7C6=C(C#N)C#N)sc5c32)C(c2ccc(CCCCCC)cc2)(c2ccc(CCCCCC)cc2)c2c-4sc3cc(C=C4C(=O)c5ccccc5C4=C(C#N)C#N)sc23)cc1,-5.55,3.64,1427.984,11,26,25.6177200000001,-0.0230584171570229,0.012432763238107,your_data
CCCCCCC(CCCC)COC(=O)C1(C(=O)OCC(CCCC)CCCCCC)C2=C(c3cc4c(cc31)C1SC(C=C3C(=O)c5cc(F)c(F)cc5C3=C(C#N)C#N)=CC1S4)C(C(=O)OCC(CCCC)CCCCCC)(C(=O)OCC(CCCC)CCCCCC)c1cc3c(cc12)sc1cc(C=C2C(=O)c4cc(F)c(F)cc4C2=C(C#N)C#N)sc13,-5.8,8.36,1760.312,6,46,27.2164200000001,-0.0244105264030489,0.00935114121453076,your_data
CCCCCCC(CCCC)COC(=O)C1(C(=O)OCC(CCCC)CCCCCC)C2=C(c3cc4c(cc31)-c1sc(C=C3C(=O)c5cc(F)c(F)cc5C3=C(C#N)C#N)cc1C4)C(C(=O)OCC(CCCC)CCCCCC)(C(=O)OCC(CCCC)CCCCCC)c1cc3c(cc12)CC1C=C(C=C2C(=O)c4cc(F)c(F)cc4C2=C(C#N)C#N)SC31,-5.65,8.36,1724.232,5,46,26.1177200000001,-0.0249588687067594,0.0115035078128073,your_data
CCCCCCC(CCCC)COC(=O)C1(C(=O)OCC(CCCC)CCCCCC)C2=C(c3cc4c(cc31)C1SC(C=C3C(=O)c5cc(F)c(F)cc5C3=C(C#N)C#N)=CC1N4C)C(C(=O)OCC(CCCC)CCCCCC)(C(=O)OCC(CCCC)CCCCCC)c1cc3c4sc(C=C5C(=O)c6cc(F)c(F)cc6C5=C(C#N)C#N)cc4n(C)c3cc12,-5.6,8.36,1754.262,6,46,25.8375200000001,-0.0243958087095248,0.00979495202436264,your_data
CCc1ccc(C2(c3ccc(CC)cc3)c3cc4c(cc3-c3sc(/C=C5\C(=O)c6cc(F)c(F)cc6C5=C(C#N)C#N)cc32)C(c2ccc(CC)cc2)(c2ccc(CC)cc2)c2c-4sc3c2C(c2ccc(CC)cc2)(c2ccc(CC)cc2)c2c-3sc3cc(/C=C4\C(=O)c5cc(F)c(F)cc5C4=C(C#N)C#N)sc23)cc1,-5.5,4.56,1521.865,13,14,24.2672200000001,-0.0355426528702253,0.0116425481192328,your_data
CCc1ccc(C2(c3ccc(CC)cc3)c3cc4c(cc3-c3sc5c(c32)C(c2ccc(CC)cc2)(c2ccc(CC)cc2)c2cc(/C=C3/C(=O)c6cc(F)c(F)cc6C3=C(C#N)C#N)sc2-5)C(c2ccc(CC)cc2)(c2ccc(CC)cc2)c2c-4sc3cc(/C=C4\C(=O)c5cc(F)c(F)cc5C4=C(C#N)C#N)sc23)cc1,-5.53,4.56,1521.865,13,14,24.2672200000001,-0.0355532561873261,0.0116031605092256,your_data
CCc1ccc(C2(c3ccc(CC)cc3)c3cc4c(cc3-c3sc(/C=C5\C(=O)c6cc(F)c(F)cc6C5=C(C#N)C#N)cc32)C(c2ccc(CC)cc2)(c2ccc(CC)cc2)c2c-4sc3c4c(sc23)-c2sc(/C=C3\C(=O)c5cc(F)c(F)cc5C3=C(C#N)C#N)cc2C4(c2ccc(CC)cc2)c2ccc(CC)cc2)cc1,-5.62,4.56,1521.865,13,14,24.2672200000001,-0.0355426528702253,0.0116425481192328,your_data
CCc1ccc(C2(c3ccc(CC)cc3)c3cc4c(cc3-c3sc5cc(/C=C6\C(=O)c7cc(C)c(F)cc7C6=C(C#N)C#N)sc5c32)C(c2ccc(CC)cc2)(c2ccc(CC)cc2)c2c-4sc3cc(/C=C4\C(=O)c5cc(C)c(F)cc5C4=C(C#N)C#N)sc23)cc1,-5.59,4.1,1267.586,11,10,20.27116,-0.039931325609805,0.0154704050940431,your_data
CCc1ccc(C2(c3ccc(CC)cc3)c3cc4c(cc3-c3sc5cc(/C=C6\C(=O)c7cc(C)c(C)cc7C6=C(C#N)C#N)sc5c32)C(c2ccc(CC)cc2)(c2ccc(CC)cc2)c2c-4sc3cc(/C=C4\C(=O)c5cc(C)c(C)cc5C4=C(C#N)C#N)sc23)cc1,-5.58,3.64,1259.66,11,10,20.6098,-0.0395252743272704,0.0150790169974601,your_data
CCC1(CC)c2cc3c(cc2-c2sc(/C=C4\C(=O)c5cc(F)c(F)cc5C4=C(C#N)C#N)cc21)C(CC)(CC)c1cc(-c2ccc(-c4cc5c(s4)-c4cc6c(cc4C5(CC)CC)-c4sc(/C=C5\C(=O)c7cc(F)c(F)cc7C5=C(C#N)C#N)cc4C6(CC)CC)c4nsnc24)sc1-3,-5.48,4.56,1369.695,10,12,22.33502,-0.0314907375882366,0.00691691087903708,your_data
CCC1(CC)c2cc3c(cc2-c2sc(/C=C4\C(=O)c5cc(F)c(F)cc5C4=C(C#N)C#N)cc21)C(CC)(CC)c1cc(-c2cc4c(s2)-c2cc5c(cc2C4(CC)CC)-c2sc(/C=C4\C(=O)c6cc(F)c(F)cc6C4=C(C#N)C#N)cc2C5(CC)CC)sc1-3,-5.44,4.56,1235.532,8,11,20.66332,-0.032761006503076,0.00688683513964645,your_data
CCC1(CC)c2cc3c(cc2-c2sc(/C=C4\C(=O)c5cc(F)c(F)cc5C4=C(C#N)C#N)cc21)C(CC)(CC)c1cc(-c2cc4sc(-c5cc6c(s5)-c5cc7c(cc5C6(CC)CC)-c5sc(/C=C6\C(=O)c8cc(F)c(F)cc8C6=C(C#N)C#N)cc5C7(CC)CC)cc4s2)sc1-3,-5.43,4.56,1373.748,10,12,23.60652,-0.0313906937620036,0.00682475124644901,your_data
CCc1ccc(C2(c3ccc(CC)cc3)c3cc4c(cc3-c3sc5cc(/C=C6\C(=O)c7cc8ccccc8cc7C6=C(C#N)C#N)sc5c32)C(c2ccc(CC)cc2)(c2ccc(CC)cc2)c2c-4sc3cc(/C=C4\C(=O)c5cc6ccccc6cc5C4=C(C#N)C#N)sc23)cc1,-5.42,3.64,1303.672,13,10,21.68252,-0.0418953931969863,0.00783320354379272,your_data
CCOc1ccc(C2(c3ccc(OCC)cc3)c3cc4c(cc3-c3sc5cc(/C=C6\C(=O)c7cc8ccccc8cc7C6=C(C#N)C#N)sc5c32)C(c2ccc(OCC)cc2)(c2ccc(OCC)cc2)c2c-4sc3cc(/C=C4\C(=O)c5cc6ccccc6cc5C4=C(C#N)C#N)sc23)cc1,-5.41,3.64,1367.668,13,14,21.02772,-0.0321157821277791,0.0111414004461102,your_data
CCCCCC[C@@H](CCCC)Cc1cc(-c2ccc(C=C(C#N)C#N)c3nsnc23)sc1-c1nc2sc(-c3sc(-c4ccc(C=C(C#N)C#N)c5nsnc45)cc3C[C@@H](CCCC)CCCCCC)nc2s1,-5.7,2.64,1063.552,8,26,18.05292,-0.0253643280832297,0.00875400416366092,your_data
CCCCCC[C@@H](CCCC)Cc1cc(-c2ccc(/C=c3\sc(=C(C#N)C#N)n(CC)c3=O)c3nsnc23)sc1-c1nc2sc(-c3sc(-c4ccc(/C=c5\sc(=C(C#N)C#N)n(CC)c5=O)c5nsnc45)cc3C[C@@H](CCCC)CCCCCC)nc2s1,-5.5,2.64,1317.888,10,28,15.73132,-0.0283957720730944,0.00727244583331434,your_data
CCc1c(C=C2C(=O)c3cc(F)c(F)cc3C2=C(C#N)C#N)sc2c1sc1c3c4nn(CC)nc4c4c5sc(C=C6C(=O)c7cc(F)c(F)cc7C6=C(C#N)C#N)c(CC)c5n(CC)c4c3n(CC)c21,-5.69,4.56,986.073999999999,9,7,12.88702,0.00699907166017109,0.0261156845372613,your_data
CCc1ccc(C2(c3ccc(CC)cc3)c3cc4c(cc3-c3sc(/C=C5\C(=O)c6cc7ccccc7cc6C5=C(C#N)C#N)cc32)C(c2ccc(CC)cc2)(c2ccc(CC)cc2)c2cc(/C=C3\C(=O)c5cc6ccccc6cc5C3=C(C#N)C#N)sc2-4)cc1,-5.81,3.64,1191.494,11,10,19.25312,-0.0348212731883558,0.0149813099634229,your_data
CCOc1c(/C=C2\C(=O)c3cc4ccccc4cc3C2=C(C#N)C#N)sc2c1C(c1ccc(CC)cc1)(c1ccc(CC)cc1)c1cc3c(cc1-2)C(c1ccc(CC)cc1)(c1ccc(CC)cc1)c1c-3sc(/C=C2\C(=O)c3cc4ccccc4cc3C2=C(C#N)C#N)c1OCC,-5.77,3.64,1279.6,11,14,20.05052,-0.0295962095929729,0.0117960431318281,your_data
CCc1ccc(C2(c3ccc(CC)cc3)c3cc4c(cc3-c3sc5cc(/C=C6\C(=O)c7ccc(F)cc7C6=C(C#N)C#N)sc5c32)C(c2ccc(CC)cc2)(c2ccc(CC)cc2)c2c-4sc3cc(/C=C4\C(=O)c5ccc(F)cc5C4=C(C#N)C#N)sc23)cc1,-5.66,4.1,1239.532,11,10,19.65432,-0.0380460067076373,0.0145767662080275,your_data
CCN1C(=O)c2c(c(-c3cccs3)c3c(c2-c2cccs2)-c2cccc4c(C#N)ccc-3c24)C1=O,-5.65,1.66,488.593,5,3,7.43178,0.0255591498647274,0.0320902558511623,your_data
CCC1(CC)c2ccccc2-c2ccc(-c3ccc(C=C(C#N)C#N)c4nsnc34)cc21,-6.2,1.32,432.552,4,4,6.87536000000001,0.0255591498647274,0.0320902558511623,your_data
CCc1ccc(-c2ccc(-c3ccc(-c4cc5c6c(c(-c7ccc(-c8ccc(-c9ccc(CC)s9)s8)s7)cc7c6c4C(=O)N(CC)C7=O)C(=O)N(CC)C5=O)s3)s2)s1,-5.5,2,871.19,8,10,13.5674,0.0168499875896067,0.0276434974220172,your_data
CC[Si]1(CC)c2ccsc2-c2sc(-c3ccc(C=C(C#N)C#N)c4nsnc34)cc21,-5.4,1.32,460.685,4,4,5.49506,0.0255591498647274,0.0320902558511623,your_data
CCN1C(=O)C2=C(c3ccc(-c4ccc5c(c4)[Si](CC)(CC)c4cc(-c6ccc(C7=C8C(=O)N(CC)C(c9cccs9)=C8C(=O)N7CC)s6)ccc4-5)s3)N(CC)C(=O)C2=C1c1cccs1,-5.23,2,947.318,6,12,10.543,0.00430241497599226,0.0225865106234729,your_data
CCOc1cc2c3c(ccc4c5c(-c6cc7c(s6)-c6cc8c(cc6C7(c6ccc(CC)cc6)c6ccc(CC)cc6)-c6sc(-c7cc9c%10c(ccc%11c%12c(OCC)cc%13c%14c(ccc(c7c%10%11)c%14%12)C(=O)N(CC)C%13=O)C(=O)N(CC)C9=O)cc6C8(c6ccc(CC)cc6)c6ccc(CC)cc6)cc6c7c(ccc(c1c34)c75)C(=O)N(CC)C6=O)C(=O)N(CC)C2=O,-5.53,4,1659.996,17,18,23.4816,-0.0290932987080439,0.00948333750438528,your_data
CCOc1cc(/C=c2/sc(=C(C#N)C#N)n(CC)c2=O)sc1-c1cc2c(s1)-c1cc3c(cc1C2(c1ccc(CC)cc1)c1ccc(CC)cc1)-c1sc(-c2sc(/C=c4/sc(=C(C#N)C#N)n(CC)c4=O)cc2OCC)cc1C3(c1ccc(CC)cc1)c1ccc(CC)cc1,-5.37,2.64,1341.81,11,18,15.57932,-0.0264894379533213,0.00619175307404112,your_data
CCc1ccc(C2(c3ccc(CC)cc3)c3cc4c(cc3-c3sc(-c5sc(/C=c6/sc(=C(C#N)C#N)n(CC)c6=O)cc5CC)cc32)C(c2ccc(CC)cc2)(c2ccc(CC)cc2)c2cc(-c3sc(/C=c5/sc(=C(C#N)C#N)n(CC)c5=O)cc3CC)sc2-4)cc1,-5.5,2.64,1309.812,11,16,15.90672,-0.0268148072251878,0.00740922813148315,your_data
CCN1C(=O)c2ccc3c4c(-c5ccccc5C)c5c6cccc7cccc(c5c(-c5ccccc5C)c4c4ccc(c2c34)C1=O)c76,-5.99,1,603.721,9,3,11.04814,0.0274443391171758,0.0339636000965109,your_data
CCn1c(=C(C#N)C#N)s/c(=C/c2ccc(-c3cc4c(s3)-c3cc5c(cc3C4(CC)CC)-c3sc(-c4ccc(/C=c6/sc(=C(C#N)C#N)n(CC)c6=O)c6nc(-c7ccccc7)c(-c7ccccc7)nc46)cc3C5(CC)CC)c3nc(-c4ccccc4)c(-c4ccccc4)nc23)c1=O,-5.27,2.64,1345.718,13,14,16.41052,-0.0321724712780114,0.00947085689086375,your_data
CCn1c(=C(C#N)C#N)s/c(=C/c2ccc(-c3cc4c(s3)-c3cc5c(cc3C4(CC)CC)-c3sc(-c4ccc(/C=c6/sc(=C(C#N)C#N)n(CC)c6=O)c6nccnc46)cc3C5(CC)CC)c3nccnc23)c1=O,-5.3,2.64,1041.326,9,10,9.74252,-0.00406277329783643,0.0229340008611345,your_data
CCc1ccc(C2(c3ccc(CC)cc3)c3cc4c(cc3-c3sc(-c5ccc(/C=c6/sc(=C(C#N)C#N)n(CC)c6=O)c6nc(-c7ccccc7)c(-c7ccccc7)nc56)cc32)C(c2ccc(CC)cc2)(c2ccc(CC)cc2)c2cc(-c3ccc(/C=c5/sc(=C(C#N)C#N)n(CC)c5=O)c5nc(-c6ccccc6)c(-c6ccccc6)nc35)sc2-4)cc1,-5.38,2.64,1650.11,17,18,21.21332,-0.0287612384030266,0.00743317408235784,your_data
CCc1c(/C=c2/sc(=C(C#N)C#N)n(CC)c2=O)sc2c1sc1c3c4nsnc4c4c5sc6c(CC)c(/C=c7/sc(=C(C#N)C#N)n(CC)c7=O)sc6c5n(CC)c4c3n(CC)c21,-5.42,2.64,957.276999999999,10,8,8.16362000000001,0.0106685527512082,0.0254373669969332,your_data
CCOc1c(OCC)c(-c2ccc(/C=C3\SC(=S)N(CC)C3=O)s2)c2nsnc2c1-c1ccc(/C=C2\SC(=S)N(CC)C2=O)s1,-5.61,1,731.031,4,10,8.3879,0.0182901664863556,0.0276383162491114,your_data
CCc1ccc(C2(c3ccc(CC)cc3)c3cc4c(cc3-c3sc(-c5c(OC)c(OC)c(/C=c6\sc(=C(C#N)C#N)n(CC)c6=O)c6nn(CC)nc56)cc32)C(c2ccc(CC)cc2)(c2ccc(CC)cc2)c2cc(-c3c(OC)c(OC)c(/C=c5/sc(=C(C#N)C#N)n(CC)c5=O)c5nn(CC)nc35)sc2-4)cc1,-5.37,2.64,1499.884,13,20,14.22252,-0.0268948945147819,0.00539374579838364,your_data
CCc1ccc(C2(c3ccc(CC)cc3)c3cc4c(cc3-c3sc(-c5c(OC)c(OC)c(/C=C6\SC(=S)N(CC)C6=O)c6nn(CC)nc56)cc32)C(c2ccc(CC)cc2)(c2ccc(CC)cc2)c2cc(-c3c(OC)c(OC)c(/C=C5/SC(=S)N(CC)C5=O)c5nn(CC)nc35)sc2-4)cc1,-5.41,1,1435.924,11,20,18.1252,-0.0269819535559156,0.00901184966828721,your_data
CCc1ccc(C2(c3ccc(CC)cc3)c3cc4c(cc3-c3sc(-c5c(OC)c(OC)c(/C=C6\SC(=O)N(CC)C6=O)c6nn(CC)nc56)cc32)C(c2ccc(CC)cc2)(c2ccc(CC)cc2)c2cc(-c3c(OC)c(OC)c(/C=C5\SC(=O)N(CC)C5=O)c5nn(CC)nc35)sc2-4)cc1,-5.32,2,1403.788,11,20,17.7954,-0.0275562366490073,0.00978493281489169,your_data
CCc1ccc(C2(c3ccc(CC)cc3)c3cc4c(cc3-c3sc(C5=C/C(=c6/sc(=C(C#N)C#N)n(CC)c6=O)CCC5)cc32)C(c2ccc(CC)cc2)(c2ccc(CC)cc2)c2cc(C3C=C/C(=c5/sc(=C(C#N)C#N)n(CC)c5=O)CC3)sc2-4)cc1,-5.34,2.64,1221.656,9,12,14.37002,-0.0269464666371618,0.0133453437357021,your_data
CCc1ccc(C2(c3ccc(CC)cc3)c3cc4c(cc3-c3sc(/C=c5/sc(=C(C#N)C#N)n(CC)c5=O)cc32)C(c2ccc(CC)cc2)(c2ccc(CC)cc2)c2cc(/C=c3/sc(=C(C#N)C#N)n(CC)c3=O)sc2-4)cc1,-5.44,2.64,1089.45,9,12,11.32492,-0.00996915044552054,0.0188016833277685,your_data
CCc1ccc(C2(c3ccc(CC)cc3)c3cc4c(cc3-c3sc5cc(/C=c6/sc(=C(C#N)C#N)n(CC)c6=O)sc5c32)C(c2ccc(CC)cc2)(c2ccc(CC)cc2)c2c-4sc3cc(/C=c4/sc(=C(C#N)C#N)n(CC)c4=O)sc23)cc1,-5.32,2.64,1201.628,11,12,13.75432,-0.0219365409500797,0.0180134723243147,your_data
CCc1ccc(C2(c3ccc(CC)cc3)c3cc4c(cc3-c3sc5cc(C6=C/C(=c7/sc(=C(C#N)C#N)n(CC)c7=O)CCC6)sc5c32)C(c2ccc(CC)cc2)(c2ccc(CC)cc2)c2c-4sc3cc(C4=C/C(=c5/sc(=C(C#N)C#N)n(CC)c5=O)CCC4)sc23)cc1,-5.25,2.64,1333.834,11,12,16.93312,-0.0334689748494261,0.0122137975429535,your_data
CCCCCCc1ccc(C2(c3ccc(CCCCCC)cc3)c3cc4c(cc3-c3sc5cc(C=C6C(=O)c7cc(Cl)c(Cl)cc7C6=C(C#N)C#N)sc5c32)C(c2ccc(CCCCCC)cc2)(c2ccc(CCCCCC)cc2)c2c-4sc3cc(C=C4C(=O)c5cc(Cl)c(Cl)cc5C4=C(C#N)C#N)sc23)cc1,-5.75,4.56,1565.764,11,26,28.2313200000001,-0.0275989197940225,0.0116090356912232,your_data
CCc1ccc(C2(c3ccc(CC)cc3)c3cc4c(cc3-c3sc5cc(/C=C6\C(=O)c7ccc(C)cc7C6=C(C#N)C#N)sc5c32)C(c2ccc(CC)cc2)(c2ccc(CC)cc2)c2c-4sc3cc(/C=C4\C(=O)c5ccc(C)cc5C4=C(C#N)C#N)sc23)cc1,-5.58,3.64,1231.606,11,10,19.99296,-0.0379404302302804,0.0153569733523523,your_data
CCCCCCCCc1ccc(C2(c3ccc(CCCCCC)cc3)c3cc4c(cc3-c3sc(-c5c(F)cc(C=c6sc(=C(C#N)C#N)n(CC)c6=O)c6nn(CCCCCCCC)nc56)cc32)C(c2ccc(CCCCCC)cc2)(c2ccc(CCCCCCCC)cc2)c2cc(-c3c(F)cc(CC5SC(=C(C#N)C#N)N(CC)C5=O)c5nn(CCCCCCCC)nc35)sc2-4)cc1,-5.55,3.6,1866.64,12,49,28.4449200000001,-0.021588912732223,0.00919795291248083,your_data
CCCCCCc1ccc(C2(c3ccc(CCCCCC)cc3)c3cc4c(cc3-c3sc5cc(C=C6C(=O)c7cc(Cl)c(Cl)cc7C6=O)sc5c32)C(c2ccc(CCCCCC)cc2)(c2ccc(CCCCCC)cc2)c2c-4sc3cc(C=C4C(=O)c5cc(Cl)c(Cl)cc5C4=O)sc23)cc1,-5.72,2.92,1469.668,11,26,26.9952000000001,-0.0206801996308508,0.0106032250955329,your_data
CCN1C(=O)c2ccc3c4c(c(-c5ccc(-c6ccc(-c7cc8c9c(c(-c%10ccc(-c%11ccc(-c%12cc%13c%14c(c(-c%15ccc(-c%16cccs%16)s%15)cc%15c%14c%12C(=O)N(CC)C%15=O)C(=O)N(CC)C%13=O)s%11)s%10)cc%10c9c7C(=O)N(CC)C%10=O)C(=O)N(CC)C8=O)s6)s5)cc(c24)C1=O)C(=O)N(CC)C3=O,-5.6,6,1455.69,12,14,16.5466,-0.0317774371491506,0.0100462261880638,your_data
CCCCCCSc1ccc(C2(c3ccc(SCCCCCC)cc3)c3cc4c(cc3-c3sc5cc(/C=C6/C(=O)c7ccccc7C6=C(C#N)C#N)sc5c32)C(c2ccc(SCCCCCC)cc2)(c2ccc(SCCCCCC)cc2)c2c-4sc3cc(/C=C4/C(=O)c5ccccc5C4=C(C#N)C#N)sc23)cc1,-5.68,3.64,1556.252,11,30,27.8161200000001,-0.0252271416465661,0.0109915092054926,your_data
CCCCCCCCSc1ccc(C2(c3ccc(SCCCCCCCC)cc3)c3cc4c(cc3-c3sc5cc([CH][C]6C(=O)c7ccccc7C6=C(C#N)C#N)sc5c32)C(c2ccc(SCCCCCCCC)cc2)(c2ccc(SCCCCCCCC)cc2)c2c-4sc3cc(/C=C4/C(=O)c5ccccc5C4=C(C#N)C#N)sc23)cc1,-5.7,3.64,1668.468,11,39,30.6804000000001,-0.0218978620225198,0.0112687637724346,your_data
CCSc1ccc(C2(c3ccc(SCC)cc3)c3cc4c(cc3-c3sc5cc(/C=C6\C(=O)c7ccccc7C6=C(C#N)C#N)sc5c32)C(c2ccc(SCC)cc2)(c2ccc(SCC)cc2)c2c-4sc3cc(/C=C4\C(=O)c5ccccc5C4=C(C#N)C#N)sc23)cc1,-5.74,3.64,1331.82,11,14,21.57452,-0.0240450528275982,0.011754257219378,your_data
CCc1ccc(C2(c3ccc(CC)cc3)c3cc4c(cc3-c3sc5c(CC)c(/C=C6\C(=O)c7ccccc7C6=C(C#N)C#N)sc5c32)C(c2ccc(CC)cc2)(c2ccc(CC)cc2)c2c-4sc3c(CC)c(/C=C4\C(=O)c5ccccc5C4=C(C#N)C#N)sc23)cc1,-5.73,3.64,1259.66,11,12,20.50092,-0.0377145310708253,0.0144598339034221,your_data
CCc1ccc(C2(c3ccc(CC)cc3)Oc3cc(/C=C4\C(=O)c5ccccc5C4=C(C#N)C#N)sc3-c3cc4c(cc32)-c2sc(/C=C3\C(=O)c5ccccc5C3=C(C#N)C#N)cc2OC4(c2ccc(CC)cc2)c2ccc(CC)cc2)cc1,-5.53,3.64,1123.372,9,10,16.92312,-0.0233155788214523,0.0149014948900206,your_data
CCc1ccc(C2(c3ccc(CC)cc3)Oc3cc(-c4cc5sc(/C=C6\C(=O)c7ccccc7C6=C(C#N)C#N)cc5s4)sc3-c3cc4c(cc32)-c2sc(-c3cc5sc(/C=C6\C(=O)c7ccccc7C6=C(C#N)C#N)cc5s3)cc2OC4(c2ccc(CC)cc2)c2ccc(CC)cc2)cc1,-5.28,3.64,1399.804,13,12,22.80952,-0.0373646901904807,0.0107904083881753,your_data
CCc1ccc(C2(c3ccc(CC)cc3)Oc3cc(-c4ccc(/C=C5\C(=O)c6ccccc6C5=C(C#N)C#N)s4)sc3-c3cc4c(cc32)-c2sc(-c3ccc(/C=C5\C(=O)c6ccccc6C5=C(C#N)C#N)s3)cc2OC4(c2ccc(CC)cc2)c2ccc(CC)cc2)cc1,-5.33,3.64,1287.626,11,12,20.38012,-0.0367018149182077,0.014879637211675,your_data
CCOc1c2c(c(OCC)c3c1C(c1ccc(CC)cc1)(c1ccc(CC)cc1)c1c-3sc3cc(/C=C4\C(=O)c5c(csc5C)C4=C(C#N)C#N)sc13)C(c1ccc(CC)cc1)(c1ccc(CC)cc1)c1c-2sc2cc(/C=C3\C(=O)c4c(csc4C)C3=C(C#N)C#N)sc12,-5.42,3.64,1331.77,11,14,20.91336,-0.0255639215454228,0.0121123066177996,your_data
CCc1ccc(C2(c3ccc(CC)cc3)c3c(-c4ccc(CC)s4)c4c(c(-c5ccc(CC)s5)c3-c3sc5cc(/C=C6\C(=O)c7c(csc7C)C6=C(C#N)C#N)sc5c32)C(c2ccc(CC)cc2)(c2ccc(CC)cc2)c2c-4sc3cc(/C=C4\C(=O)c5c(csc5C)C4=C(C#N)C#N)sc23)cc1,-5.59,3.64,1464.026,13,14,24.6977600000001,-0.0322685430367272,0.0142491801755678,your_data
CCc1ccc(C2(c3ccc(CC)cc3)c3cc4c(cc3-c3sc5c6sc(/C=C7\C(=O)c8cc(F)c(F)cc8C7=C(C#N)C#N)cc6n(CC)c5c32)C(c2ccc(CC)cc2)(c2ccc(CC)cc2)c2c-4sc3c4sc(/C=C5\C(=O)c6cc(F)c(F)cc6C5=C(C#N)C#N)cc4n(CC)c23)cc1,-5.42,4.56,1409.694,13,12,21.88172,-0.0373336540292555,0.0110334301303673,your_data
CCOc1ccc(C2(c3ccc(OCC)cc3)c3cc4c(cc3-c3sc5c6sc(/C=C7\C(=O)c8cc(F)c(F)cc8C7=C(C#N)C#N)cc6n(CC)c5c32)C(c2ccc(OCC)cc2)(c2ccc(OCC)cc2)c2c-4sc3c4sc(/C=C5\C(=O)c6cc(F)c(F)cc6C5=C(C#N)C#N)cc4n(CC)c23)cc1,-5.38,4.56,1473.69,13,16,21.22692,-0.028040295880429,0.00913424400332118,your_data
CCOc1cccc(C2(c3cccc(OCC)c3)c3cc4c(cc3-c3sc5c6sc(/C=C7\C(=O)c8cc(F)c(F)cc8C7=C(C#N)C#N)cc6n(CC)c5c32)C(c2cccc(OCC)c2)(c2cccc(OCC)c2)c2c-4sc3c4sc(/C=C5\C(=O)c6cc(F)c(F)cc6C5=C(C#N)C#N)cc4n(CC)c23)c1,-5.41,4.56,1473.69,13,16,21.22692,-0.028040295880429,0.00913424400332118,your_data
CCc1ccc(C2(c3ccc(CC)cc3)c3cc4c(cc3-c3sc(/C=C5\C(=O)c6ccc(F)cc6C5=C(C#N)C#N)cc32)C(c2ccc(CC)cc2)(c2ccc(CC)cc2)c2c-4sc3c4sc(/C=C5\C(=O)c6ccc(F)cc6C5=C(C#N)C#N)cc4n(-c4cc5sc(CC)cc5s4)c23)cc1,-5.6,4.1,1388.75,13,12,22.22212,-0.0377963812377805,0.0110344528450218,your_data
CCc1ccc(-n2c3cc(/C=C4\C(=O)c5ccc(F)cc5C4=C(C#N)C#N)sc3c3sc4c(c32)C(c2ccc(CC)cc2)(c2ccc(CC)cc2)c2cc3c(cc2-4)C(c2ccc(CC)cc2)(c2ccc(CC)cc2)c2cc(/C=C4\C(=O)c5ccc(F)cc5C4=C(C#N)C#N)sc2-3)cc1,-5.57,4.1,1326.632,12,12,20.94592,-0.0374657396519065,0.0131456620050942,your_data
CCc1ccc(C2(c3ccc(CC)cc3)c3cc4c(cc3-c3sc(/C=C5\C(=O)c6ccc(F)cc6C5=C(C#N)C#N)cc32)C(c2ccc(CC)cc2)(c2ccc(CC)cc2)c2c-4sc3c4sc(/C=C5\C(=O)c6ccc(F)cc6C5=C(C#N)C#N)cc4n(-c4ccc(CC)s4)c23)cc1,-5.58,4.1,1332.661,12,12,21.00742,-0.0369711001593348,0.0134085794292885,your_data
CCCCCCCCc1cc(-c2cc(CC(CC)CCCC)c(-c3sc(-c4cc(CCCCCCCC)c(C=C5C(=O)c6cc(F)c(F)cc6C5=C(C#N)C#N)s4)cc3CC(CC)CCCC)s2)sc1C=C1C(=O)c2cc(F)c(F)cc2C1=C(C#N)C#N,-5.85,4.56,1259.724,6,31,22.97512,-0.0247891473814037,0.00776026889599143,your_data
CCCCCCCCc1cc(-c2cc(CCCCCCCC)c(-c3sc(-c4cc(CCCCCCCC)c(C=C5C(=O)c6cc(F)c(F)cc6C5=C(C#N)C#N)s4)cc3CCCCCCCC)s2)sc1C=C1C(=O)c2cc(F)c(F)cc2C1=C(C#N)C#N,-5.71,4.56,1259.724,6,33,23.26332,-0.0248093444679294,0.00799909496741592,your_data
CCCCC(CC)Cc1cc(-c2cc(OC(CC)CCCC)c(C=C3C(=O)c4cc(F)c(F)cc4C3=C(C#N)C#N)s2)sc1-c1sc(-c2cc(OC(CC)CCCC)c(C=C3C(=O)c4cc(F)c(F)cc4C3=C(C#N)C#N)s2)cc1CC(CC)CCCC,-5.85,4.56,1263.668,6,29,21.86432,-0.0251958890965841,0.00787218084104262,your_data
CCCCCCCCc1c(C=C2C(=O)c3cc(Cl)c(Cl)cc3C2=C(C#N)C#N)sc2c1sc1c3c4nsnc4c4c5sc6c(CCCCCCCC)c(C=C7C(=O)c8cc(Cl)c(Cl)cc8C7=C(C#N)C#N)sc6c5n(CC(CC)CCCC)c4c3n(CC(CC)CCCC)c21,-5.62,4.56,1433.629,10,28,25.4732200000001,-0.0249158141171327,0.0086389000464197,your_data
CCCCCCCCCCCc1c(C=C2C(=O)c3cc(Cl)c(Cl)cc3C2=C(C#N)C#N)sc2c1sc1c3c4nsnc4c4c5sc6c(CCCCCCCCCCC)c(C=C7C(=O)c8cc(Cl)c(Cl)cc8C7=C(C#N)C#N)sc6c5n(CC(CC)CCCC)c4c3n(CC(CC)CCCC)c21,-5.64,4.56,1517.791,10,34,27.8138200000001,-0.0240242303001182,0.0127629126656393,your_data
CCCCCCCCc1c(C=C2C(=O)c3cc(Cl)c(Cl)cc3C2=C(C#N)C#N)sc2c1sc1c3c4nn(CC(CC)CCCC)nc4c4c5sc6c(CCCCCCCC)c(C=C7C(=O)c8cc(Cl)c(Cl)cc8C7=C(C#N)C#N)sc6c5n(CC(CC)CCCC)c4c3n(CC(CC)CCCC)c21,-5.53,4.56,1528.793,10,34,27.4296200000001,-0.026096893290157,0.0101849803379601,your_data
CCCCCCCCc1c(C=C2C(=O)c3cc(Cl)c(Cl)cc3C2=C(C#N)C#N)sc2c1sc1c3c4nsnc4c4c5sc6c(CCCCCCCC)c(C=C7C(=O)c8cc9c(cc8C7=C(C#N)C#N)C7C8C=CC(C8)C97)sc6c5n(CC(CC)CCCC)c4c3n(CC(CC)CCCC)c21,-5.56,4.1,1454.864,10,28,25.5531200000001,-0.0243142820691521,0.0107977320876496,your_data
CCCCCCCCCCCc1c(C=C2C(=O)c3cc(Cl)c(Cl)cc3C2=C(C#N)C#N)sc2c1sc1c3c4nsnc4c4c5sc6c(CCCCCCCCCCC)c(C=C7C(=O)c8cc9c(cc8C7=C(C#N)C#N)C7C8C=CC(C8)C97)sc6c5n(CC(CC)CCCC)c4c3n(CC(CC)CCCC)c21,-5.58,4.1,1539.026,10,34,27.8937200000001,-0.0260633636788578,0.0118870732782489,your_data
CCCCCCCCc1c(C=C2C(=O)c3cc(Cl)c(Cl)cc3C2=C(C#N)C#N)sc2c1sc1c3c4nn(CC(CC)CCCC)nc4c4c5sc6c(CCCCCCCC)c(C=C7C(=O)c8cc9c(cc8C7=C(C#N)C#N)C7C8C=CC(C8)C97)sc6c5n(CC(CC)CCCC)c4c3n(CC(CC)CCCC)c21,-5.48,4.1,1550.028,10,34,27.5095200000001,-0.0275206607828846,0.0100996876042644,your_data
CCCCCCCCCCCc1c(C=C2C(=O)c3cc(Cl)c(Cl)cc3C2=C(C#N)C#N)sc2c1sc1c3c4nsnc4c4c5sc6c(CCCCCCCCCCC)c(C=C7C(=O)c8cc9sc(Cl)cc9cc8C7=C(C#N)C#N)sc6c5n(CC(CCCC)CCCCCC)c4c3n(CC(CCCC)CCCCCC)c21,-5.56,4.33,1651.651,11,42,31.4959200000001,-0.0226655161000957,0.00889956429865533,your_data
CCCCCCCCCCCc1c(C=C2C(=O)c3cc(Cl)c(Cl)cc3C2=C(C#N)C#N)sc2c1sc1c3c4nsnc4c4c5sc6c(CCCCCCCCCCC)c(C=C7C(=O)c8cc9sccc9cc8C7=C(C#N)C#N)sc6c5n(CC(CCCC)CCCCCC)c4c3n(CC(CCCC)CCCCCC)c21,-5.52,4.1,1617.206,11,42,30.8425200000001,-0.0214852901982735,0.0105859370560719,your_data
CCC1(CC)c2cc(-c3ccc(/C=C4\C(=O)c5ccccc5C4=C(C#N)C#N)s3)ccc2-c2ccc(-c3ccc(/C=C4\C(=O)c5ccccc5C4=C(C#N)C#N)s3)cc21,-5.67,3.64,794.961,6,6,12.39142,0.0255733470314174,0.0317901985766819,your_data
CCc1ccc(C2(CC)c3cc4c(cc3-c3sc(/C=C5\C(=O)c6ccc(C)cc6C5=C(C#N)C#N)cc32)C(CC)(c2ccc(CC)cc2)c2cc(/C=C3\C(=O)c5ccc(C)cc5C3=C(C#N)C#N)sc2-4)cc1,-5.77,3.64,967.232,7,8,15.16216,-0.000800656442066813,0.0152297119822975,your_data
CCc1ccc(C2(c3ccc(CC)cc3)c3cc4c(cc3-c3sc(/C=C5\C(=O)c6ccc(C)cc6C5=C(C#N)C#N)cc32)C(c2ccc(CC)cc2)(c2ccc(CC)cc2)c2cc(/C=C3\C(=O)c5ccc(C)cc5C3=C(C#N)C#N)sc2-4)cc1,-5.8,3.64,1119.428,9,10,17.56356,-0.0239203763579837,0.0155117635245118,your_data
CCOc1ccc2c(c1)-c1cc(OCC)ccc1C21c2cc(-c3ccc(/C=c4\sc(=C(C#N)C#N)n(CC)c4=O)c4nsnc34)ccc2-c2ccc(-c3ccc(/C=c4/sc(=C(C#N)C#N)n(CC)c4=O)c4nsnc34)cc21,-5.93,2.64,1079.287,10,10,8.71042,-0.00582562352048939,0.0216518526979225,your_data
CCc1ccc(C2(c3ccc(CC)cc3)c3cc(/C=C4\C(=O)c5ccc(F)cc5C4=C(C#N)C#N)sc3-c3sc4c(CC)c5c6c(sc5c(CC)c4c32)-c2sc(/C=C3\C(=O)c4ccc(F)cc4C3=C(C#N)C#N)cc2C6(c2ccc(CC)cc2)c2ccc(CC)cc2)cc1,-5.36,4.1,1295.64,11,12,20.77912,-0.0357005370607185,0.0126863955755022,your_data
CCC1(CC)c2cc(/C=C3\C(=O)c4ccccc4C3=C(C#N)C#N)sc2-c2sc(-c3cc(F)c(-c4cc5c(s4)-c4sc(/C=C6\C(=O)c7ccccc7C6=C(C#N)C#N)cc4C5(CC)CC)cc3F)cc21,-5.49,4.1,987.216,7,8,15.87912,-0.00455234905161383,0.0112693797005392,your_data
CCC1(CC)c2cc3c(cc2-c2sc4cc(/C=C5\C(=O)c6ccccc6C5=C(C#N)C#N)sc4c21)C(CC)(CC)c1c-3sc2cc(/C=C3\C(=O)c4ccccc4C3=C(C#N)C#N)sc12,-5.63,3.64,899.16,7,6,14.57332,0.0205181602468104,0.0282387399233261,your_data
CCc1ccc(C2(c3ccc(CC)cc3)c3cc4c(cc3-c3sc5c6sc(/C=C7\C(=O)c8ccccc8C7=C(C#N)C#N)cc6n(CC)c5c32)C(c2ccc(CC)cc2)(c2ccc(CC)cc2)c2c-4sc3c4sc(/C=C5\C(=O)c6ccccc6C5=C(C#N)C#N)cc4n(CC)c23)cc1,-5.36,3.64,1337.734,13,12,21.32532,-0.0377351135663786,0.00732638411267259,your_data
CCC1(CC)c2cc3c(cc2-c2cc4c(cc21)-c1sc(/C=C2\C(=O)c5cc(C)ccc5C2=C(C#N)C#N)cc1C4(CC)CC)C(CC)(CC)c1cc(/C=C2\C(=O)c4cc(C)ccc4C2=C(C#N)C#N)sc1-3,-5.42,3.64,959.252999999999,6,8,15.84726,0.000647940255301339,0.0167240549849454,your_data
N#CC(C#N)=C1C(=Cc2cc3c(s2)-c2cc4c(cc2C3(CCCCc2ccccc2)CCCCc2ccccc2)-c2sc(C=C3C(=O)c5ccccc5C3=C(C#N)C#N)cc2C4(CCCCc2ccccc2)CCCCc2ccccc2)C(=O)c2ccccc21,-5.7,3.64,1203.59,9,22,20.15592,-0.0290560136354743,0.00893600964086732,your_data
CCn1nc2c(n1)c1c3sc4cc(/C=C5\C(=O)c6cc(F)c(F)cc6C5=C(C#N)C#N)sc4c3n(CC)c1c1c2c2sc3cc(/C=C4\C(=O)c5cc(F)c(F)cc5C4=C(C#N)C#N)sc3c2n1CC,-5.56,4.56,986.055,10,5,12.97692,0.0101219476893625,0.0275140216486191,your_data
CCn1nc2c(n1)c1c3sc4cc(/C=C5/C(=O)c6ccccc6C5=C(C#N)C#N)sc4c3n(CC)c1c1c2c2sc3cc(/C=C4\C(=O)c5ccccc5C4=C(C#N)C#N)sc3c2n1CC,-5.45,3.64,914.095,10,5,12.42052,0.0206560307443836,0.0303289238183513,your_data
CCc1ccc(C2(c3ccc(CC)cc3)c3cc4c(cc3-c3sc5cc(/C=C6\C(=O)c7ccc(OC)cc7C6=C(C#N)C#N)sc5c32)C(c2ccc(CC)cc2)(c2ccc(CC)cc2)c2c-4sc3cc(/C=C4\C(=O)c5ccc(OC)cc5C4=C(C#N)C#N)sc23)cc1,-5.49,3.64,1263.604,11,12,19.39332,-0.0371600058883003,0.0147163819685811,your_data
CCc1ccc(C2(c3ccc(CC)cc3)c3cc4c(cc3-c3sc5cc(/C=C6\C(=O)c7c(OC)cccc7C6=C(C#N)C#N)sc5c32)C(c2ccc(CC)cc2)(c2ccc(CC)cc2)c2c-4sc3cc(/C=C4\C(=O)c5c(OC)cccc5C4=C(C#N)C#N)sc23)cc1,-5.49,3.64,1263.604,11,12,19.39332,-0.0371600058883003,0.0147163819685811,your_data
CCc1ccc(C2(c3ccc(CC)cc3)c3cc4c(cc3-c3sc5cc(/C=C6\C(=O)c7cc(OC)ccc7C6=C(C#N)C#N)sc5c32)C(c2ccc(CC)cc2)(c2ccc(CC)cc2)c2c-4sc3cc(/C=C4\C(=O)c5cc(OC)ccc5C4=C(C#N)C#N)sc23)cc1,-5.52,3.64,1263.604,11,12,19.39332,-0.0371600058883003,0.0147163819685811,your_data
CCc1ccc(C2(c3ccc(CC)cc3)c3cc4c(cc3-c3sc5cc(/C=C6\C(=O)c7cccc(OC)c7C6=C(C#N)C#N)sc5c32)C(c2ccc(CC)cc2)(c2ccc(CC)cc2)c2c-4sc3cc(/C=C4\C(=O)c5cccc(OC)c5C4=C(C#N)C#N)sc23)cc1,-5.5,3.64,1263.604,11,12,19.39332,-0.0371600058883003,0.0147163819685811,your_data
CCC1(CC)c2cc3c(cc2-c2cc4c(cc21)-c1sc(/C=C2\C(=O)c5ccc(Br)cc5C2=C(C#N)C#N)cc1C4(CC)CC)C(CC)(CC)c1cc(/C=C2\C(=O)c4ccc(Br)cc4C2=C(C#N)C#N)sc1-3,-5.62,4.1,1088.991,6,8,16.75542,-0.015160512362071,0.0130244296318749,your_data
CCC1(CC)c2cc3c(cc2-c2cc4c(cc21)-c1sc(/C=C2\C(=O)c5ccc(F)cc5C2=C(C#N)C#N)cc1C4(CC)CC)C(CC)(CC)c1cc(/C=C2\C(=O)c4ccc(F)cc4C2=C(C#N)C#N)sc1-3,-5.72,4.1,967.178999999999,6,8,15.50862,-0.00138308386284091,0.0140153700457766,your_data
CCc1ccc(C2(c3ccc(CC)cc3)c3cc(/C=C4\C(=O)c5cc6ccccc6cc5C4=C(C#N)C#N)sc3-c3sc4c(CC)c5c6c(sc5c(CC)c4c32)-c2sc(/C=C3\C(=O)c4cc5ccccc5cc4C3=C(C#N)C#N)cc2C6(c2ccc(CC)cc2)c2ccc(CC)cc2)cc1,-5.26,3.64,1359.78,13,12,22.80732,-0.0376565805583272,0.00817842402946271,your_data
CCC1(CC)c2cc3c(cc2-c2cc4c(cc21)-c1sc(/C=C2\C(=O)c5cc6ccccc6cc5C2=C(C#N)C#N)cc1C4(CC)CC)C(CC)(CC)c1cc(/C=C2\C(=O)c4cc5ccccc5cc4C2=C(C#N)C#N)sc1-3,-5.54,3.64,1031.319,8,8,17.53682,-0.0161694992232159,0.0119025036883233,your_data
CCc1ccc(C2(c3ccc(CC)cc3)c3c(sc4cc(/C=C5\C(=O)c6cc(Cl)c(Cl)cc6C5=C(C#N)C#N)sc34)-c3sc4c5c(sc4c32)-c2sc3cc(/C=C4\C(=O)c6cc(Cl)c(Cl)cc6C4=C(C#N)C#N)sc3c2C5(c2ccc(CC)cc2)c2ccc(CC)cc2)cc1,-5.2,4.56,1403.45,12,10,23.26592,-0.0366157776803097,0.0146613966571754,your_data
CCc1ccc(C2(c3ccc(CC)cc3)c3c(sc4cc(/C=C5\C(=O)c6ccc(Cl)cc6C5=C(C#N)C#N)sc34)-c3sc4c5c(sc4c32)-c2sc3cc(/C=C4\C(=O)c6ccc(Cl)cc6C4=C(C#N)C#N)sc3c2C5(c2ccc(CC)cc2)c2ccc(CC)cc2)cc1,-5.2,4.1,1334.56,12,10,21.95912,-0.0370180379861378,0.0119892166073682,your_data
CCc1ccc(C2(c3ccc(CC)cc3)c3c(sc4cc(/C=C5\C(=O)c6ccccc6C5=C(C#N)C#N)sc34)-c3sc4c5c(sc4c32)-c2sc3cc(/C=C4\C(=O)c6ccccc6C4=C(C#N)C#N)sc3c2C5(c2ccc(CC)cc2)c2ccc(CC)cc2)cc1,-5.13,3.64,1265.67,12,10,20.65232,-0.0461942325638294,0.0113338474562353,your_data
CCOc1ccc(C2(c3ccc(OCC)cc3)c3cc(/C=C4\C(=O)c5cc6ccccc6cc5C4=C(C#N)C#N)sc3-c3ccc4cc5c6c(ccc5cc4c32)-c2sc(/C=C3\C(=O)c4cc5ccccc5cc4C3=C(C#N)C#N)cc2C6(c2ccc(OCC)cc2)c2ccc(OCC)cc2)cc1,-5.44,3.64,1355.61,13,14,20.90472,-0.0321977447026011,0.0105123402329623,your_data
CCc1ccc(C2(c3ccc(CC)cc3)c3cc4c(cc3-c3sc5cc(/C=C6\C(=O)c7c(O)cccc7C6=C(C#N)C#N)sc5c32)C(c2ccc(CC)cc2)(c2ccc(CC)cc2)c2c-4sc3cc(/C=C4\C(=O)c5c(O)cccc5C4=C(C#N)C#N)sc23)cc1,-5.58,3.64,1235.55,11,10,18.78732,-0.0349523365962471,0.0139936565809736,your_data
CCc1ccc(C2(c3ccc(CC)cc3)c3cc4c(cc3-c3sc5cc(/C=C6\C(=O)c7ccccc7C6=C(C#N)C#N)sc5c32)C(c2ccc(CC)cc2)(c2ccc(CC)cc2)c2c-4sc3cc(/C=C4\C(=O)c5c(O)cccc5C4=C(C#N)C#N)sc23)cc1,-5.59,3.64,1219.551,11,10,19.08172,-0.0357697906991868,0.0131580880867915,your_data
CCCCCCCCc1cc(-c2sc3c(N(c4ccc(CCCC)cc4)c4ccc(CCCC)cc4)c(-c4cc(CCCCCCCC)c(C=C5C(=O)c6cc(F)c(F)cc6C5=C(C#N)C#N)s4)sc3c2N(c2ccc(CCCC)cc2)c2ccc(CCCC)cc2)sc1C=C1C(=O)c2cc(F)c(F)cc2C1=C(C#N)C#N,-5.55,4.56,1568.108,10,36,29.2535200000001,-0.0235131063619776,0.0120599431026723,your_data
CCCCCCCCc1c(C=C2C(=O)c3cc(F)c(F)cc3C2=C(C#N)C#N)sc2cc(-c3sc4c(N(c5ccc(CCCC)cc5)c5ccc(CCCC)cc5)c(-c5cc(CCCCCC)c(C=C6C(=O)c7cc(F)c(F)cc7C6=C(C#N)C#N)s5)sc4c3N(c3ccc(CCCC)cc3)c3ccc(CCCC)cc3)sc12,-5.58,4.56,1596.143,11,34,29.6880200000001,-0.0212275601284022,0.010444119661694,your_data
CCC1(CC)c2cc3c(cc2-c2sc(/C=C4\C(=O)c5ccccc5C4=C(C#N)C#N)cc21)C(CC)(CC)c1cc(/C=C2\C(=O)c4ccc(-c5ccc(-c6ccc7c(c6)C(=C(C#N)C#N)/C(=C/c6cc8c(s6)-c6cc9c(cc6C8(CC)CC)-c6sc(/C=C8\C(=O)c%10ccc(-c%11cccs%11)cc%10C8=C(C#N)C#N)cc6C9(CC)CC)C7=O)s5)cc4C2=C(C#N)C#N)sc1-3,-5.74,7.28,1736.202,12,15,27.7252400000001,-0.0343488897039007,0.00984603394798583,your_data
CCN1C(=O)C2=C(c3ccc(-c4ccc5c(c4)C(=C4c6cc(-c7ccc(C8=C9C(=O)N(CC)C(c%10cccs%10)=C9C(=O)N8CC)s7)ccc6-c6ccc(-c7ccc(C8=C9C(=O)N(CC)C(c%10cccs%10)=C9C(=O)N8CC)s7)cc64)c4cc(-c6ccc(C7=C8C(=O)N(CC)C(c9cccs9)=C8C(=O)N7CC)s6)ccc4-5)s3)N(CC)C(=O)C2=C1c1cccs1,-5.54,4,1746.238,12,20,21.2012,-0.0292433046830954,0.00751787629281359,your_data
CCc1c(/C=C2\C(=O)c3ccc(Cl)cc3C2=C(C#N)C#N)sc2c1sc1c3c4nsnc4c4c5sc6c(CC)c(/C=C7\C(=O)c8ccc(Cl)cc8C7=C(C#N)C#N)sc6c5n(CC)c4c3n(CC)c21,-5.62,4.1,1028.091,10,6,15.09222,-0.00783262527086117,0.0224274773772657,your_data
CCOc1cccc(OCC)c1-c1cc(-c2ccc(/C=C3\C(=O)c4cc(F)c(F)cc4C3=C(C#N)C#N)s2)sc1-c1sc(-c2ccc(/C=C3\C(=O)c4cc(F)c(F)cc4C3=C(C#N)C#N)s2)cc1-c1c(OCC)cccc1OCC,-5.63,4.56,1139.268,8,15,16.58012,-0.0246797203676247,0.0117417800742795,your_data
CCOc1cc(OCC)cc(-c2cc(-c3ccc(/C=C4\C(=O)c5cc(F)c(F)cc5C4=C(C#N)C#N)s3)sc2-c2sc(-c3ccc(/C=C4\C(=O)c5cc(F)c(F)cc5C4=C(C#N)C#N)s3)cc2-c2cc(OCC)cc(OCC)c2)c1,-5.68,4.56,1139.268,8,15,16.58012,-0.0246797203676247,0.0117417800742795,your_data
CCCCCCCCCCCc1c(C=C2C(=O)c3cc(Cl)c(Cl)cc3C2=C(C#N)C#N)sc2c1sc1c3c4nsnc4c4c5sc6c(CCCCCCCCCCC)c(C=C7C(=O)c8cc(Cl)c(Cl)cc8C7=C(C#N)C#N)sc6c5n(CC(CCCC)CCCCCC)c4c3n(CC(CCCC)CCCCCC)c21,-5.68,4.56,1630.007,10,42,30.9346200000001,-0.0251162099504656,0.0110653964612246,your_data
CCC1(CC)c2cc(/C=C3\C(=O)c4cc(F)c(F)cc4C3=C(C#N)C#N)sc2-c2sc(/C=C3\C(=O)c4cc(F)c(F)cc4C3=C(C#N)C#N)cc21,-5.61,4.56,714.725,4,4,9.61382,0.0255591498647274,0.0320902558511623,your_data
CCC1(CC)c2cc(/C=C3\C(=O)c4cc(F)c(F)cc4C3=C(C#N)C#N)sc2-c2sc(-c3cc4c(s3)-c3sc(/C=C5\C(=O)c6cc(F)c(F)cc6C5=C(C#N)C#N)cc3C4(CC)CC)cc21,-5.3,4.56,947.098,6,7,14.49032,0.00861312620352581,0.0216099492919739,your_data
CCC1(CC)c2cc(/C=C3\C(=O)c4cc(F)c(F)cc4C3=C(C#N)C#N)sc2-c2sc(-c3cc4c(s3)-c3sc(-c5cc6c(s5)-c5sc(/C=C7\C(=O)c8cc(F)c(F)cc8C7=C(C#N)C#N)cc5C6(CC)CC)cc3C4(CC)CC)cc21,-5.2,4.56,1179.471,8,10,19.36682,-0.0289767211503584,0.0119100390998563,your_data
CCn1nc2c3cc(/C=C4\C(=O)c5cc(Cl)c(Cl)cc5C4=C(C#N)C#N)sc3c3sc4c5c6nsnc6c6c7sc8c9sc(/C=C%10\C(=O)c%11cc(Cl)c(Cl)cc%11C%10=C(C#N)C#N)cc9c9nn(CC)nc9c8c7n(CC)c6c5n(CC)c4c3c2n1,-5.68,4.56,1279.127,14,6,17.10982,-0.0342473421365869,0.00770688597352853,your_data
CCn1nc2c3cc(/C=C4\C(=O)c5cc(F)c(F)cc5C4=C(C#N)C#N)sc3c3sc4c5c6nsnc6c6c7sc8c9sc(/C=C%10\C(=O)c%11cc(F)c(F)cc%11C%10=C(C#N)C#N)cc9c9nn(CC)nc9c8c7n(CC)c6c5n(CC)c4c3c2n1,-5.63,4.56,1213.307,14,6,15.05262,-0.0280925156056318,0.0113581285146748,your_data
CCCCCCC(CCCC)COc1c(OCC(CCCC)CCCCCC)c(-c2cc3c(s2)-c2sc(C=C4C(=O)c5cc(Cl)c(Cl)cc5C4=C(C#N)C#N)cc2C3(CCCCCC)CCCCCC)c2nccnc2c1-c1cc2c(s1)-c1sc(C=C3C(=O)c4cc(Cl)c(Cl)cc4C3=C(C#N)C#N)cc1C2(CCCCCC)CCCCCC,-5.49,4.56,1734.13,8,46,32.7105200000001,-0.0229488449423165,0.00938625581350135,your_data
CCCCC(CC)COc1c(OCC(CC)CCCC)c(-c2cc3c(s2)-c2sc(C=C4C(=O)c5cc(Cl)c(Cl)cc5C4=C(C#N)C#N)cc2C3(CC(CC)CCCC)CC(CC)CCCC)c2nccnc2c1-c1cc2c(s1)-c1sc(C=C3C(=O)c4cc(Cl)c(Cl)cc4C3=C(C#N)C#N)cc1C2(CC(CC)CCCC)CC(CC)CCCC,-5.53,4.56,1734.13,8,42,32.1341200000001,-0.0256763957923837,0.00829131523503514,your_data
CCCCCCC(CCCC)COc1c(OCC(CCCC)CCCCCC)c(-c2cc3c(s2)-c2sc(C=C4C(=O)c5cc(Cl)c(Cl)cc5C4=C(C#N)C#N)cc2C3(CC(CC)CCCC)CC(CC)CCCC)c2nccnc2c1-c1cc2c(s1)-c1sc(C=C3C(=O)c4cc(Cl)c(Cl)cc4C3=C(C#N)C#N)cc1C2(CC(CC)CCCC)CC(CC)CCCC,-5.52,4.56,1846.346,8,50,35.2549200000001,-0.0150052774535432,0.0067952049269562,your_data
CCCCC(CC)COc1c(OCC(CC)CCCC)c(-c2cc3c(s2)-c2sc(C=C4C(=O)c5cc(F)c(F)cc5C4=C(C#N)C#N)cc2C3(CC(CC)CCCC)CC(CC)CCCC)c2nccnc2c1-c1cc2c(s1)-c1sc(C=C3C(=O)c4cc(F)c(F)cc4C3=C(C#N)C#N)cc1C2(CC(CC)CCCC)CC(CC)CCCC,-5.52,4.56,1668.31,8,42,30.0769200000001,-0.028803403299784,0.0122805925160477,your_data
CCN1C(=O)c2c(-c3cc4c(s3)-c3sc(/C=C5\C(=O)c6cc(F)c(F)cc6C5=C(C#N)C#N)cc3C4(CC)CC)sc(-c3cc4c(s3)-c3sc(/C=C5\C(=O)c6cc(F)c(F)cc6C5=C(C#N)C#N)cc3C4(CC)CC)c2C1=O,-5.59,5.56,1126.298,7,9,15.83472,-0.0178461260891205,0.0152105149707283,your_data
CCc1sc(CC)c2c1C(=O)c1c(-c3cc4c(s3)-c3sc(/C=C5\C(=O)c6cc(F)c(F)cc6C5=C(C#N)C#N)cc3C4(CC)CC)sc(-c3cc4c(s3)-c3sc(/C=C5\C(=O)c6cc(F)c(F)cc6C5=C(C#N)C#N)cc3C4(CC)CC)c1C2=O,-5.54,5.56,1221.464,8,10,18.18052,-0.0291657989504446,0.00915436247300499,your_data
CCc1sc(CC)c2c1C(=O)c1c(-c3cc4c(s3)c3sc(/C=C5\C(=O)c6cc(F)c(F)cc6C5=C(C#N)C#N)cc3n4CC)sc(-c3cc4c(s3)c3sc(/C=C5\C(=O)c6cc(F)c(F)cc6C5=C(C#N)C#N)cc3n4CC)c1C2=O,-5.55,5.56,1167.332,10,8,16.26312,-0.0270620958876636,0.0153760376401618,your_data
CCc1ccc(C2(c3ccc(CC)cc3)c3cc4c(cc3-c3sc(-c5ccc(/C=c6\sc(=C(C#N)C#N)n(CC)c6=O)c6nsnc56)cc32)C(c2ccc(CC)cc2)(c2ccc(CC)cc2)c2cc(-c3ccc(/C=c5/sc(=C(C#N)C#N)n(CC)c5=O)c5nsnc35)sc2-4)cc1,-5.45,2.64,1357.776,13,14,14.66832,-0.0305459349127376,0.00820116994634653,your_data
CCc1nc2c(-c3cc4c(s3)-c3sc(/C=C5\C(=O)c6cc(F)c(F)cc6C5=C(C#N)C#N)cc3C4(CC)CC)c3sc(CC)nc3c(-c3cc4c(s3)-c3sc(/C=C5\C(=O)c6cc(F)c(F)cc6C5=C(C#N)C#N)cc3C4(CC)CC)c2s1,-5.37,4.56,1193.458,9,10,18.50152,-0.0304727228962923,0.00884215462005869,your_data
CCc1nc2c(-c3cc4c(s3)-c3sc(/C=C5\C(=O)c6cscc6C5=C(C#N)C#N)cc3C4(CC)CC)c3sc(CC)nc3c(-c3cc4c(s3)-c3sc(/C=C5\C(=O)c6cscc6C5=C(C#N)C#N)cc3C4(CC)CC)c2s1,-5.35,3.64,1133.556,9,10,18.06812,-0.0253859623027371,0.0139901416260561,your_data
CCc1ccc(C2(c3ccc(CC)cc3)c3cc(/C=C4\C(=O)c5cc6ccccc6cc5C4=C(C#N)C#N)sc3-c3c2ccc2c4c(ccc32)C(c2ccc(CC)cc2)(c2ccc(CC)cc2)c2cc(/C=C3\C(=O)c5cc6ccccc6cc5C3=C(C#N)C#N)sc2-4)cc1,-5.54,3.64,1241.554,12,10,20.40632,-0.0447402789622376,0.0124615471787979,your_data
CCc1ccc(C2(c3ccc(CC)cc3)c3cc(/C=C4\C(=O)c5ccccc5C4=C(C#N)C#N)sc3-c3c2ccc2c4c(ccc32)C(c2ccc(CC)cc2)(c2ccc(CC)cc2)c2cc(/C=C3\C(=O)c5ccccc5C3=C(C#N)C#N)sc2-4)cc1,-5.51,3.64,1141.434,10,10,18.09992,-0.0286215473719623,0.0123971639719026,your_data
CCc1ccc(C2(c3ccc(CC)cc3)c3cc(/C=C4\C(=O)c5ccc(F)cc5C4=C(C#N)C#N)sc3-c3sc4c5c(sc4c32)-c2sc(/C=C3\C(=O)c4ccc(F)cc4C3=C(C#N)C#N)cc2C5(c2ccc(CC)cc2)c2ccc(CC)cc2)cc1,-5.34,4.1,1189.472,10,10,18.50112,-0.0323483780511501,0.00913479287633293,your_data
CCCCCCc1ccc(C2(c3ccc(CCCCCC)cc3)c3cc([CH]C4=C([C](C#N)C#N)c5ccccc5C4=O)sc3-c3sc4c5c(sc4c32)-c2sc([CH]C3=C([C](C#N)C#N)c4ccccc4C3=O)cc2C5(c2ccc(CCCCCC)cc2)c2ccc(CCCCCC)cc2)cc1,-5.33,3.64,1377.924,10,30,23.95148,-0.0243367633383992,0.0119606812915223,your_data
CCc1ccc(C2(c3ccc(CC)cc3)c3cc(/C=C4\C(=O)c5ccc(C)cc5C4=C(C#N)C#N)sc3-c3sc4c5c(sc4c32)-c2sc(/C=C3\C(=O)c4ccc(C)cc4C3=C(C#N)C#N)cc2C5(c2ccc(CC)cc2)c2ccc(CC)cc2)cc1,-5.3,3.64,1181.546,10,10,18.83976,-0.0317280228413392,0.00982940319891602,your_data
CCOc1c(OCC)c(-c2cc3c(s2)c2sc(/C=C4\C(=O)c5cc(F)c(F)cc5C4=C(C#N)C#N)cc2n3CC)c2nsnc2c1-c1cc2c(s1)c1sc(/C=C3\C(=O)c4cc(F)c(F)cc4C3=C(C#N)C#N)cc1n2CC,-5.51,4.56,1115.235,10,10,15.04202,-0.0211067789742607,0.0192387734931456,your_data
CCOc1cc(-c2cc3c(s2)c2sc(/C=C4\C(=O)c5cc(F)c(F)cc5C4=C(C#N)C#N)cc2n3CC)c(OCC)cc1-c1cc2c(s1)c1sc(/C=C3\C(=O)c4cc(F)c(F)cc4C3=C(C#N)C#N)cc1n2CC,-5.55,4.56,1057.17,9,10,15.03732,-0.0166981288334327,0.0211528393592735,your_data
CCOc1cc(-c2cc3c(s2)c2sc(/C=C4\C(=O)c5cc(F)c(F)cc5C4=C(C#N)C#N)cc2n3CC)c(OCC)cc1-c1cc(CC)c(/C=C2\C(=O)c3cc(F)c(F)cc3C2=C(C#N)C#N)s1,-5.67,4.56,962.044,7,10,13.41042,0.00452436018907147,0.0213949649294742,your_data
CCCCCCCCCCCCC(CCCCCCCCCC)CN1Cc2c(sc3c(CCCCCCCCCCC)c(C=C4C(=O)c5ccccc5C4=C(C#N)C#N)sc23)-c2c1c1c(c3nsnc23)c2sc3c(CCCCCCCCCCC)c(C=C4C(=O)c5ccccc5C4=C(C#N)C#N)sc3c2n1CC(CCCCCCCCCC)CCCCCCCCCCCC,-5.67,3.64,1842.902,9,66,37.56252,-0.012798780192326,0.00815732912124772,your_data
CCc1c(/C=C2\C(=O)c3ccccc3C2=C(C#N)C#N)sc2c1sc1c3c4nsnc4c4c5sc6c(CC)c(/C=C7\C(=O)c8ccc(-c9ccc(-c%10ccc%11c(c%10)C(=C(C#N)C#N)/C(=C/c%10sc%12c(sc%13c%14c%15nsnc%15c%15c%16sc%17c(CC)c(/C=C%18\C(=O)c%19ccc(-c%20cccs%20)cc%19C%18=C(C#N)C#N)sc%17c%16n(CC)c%15c%14n(CC)c%12%13)c%10CC)C%11=O)s9)cc8C7=C(C#N)C#N)sc6c5n(CC)c4c3n(CC)c21,-5.64,7.28,2080.64,22,15,31.0082400000001,-0.0223373239659997,0.0115092478204705,your_data
CCOc1c(/C=C2\C(=O)c3cc(F)c(F)cc3C2=C(C#N)C#N)sc(-c2cc3sc4c(c3s2)C(c2ccc(CC)cc2)(c2ccc(CC)cc2)c2cc3c(cc2-4)C(c2ccc(CC)cc2)(c2ccc(CC)cc2)c2c-3sc3cc(-c4sc(/C=C5\C(=O)c6cc(F)c(F)cc6C5=C(C#N)C#N)c(OCC)c4OCC)sc23)c1OCC,-5.32,4.56,1615.978,13,20,24.9843200000001,-0.0323505512742627,0.00908598939061489,your_data
CCOc1c(/C=C2\C(=O)c3ccc(F)cc3C2=C(C#N)C#N)sc(-c2cc3sc4c(c3s2)C(c2ccc(CC)cc2)(c2ccc(CC)cc2)c2cc3c(cc2-4)C(c2ccc(CC)cc2)(c2ccc(CC)cc2)c2c-3sc3cc(-c4sc(/C=C5\C(=O)c6ccc(F)cc6C5=C(C#N)C#N)c(OCC)c4OCC)sc23)c1OCC,-5.28,4.1,1579.998,13,20,24.7061200000001,-0.0319847813965775,0.00979527703722293,your_data
CCOc1c(/C=C2\C(=O)c3ccccc3C2=C(C#N)C#N)sc(-c2cc3sc4c(c3s2)C(c2ccc(CC)cc2)(c2ccc(CC)cc2)c2cc3c(cc2-4)C(c2ccc(CC)cc2)(c2ccc(CC)cc2)c2c-3sc3cc(-c4sc(/C=C5\C(=O)c6ccccc6C5=C(C#N)C#N)c(OCC)c4OCC)sc23)c1OCC,-5.2,3.64,1544.018,13,20,24.4279200000001,-0.0321798174497615,0.0105060684242056,your_data
CCc1c(/C=C2/C(=O)c3cscc3C2=C(C#N)C#N)sc2c1sc1c3c4nsnc4c4c5sc6c(CC)c(/C=C7/C(=O)c8c(csc8-c8ccc(-c9scc%10c9C(=O)/C(=C/c9sc%11c(sc%12c%13c%14nsnc%14c%14c%15sc%16c(CC)c(/C=C%17/C(=O)c%18c(csc%18-c%18cccs%18)C%17=C(C#N)C#N)sc%16c%15n(CC)c%14c%13n(CC)c%11%12)c9CC)C%10=C(C#N)C#N)s8)C7=C(C#N)C#N)sc6c5n(CC)c4c3n(CC)c21,-5.76,7.28,2104.756,22,15,31.2542400000001,-0.0218135159649692,0.0120064519477413,your_data
CCc1c(/C=C2/C(=O)c3ccsc3C2=C(C#N)C#N)sc2c1sc1c3c4nsnc4c4c5sc6c(CC)c(/C=C7/C(=O)c8cc(-c9ccc(-c%10csc%11c%10C(=O)/C(=C/c%10sc%12c(sc%13c%14c%15nsnc%15c%15c%16sc%17c(CC)c(/C=C%18/C(=O)c%19cc(-c%20cccs%20)sc%19C%18=C(C#N)C#N)sc%17c%16n(CC)c%15c%14n(CC)c%12%13)c%10CC)C%11=C(C#N)C#N)s9)sc8C7=C(C#N)C#N)sc6c5n(CC)c4c3n(CC)c21,-5.73,7.28,2104.756,22,15,31.2542400000001,-0.0220984954369643,0.0120222596809572,your_data
CCc1c(/C=C2\C(=O)c3sccc3C2=C(C#N)C#N)sc2c1sc1c3c4nsnc4c4c5sc6c(CC)c(/C=C7\C(=O)c8sc(-c9ccc(-c%10cc%11c(s%10)C(=O)/C(=C\c%10sc%12c(sc%13c%14c%15nsnc%15c%15c%16sc%17c(CC)c(/C=C%18\C(=O)c%19sc(-c%20cccs%20)cc%19C%18=C(C#N)C#N)sc%17c%16n(CC)c%15c%14n(CC)c%12%13)c%10CC)C%11=C(C#N)C#N)s9)cc8C7=C(C#N)C#N)sc6c5n(CC)c4c3n(CC)c21,-5.66,7.28,2104.756,22,15,31.2542400000001,-0.0220362353525559,0.0122658038160416,your_data
CCc1csc(-c2ccc(-c3cc(CC)c(-c4ccc5c(c4)C(=C(C#N)C#N)/C(=C/c4sc6c(sc7c8c9nsnc9c9c%10sc%11c(CC)c(/C=C%12\C(=O)c%13ccc(-c%14sc(-c%15ccc(-c%16cc(CC)c(-c%17ccc%18c(c%17)C(=C(C#N)C#N)/C(=C/c%17sc%19c(sc%20c%21c%22nsnc%22c%22c%23sc%24c(CC)c(/C=C%25\C(=O)c%26ccccc%26C%25=C(C#N)C#N)sc%24c%23n(CC)c%22c%21n(CC)c%19%20)c%17CC)C%18=O)s%16)c%16nsnc%15%16)cc%14CC)cc%13C%12=C(C#N)C#N)sc%11c%10n(CC)c9c8n(CC)c67)c4CC)C5=O)s3)c3nsnc23)c1,-5.65,7.28,2625.436,28,23,40.0582399999999,-0.0114318071981506,0.00857457612868722,your_data
CCc1csc(-c2cnc(-c3cc(CC)c(-c4ccc5c(c4)C(=C(C#N)C#N)/C(=C/c4sc6c(sc7c8c9nsnc9c9c%10sc%11c(CC)c(/C=C%12\C(=O)c%13ccc(-c%14sc(-c%15cnc(-c%16cc(CC)c(-c%17ccc%18c(c%17)C(=C(C#N)C#N)/C(=C/c%17sc%19c(sc%20c%21c%22nsnc%22c%22c%23sc%24c(CC)c(/C=C%25\C(=O)c%26ccccc%26C%25=C(C#N)C#N)sc%24c%23n(CC)c%22c%21n(CC)c%19%20)c%17CC)C%18=O)s%16)cn%15)cc%14CC)cc%13C%12=C(C#N)C#N)sc%11c%10n(CC)c9c8n(CC)c67)c4CC)C5=O)s3)cn2)c1,-5.65,7.28,2513.258,26,23,37.62884,-0.0121113736514931,0.0091989004459709,your_data
CCc1csc(-c2nc3sc(-c4cc(CC)c(-c5ccc6c(c5)C(=C(C#N)C#N)/C(=C/c5sc7c(sc8c9c%10nsnc%10c%10c%11sc%12c(CC)c(/C=C%13\C(=O)c%14ccc(-c%15sc(-c%16nc%17sc(-c%18cc(CC)c(-c%19ccc%20c(c%19)C(=C(C#N)C#N)/C(=C/c%19sc%21c(sc%22c%23c%24nsnc%24c%24c%25sc%26c(CC)c(/C=C%27\C(=O)c%28ccccc%28C%27=C(C#N)C#N)sc%26c%25n(CC)c%24c%23n(CC)c%21%22)c%19CC)C%20=O)s%18)nc%17s%16)cc%15CC)cc%14C%13=C(C#N)C#N)sc%12c%11n(CC)c%10c9n(CC)c78)c5CC)C6=O)s4)nc3s2)c1,-5.65,7.28,2637.494,28,23,40.1812399999999,-0.0113077865332946,0.00849455897480747,your_data
CCc1c(/C=C2\C(=O)c3ccccc3C2=C(C#N)C#N)sc2c1sc1c3c4nsnc4c4c5sc6c(CC)c(/C=C7\C(=O)c8ccc(-c9ccc(-c%10c(F)c(F)c(-c%11ccc(-c%12ccc%13c(c%12)C(=C(C#N)C#N)/C(=C/c%12sc%14c(sc%15c%16c%17nsnc%17c%17c%18sc%19c(CC)c(/C=C%20\C(=O)c%21ccc(-c%22ccc(-c%23c(F)c(F)c(-c%24cccs%24)c%24nn(CC)nc%23%24)s%22)cc%21C%20=C(C#N)C#N)sc%19c%18n(CC)c%17c%16n(CC)c%14%15)c%12CC)C%13=O)s%11)c%11nn(CC)nc%10%11)s9)cc8C7=C(C#N)C#N)sc6c5n(CC)c4c3n(CC)c21,-5.65,8.2,2607.184,28,21,37.8848399999999,-0.011821853635641,0.00898050461159519,your_data
CCCCCCc1ccc(C2(c3ccc(CCCCCC)cc3)c3cc4c(cc3-c3sc5cc(C=C6C(=O)c7ccccc7C6=C(C#N)C#N)sc5c32)C(c2ccc(CCCCCC)cc2)(c2ccc(CCCCCC)cc2)c2c-4sc3cc(C=C4C(=O)c5cc(C)c(C)cc5C4=C(C#N)C#N)sc23)cc1,-5.7,3.64,1456.038,11,26,26.2345600000001,-0.0223232566629724,0.0111906394041221,your_data
CCCCCCCCCc1ccc(C2(c3ccc(CCCCCCCCC)cc3)c3cc4c(cc3-c3sc5cc(C=C6C(=O)c7ccccc7C6=C(C#N)C#N)sc5c32)C(c2ccc(CCCCCCCCC)cc2)(c2ccc(CCCCCCCCC)cc2)c2c-4sc3cc(C=C4C(=O)c5cc(C)c(C)cc5C4=C(C#N)C#N)sc23)cc1,-5.78,3.64,1624.362,11,38,30.9157600000001,-0.0196633565579755,0.00843631323670104,your_data
CCOc1c(/C=C2\C(=O)c3cc(F)c(F)cc3C2=C(C#N)C#N)sc(-c2cc3c(s2)-c2cc4c(cc2C3(c2ccc(CC)cc2)c2ccc(CC)cc2)-c2sc(-c3sc(/C=C5\C(=O)c6cc(F)c(F)cc6C5=C(C#N)C#N)c(OCC)c3OCC)cc2C4(c2ccc(CC)cc2)c2ccc(CC)cc2)c1OCC,-5.57,4.56,1503.8,11,20,22.55492,-0.0252935513192773,0.010780635195409,your_data
CCOc1c(/C=C2\C(=O)c3cc(F)ccc3C2=C(C#N)C#N)sc(-c2cc3c(s2)-c2cc4c(cc2C3(c2ccc(CC)cc2)c2ccc(CC)cc2)-c2sc(-c3sc(/C=C5\C(=O)c6cc(F)ccc6C5=C(C#N)C#N)c(OCC)c3OCC)cc2C4(c2ccc(CC)cc2)c2ccc(CC)cc2)c1OCC,-5.52,4.1,1467.82,11,20,22.27672,-0.0235770623625417,0.0115104919535166,your_data
CCOc1c(/C=C2\C(=O)c3ccccc3C2=C(C#N)C#N)sc(-c2cc3c(s2)-c2cc4c(cc2C3(c2ccc(CC)cc2)c2ccc(CC)cc2)-c2sc(-c3sc(/C=C5\C(=O)c6ccccc6C5=C(C#N)C#N)c(OCC)c3OCC)cc2C4(c2ccc(CC)cc2)c2ccc(CC)cc2)c1OCC,-5.48,3.64,1431.84,11,20,21.99852,-0.0238346533733115,0.011811192443398,your_data
CCc1ccc(C2(c3ccc(CC)cc3)c3cc4c(cc3-c3sc(-c5ccc(/C=c6\c(=O)c7ccc8c9c(ccc6c97)C(=O)N(CC(C)C)C8=O)c6nsnc56)cc32)C(c2ccc(CC)cc2)(c2ccc(CC)cc2)c2cc(-c3ccc(/C=c5\c(=O)c6ccc7c8c(ccc5c86)C(=O)N(CC(C)C)C7=O)c5nsnc35)sc2-4)cc1,-5.38,2,1557.958,17,16,19.937,-0.0288988356909141,0.00840575913958519,your_data
CC(C)Cc1cc(/C=c2\c(=O)c3ccc4c5c(ccc2c53)C(=O)N(CC(C)C)C4=O)sc1/C=C/c1sc(/C=c2\c(=O)c3ccc4c5c(ccc2c53)C(=O)N(CC(C)C)C4=O)cc1CC(C)C,-5.4,2,911.158,8,12,10.1852,0.00934032060599241,0.0251567033152026,your_data
CCc1ccc(C2(c3ccc(CC)cc3)c3cc4c(cc3-c3sc5cc(/C=c6\c(=O)c7ccc8c9c(ccc6c97)C(=O)N(CC(C)C)C8=O)sc5c32)C(c2ccc(CC)cc2)(c2ccc(CC)cc2)c2c-4sc3cc(/C=c4\c(=O)c5ccc6c7c(ccc4c75)C(=O)N(CC(C)C)C6=O)sc23)cc1,-5.34,2,1401.81,15,14,19.023,-0.0310581897504384,0.0103601757425156,your_data
CCc1ccc(C2(c3ccc(CC)cc3)c3cc4c(cc3-c3sc5c(c32)C(CC)(CC)c2cc(/C=C3\C(=O)c6cc(F)c(F)cc6C3=C(C#N)C#N)sc2-5)C(c2ccc(CC)cc2)(c2ccc(CC)cc2)c2c-4sc3c2C(CC)(CC)c2cc(/C=C4\C(=O)c5cc(F)c(F)cc5C4=C(C#N)C#N)sc2-3)cc1,-5.65,4.56,1463.826,11,14,23.79912,-0.025679703213601,0.0141036428551942,your_data
CCCCCCCCc1ccc(C2(c3ccc(CCCCCC)cc3)c3c(sc4cc(C=C5C(=O)c6cc(F)c(F)cc6C5=C(C#N)C#N)sc34)-c3cc4c(c5cccc2c35)-c2sc3cc(C=C5C(=O)c6cc(F)c(F)cc6C5=C(C#N)C#N)sc3c2C4(c2ccc(CCCCCC)cc2)c2ccc(CCCCCC)cc2)cc1,-5.6,4.56,1578.058,12,28,28.1075200000001,-0.0300484294293941,0.0101984715274843,your_data
CCCCCCc1ccc(C2(c3ccc(CCCCCC)cc3)c3c(sc4cc(C=C5C(=O)c6cc(F)c(F)cc6C5=C(C#N)C#N)sc34)-c3ccc4c5c(ccc2c35)C(c2ccc(CCCCCC)cc2)(c2ccc(CCCCCC)cc2)c2c-4sc3cc(C=C4C(=O)c5cc(F)c(F)cc5C4=C(C#N)C#N)sc23)cc1,-5.66,4.56,1550.004,12,26,27.3273200000001,-0.0317530733501845,0.0106380519941627,your_data
CCCCCCCCc1ccc(C2(c3ccc(CCCCCC)cc3)c3c(sc4cc(C=C5C(=O)c6ccccc6C5=C(C#N)C#N)sc34)-c3cc4c(c5cccc2c35)-c2sc3cc(C=C5C(=O)c6ccccc6C5=C(C#N)C#N)sc3c2C4(c2ccc(CCCCCC)cc2)c2ccc(CCCCCC)cc2)cc1,-5.52,3.64,1506.098,12,28,27.5511200000001,-0.0263352438444578,0.0144998721487026,your_data
CCCCCCc1ccc(C2(c3ccc(CCCCCC)cc3)c3c(sc4cc(C=C5C(=O)c6ccccc6C5=C(C#N)C#N)sc34)-c3ccc4c5c(ccc2c35)C(c2ccc(CCCCCC)cc2)(c2ccc(CCCCCC)cc2)c2c-4sc3cc(C=C4C(=O)c5ccccc5C4=C(C#N)C#N)sc23)cc1,-5.6,3.64,1478.044,12,26,26.7709200000001,-0.0254624121907178,0.0100650566161681,your_data
CCOC(=O)c1cc(-c2cc3c(s2)-c2cc4c(cc2C3(c2ccc(CC)cc2)c2ccc(CC)cc2)-c2sc(-c3cc(C(=O)OCC)c(/C=C5\C(=O)c6cc(F)c(F)cc6C5=C(C#N)C#N)s3)cc2C4(c2ccc(CC)cc2)c2ccc(CC)cc2)sc1/C=C1\C(=O)c2cc(F)c(F)cc2C1=C(C#N)C#N,-5.35,6.46,1471.714,11,16,21.31352,-0.0226784412384983,0.0113067559702129,your_data
CCOC(=O)c1cc(/C=C2\C(=O)c3cc(F)c(F)cc3C2=C(C#N)C#N)sc1-c1cc2c(s1)-c1cc3c(cc1C2(c1ccc(CC)cc1)c1ccc(CC)cc1)-c1sc(-c2sc(/C=C4\C(=O)c5cc(F)c(F)cc5C4=C(C#N)C#N)cc2C(=O)OCC)cc1C3(c1ccc(CC)cc1)c1ccc(CC)cc1,-5.38,6.46,1471.714,11,16,21.31352,-0.0226041009877262,0.0110288276570299,your_data
CCOC(=O)c1cc(/C=C2\C(=O)c3ccccc3C2=C(C#N)C#N)sc1-c1cc2c(s1)-c1cc3c(cc1C2(c1ccc(CC)cc1)c1ccc(CC)cc1)-c1sc(-c2sc(/C=C4\C(=O)c5ccccc5C4=C(C#N)C#N)cc2C(=O)OCC)cc1C3(c1ccc(CC)cc1)c1ccc(CC)cc1,-5.38,5.54,1399.754,11,16,20.75712,-0.024100447390996,0.0115932254166288,your_data
CCC1(CC)c2cc(/C=C3\C(=O)c4cc(Cl)c(Cl)cc4C3=C(C#N)C#N)sc2-c2sc(-c3ccc(-c4cc5c(s4)-c4sc(/C=C6\C(=O)c7cc(Cl)c(Cl)cc7C6=C(C#N)C#N)cc4C5(CC)CC)c4nsnc34)cc21,-5.64,4.56,1147.081,8,8,18.21922,-0.0236346927202354,0.00819164903860624,your_data
CCC1(CC)c2cc(/C=C3\C(=O)c4ccccc4C3=C(C#N)C#N)sc2-c2sc(-c3ccc(-c4cc5c(s4)-c4sc(/C=C6\C(=O)c7ccccc7C6=C(C#N)C#N)cc4C5(CC)CC)c4nsnc34)cc21,-5.54,3.64,1009.301,8,8,15.60562,-0.0102973706678293,0.0184692148036857,your_data
CCC1(CC)c2cc3c(cc2-c2sc(/C=C4\C(=O)c5ccccc5C4=C(C#N)C#N)cc21)C(CC)(CC)c1cc(/C=C2\C(=O)c4ccc(-c5ccc(-c6ccc(-c7ccc8c(c7)C(=C(C#N)C#N)/C(=C/c7cc9c(s7)-c7cc%10c(cc7C9(CC)CC)-c7sc(/C=C9\C(=O)c%11ccc(-c%12ccc(-c%13cccs%13)s%12)cc%11C9=C(C#N)C#N)cc7C%10(CC)CC)C8=O)s6)s5)cc4C2=C(C#N)C#N)sc1-3,-5.65,7.28,1900.456,14,17,31.1822400000001,-0.0262035961662417,0.00919137001249395,your_data
CCC1(CC)c2cc3c(cc2-c2sc(/C=C4\C(=O)c5ccccc5C4=C(C#N)C#N)cc21)C(CC)(CC)c1cc(/C=C2\C(=O)c4ccc(-c5cc(Cl)c(-c6sc(-c7ccc8c(c7)C(=C(C#N)C#N)/C(=C/c7cc9c(s7)-c7cc%10c(cc7C9(CC)CC)-c7sc(/C=C9\C(=O)c%11ccc(-c%12cc(Cl)c(-c%13sccc%13Cl)s%12)cc%11C9=C(C#N)C#N)cc7C%10(CC)CC)C8=O)cc6Cl)s5)cc4C2=C(C#N)C#N)sc1-3,-5.67,8.2,2038.236,14,17,33.79584,-0.0188534362433223,0.010782548832381,your_data
CCC1(CC)c2cc3c(cc2-c2sc(/C=C4\C(=O)c5ccccc5C4=C(C#N)C#N)cc21)C(CC)(CC)c1cc(/C=C2\C(=O)c4ccc(-c5cc(F)c(-c6sc(-c7ccc8c(c7)C(=C(C#N)C#N)/C(=C/c7cc9c(s7)-c7cc%10c(cc7C9(CC)CC)-c7sc(/C=C9\C(=O)c%11ccc(-c%12cc(F)c(-c%13sccc%13F)s%12)cc%11C9=C(C#N)C#N)cc7C%10(CC)CC)C8=O)cc6F)s5)cc4C2=C(C#N)C#N)sc1-3,-5.73,8.2,1972.416,14,17,31.7386400000001,-0.0252242141711754,0.00996808815954724,your_data
CCCCCCOc1cc(C2CC3C(S2)C2=C(CC(C=C4C(=O)c5cc(F)c(F)cc5C4=C(C#N)C#N)S2)C3(C(CC)CCCC)C(CC)CCCC)c(OCCCCCC)cc1-c1cc2c(s1)-c1sc(C=C3C(=O)c4cc(F)c(F)cc4C3=C(C#N)C#N)cc1C2(CC(CC)CCCC)CC(CC)CCCC,-5.47,4.56,1538.16,5,38,27.4902200000001,-0.0258664093065884,0.0113408055129729,your_data
CCCCC(CC)COc1c(-c2cc3c(s2)-c2sc(C=C4C(=O)c5cc(F)c(F)cc5C4=C(C#N)C#N)cc2C3(CC(CC)CCCC)CC(CC)CCCC)ccc(-c2cc3c(s2)-c2sc(C=C4C(=O)c5cc(F)c(F)cc5C4=C(C#N)C#N)cc2C3(CC(CC)CCCC)C(CC)CCCC)c1OCC(CC)CCCC,-5.52,4.56,1602.247,7,41,29.7436200000001,-0.0284500153367391,0.00951576703293135,your_data
CCCCCCCCOc1c(-c2cc3c(s2)-c2sc(C=C4C(=O)c5cc(F)c(F)cc5C4=C(C#N)C#N)cc2C3(CC(CC)CCCC)CC(CC)CCCC)ccc(-c2cc3c(s2)-c2sc(C=C4C(=O)c5cc(F)c(F)cc5C4=C(C#N)C#N)cc2C3(CC(CC)CCCC)C(CC)CCCC)c1OCCCCCCCC,-5.54,4.56,1602.247,7,43,30.0318200000001,-0.0283954095489922,0.0104764249148041,your_data
CCCCCCOc1c(-c2cc3c(s2)-c2sc(C=C4C(=O)c5cc(F)c(F)cc5C4=C(C#N)C#N)cc2C3(CC(CC)CCCC)CC(CC)CCCC)ccc(-c2cc3c(s2)-c2sc(C=C4C(=O)c5cc(F)c(F)cc5C4=C(C#N)C#N)cc2C3(CC(CC)CCCC)C(CC)CCCC)c1OCCCCCC,-5.49,4.56,1546.139,7,39,28.4714200000001,-0.0277714137695049,0.0102532219869936,your_data
CCc1cc(-c2sc3c(N(c4ccc(SC)cc4)c4ccc(SC)cc4)c(-c4cc(CC)c(/C=C5\C(=O)c6cc(F)c(F)cc6C5=C(C#N)C#N)s4)sc3c2N(c2ccc(SC)cc2)c2ccc(SC)cc2)sc1/C=C1\C(=O)c2cc(F)c(F)cc2C1=C(C#N)C#N,-5.5,4.56,1359.728,10,16,22.08952,-0.0235067905257356,0.0108527099481365,your_data
CCc1cc(-c2sc3c(N(c4ccccc4)c4ccccc4)c(-c4cc(CC)c(/C=C5\C(=O)c6cc(F)c(F)cc6C5=C(C#N)C#N)s4)sc3c2N(c2ccccc2)c2ccccc2)sc1/C=C1\C(=O)c2cc(F)c(F)cc2C1=C(C#N)C#N,-5.58,4.56,1175.352,10,12,19.20192,-0.0327243161955399,0.0122165028051414,your_data
CCc1cc(-c2sc3c(N(c4ccc(OC)cc4)c4ccc(OC)cc4)c(-c4cc(CC)c(/C=C5\C(=O)c6cc(F)c(F)cc6C5=C(C#N)C#N)s4)sc3c2N(c2ccc(OC)cc2)c2ccc(OC)cc2)sc1/C=C1\C(=O)c2cc(F)c(F)cc2C1=C(C#N)C#N,-5.4,4.56,1295.456,10,16,19.23632,-0.0276634673483111,0.00955774286056295,your_data
CCc1cc(-c2sc3c(N(c4ccc(C)cc4)c4ccc(C)cc4)c(-c4cc(CC)c(/C=C5\C(=O)c6cc(F)c(F)cc6C5=C(C#N)C#N)s4)sc3c2N(c2ccc(C)cc2)c2ccc(C)cc2)sc1/C=C1\C(=O)c2cc(F)c(F)cc2C1=C(C#N)C#N,-5.59,4.56,1231.46,10,12,20.4356,-0.0359696301181795,0.0107627491020953,your_data
CCCCCCc1ccc(C2(c3ccc(CCCCCC)cc3)c3cc(C=C4C(=O)c5ccccc5C4=C(C#N)C#N)sc3-c3sc4cc5c6c(sc5cc4c32)-c2sc(C=C3C(=O)c4ccccc4C3=C(C#N)C#N)cc2[C@]6(c2ccc(CCCCC)cc2)c2ccc(CCCCCC)cc2)cc1,-5.41,3.64,1413.957,11,25,25.2276200000001,-0.0233873432457514,0.0134384639119906,your_data
CCc1ccc(C2(c3ccc(CC)cc3)c3cc(/C=C4\C(=O)c5c(sc6ccccc56)C4=C(C#N)C#N)sc3-c3sc4cc5c6c(sc5cc4c32)-c2sc(/C=C3\C(=O)c4c(sc5ccccc45)C3=C(C#N)C#N)cc2C6(c2ccc(CC)cc2)c2ccc(CC)cc2)cc1,-5.4,3.64,1315.73,13,10,21.80552,-0.0403220413321028,0.00806223704685199,your_data
CCc1ccc(C2(c3ccc(CC)cc3)c3cc4c(cc3-c3sc5cc(/C=C6\C(=O)c7c(sc8ccccc78)C6=C(C#N)C#N)sc5c32)C(c2ccc(CC)cc2)(c2ccc(CC)cc2)c2c-4sc3cc(/C=C4\C(=O)c5c(sc6ccccc56)C4=C(C#N)C#N)sc23)cc1,-5.49,3.64,1315.73,13,10,21.80552,-0.0403220413321028,0.00806223704685199,your_data
CCc1ccc(C2(c3ccc(CC)cc3)c3cc4c5cc6c(cc5n(CC)c4cc3-c3sc(/C=C4\C(=O)c5ccccc5C4=C(C#N)C#N)cc32)-c2sc(/C=C3\C(=O)c4ccccc4C3=C(C#N)C#N)cc2C6(c2ccc(CC)cc2)c2ccc(CC)cc2)cc1,-5.47,3.64,1208.525,11,11,19.07452,-0.0352066053374915,0.0144154257525141,your_data
CCc1ccc(C2(c3ccc(CC)cc3)c3cc4c5cc6c(cc5n(CC)c4cc3-c3sc(/C=C4\C(=O)c5c(sc7ccccc57)C4=C(C#N)C#N)cc32)-c2sc(/C=C3\C(=O)c4c(sc5ccccc45)C3=C(C#N)C#N)cc2C6(c2ccc(CC)cc2)c2ccc(CC)cc2)cc1,-5.46,3.64,1320.703,13,11,21.50392,-0.0394611203187285,0.00677618592692135,your_data
CCc1ccc(C2(c3ccc(CC)cc3)c3cc4c(cc3-c3sc(-c5sc(/C=C6\C(=O)c7cc(Cl)c(Cl)cc7C6=C(C#N)C#N)cc5CC)cc32)C(c2ccc(CC)cc2)(c2ccc(CC)cc2)c2cc(-c3sc(/C=C5\C(=O)c6cc(Cl)c(Cl)cc6C5=C(C#N)C#N)cc3CC)sc2-4)cc1,-5.54,4.56,1449.516,11,14,24.14212,-0.0257997419105001,0.0131599510361306,your_data
CCc1ccc(C2(c3ccc(CC)cc3)c3cc4c(cc3-c3sc(-c5sc(/C=C6\C(=O)c7cc(F)c(F)cc7C6=C(C#N)C#N)cc5CC)cc32)C(c2ccc(CC)cc2)(c2ccc(CC)cc2)c2cc(-c3sc(/C=C5\C(=O)c6cc(F)c(F)cc6C5=C(C#N)C#N)cc3CC)sc2-4)cc1,-5.51,4.56,1383.696,11,14,22.08492,-0.0242569183780237,0.0131741926602739,your_data
CCc1ccc(C2(c3ccc(CC)cc3)c3cc4c(cc3-c3sc(-c5sc(/C=C6\C(=O)c7ccccc7C6=C(C#N)C#N)cc5CC)cc32)C(c2ccc(CC)cc2)(c2ccc(CC)cc2)c2cc(-c3sc(/C=C5\C(=O)c6ccccc6C5=C(C#N)C#N)cc3CC)sc2-4)cc1,-5.41,3.64,1311.736,11,14,21.52852,-0.0254785826677158,0.0117603256036069,your_data
CCOc1cc(-c2cc3c(s2)-c2sc(/C=C4\C(=O)c5cc(F)c(F)cc5C4=C(C#N)C#N)cc2C3(CC)CC)c(F)cc1-c1cc2c(s1)-c1sc(/C=C3\C(=O)c4cc(F)c(F)cc4C3=C(C#N)C#N)cc1C2(CC)CC,-5.51,4.79,1085.239,7,10,16.69512,-0.01842266602169,0.0138179834576046,your_data
CCOc1cc(-c2cc3c(s2)-c2sc(/C=C4\C(=O)c5ccc(F)cc5C4=C(C#N)C#N)cc2C3(CC)CC)c(F)cc1-c1cc2c(s1)-c1sc(/C=C3\C(=O)c4ccc(F)cc4C3=C(C#N)C#N)cc1C2(CC)CC,-5.47,4.33,1049.259,7,10,16.41692,-0.0156557490266865,0.0150145924273952,your_data
CCOc1cc(-c2cc3c(s2)-c2sc(/C=C4\C(=O)c5ccccc5C4=C(C#N)C#N)cc2C3(CC)CC)c(F)cc1-c1cc2c(s1)-c1sc(/C=C3\C(=O)c4ccccc4C3=C(C#N)C#N)cc1C2(CC)CC,-5.42,3.87,1013.279,7,10,16.13872,-0.0123453395863359,0.013249332649013,your_data
CCCCCCc1ccc(C2(c3ccc(CCCCCC)cc3)c3cc(C=C4C(=O)c5cc(F)c(F)cc5C4=C(C#N)C#N)sc3-c3sc4cc5c6c(sc5cc4c32)-c2sc(C=C3C(=O)c4cc(F)c(F)cc4C3=C(C#N)C#N)cc2[C@]6(c2ccc(CCCCC)cc2)c2ccc(CCCCCC)cc2)cc1,-5.52,4.56,1485.917,11,25,25.7840200000001,-0.0237227655891193,0.0109203155544767,your_data
CCCCCCc1ccc(C2(c3ccc(CCCCCC)cc3)c3cc(C=C4C(=O)C5c6sccc6SC5C4=C(C#N)C#N)sc3-c3sc4cc5c6c(sc5cc4c32)-c2sc(C=C3C(=O)C4c5sccc5SC4C3=C(C#N)C#N)cc2[C@]6(c2ccc(CCCCC)cc2)c2ccc(CCCCCC)cc2)cc1,-5.38,3.64,1542.225,11,25,26.3252200000001,-0.0296721402745154,0.0116588950840294,your_data
CCCCCCc1ccc(C2(c3ccc(CCCCCC)cc3)c3cc4c(cc3-c3sc5c6sc(C=C7C(=O)c8cc(Cl)c(Cl)cc8C7=C(C#N)C#N)cc6n(CC(CCCC)CCCCCC)c5c32)C(c2ccc(CCCCCC)cc2)(c2ccc(CCCCCC)cc2)c2c-4sc3c4sc(C=C5C(=O)c6cc(Cl)c(Cl)cc6C5=C(C#N)C#N)cc4n(CC(CCCC)CCCCCC)c23)cc1,-5.51,4.56,1980.486,13,46,37.69432,-0.0122485227707193,0.00766007351278466,your_data
CCCCCCc1ccc(C2(c3ccc(CCCCCC)cc3)c3cc4c(cc3-c3sc5c6sc(C=C7C(=O)c8cc(F)c(F)cc8C7=C(C#N)C#N)cc6n(CC(CCCC)CCCCCC)c5c32)C(c2ccc(CCCCCC)cc2)(c2ccc(CCCCCC)cc2)c2c-4sc3c4sc(C=C5C(=O)c6cc(F)c(F)cc6C5=C(C#N)C#N)cc4n(CC(CCCC)CCCCCC)c23)cc1,-5.54,4.56,1914.666,13,46,35.63712,-0.0136653985126462,0.00634497484593345,your_data
CCCCCCc1ccc(C2(c3ccc(CCCCCC)cc3)c3cc4c(cc3-c3sc5c6sc(C=C7C(=O)c8ccccc8C7=C(C#N)C#N)cc6n(CC(CCCC)CCCCCC)c5c32)C(c2ccc(CCCCCC)cc2)(c2ccc(CCCCCC)cc2)c2c-4sc3c4sc(C=C5C(=O)c6ccccc6C5=C(C#N)C#N)cc4n(CC(CCCC)CCCCCC)c23)cc1,-5.47,3.64,1842.706,13,46,35.0807200000001,-0.0143651858571893,0.00698002813665544,your_data
CCc1c(/C=C2\C(=O)c3cc4cc(F)c(F)cc4cc3C2=C(C#N)C#N)sc2c1sc1c3c4nsnc4c4c5sc6c(CC)c(/C=C7\C(=O)c8cc9cc(F)c(F)cc9cc8C7=C(C#N)C#N)sc6c5n(CC)c4c3n(CC)c21,-5.58,4.56,1131.281,12,6,16.64822,-0.0249762699010805,0.0118988311425927,your_data
CCc1c(/C=C2\C(=O)c3c(ccc4ccccc34)C2=C(C#N)C#N)sc2c1sc1c3c4nsnc4c4c5sc6c(CC)c(/C=C7\C(=O)c8c(ccc9ccccc89)C7=C(C#N)C#N)sc6c5n(CC)c4c3n(CC)c21,-5.46,3.64,1059.321,12,6,16.09182,-0.0197580184821241,0.0184682790851882,your_data
CCc1c(/C=C2\C(=O)c3cc4ccccc4cc3C2=C(C#N)C#N)sc2c1sc1c3c4nsnc4c4c5sc6c(CC)c(/C=C7\C(=O)c8cc9ccccc9cc8C7=C(C#N)C#N)sc6c5n(CC)c4c3n(CC)c21,-5.42,3.64,1059.321,12,6,16.09182,-0.0201239096756724,0.017622464669522,your_data
CCc1ccc(C2(c3ccc(CC)cc3)c3cc4c(cc3-c3sc5cc(/C=C6\C(=O)c7sc(C)cc7C6=C(C#N)C#N)sc5c32)C(c2ccc(CC)cc2)(c2ccc(CC)cc2)c2c-4sc3cc(/C=C4\C(=O)c5sc(C)cc5C4=C(C#N)C#N)sc23)cc1,-5.5,3.64,1243.664,11,10,20.11596,-0.0384451552193624,0.0155395539119358,your_data
CCCCC(CC)COc1cc(C2CC3C(S2)C2=C(CC(C=C4C(=O)c5cc(F)c(F)cc5C4=C(C#N)C#N)S2)C3(C(CC)CCCC)C(CC)CCCC)c(OCC(CC)CCCC)cc1-c1cc2c(s1)-c1sc(C=C3C(=O)c4cc(F)c(F)cc4C3=C(C#N)C#N)cc1C2(CC(CC)CCCC)CC(CC)CCCC,-5.49,4.56,1594.268,5,40,28.7624200000001,-0.0258919846155784,0.012168581458036,your_data
CCCCCCOc1cc(-c2cc3c(s2)-c2sc(C=C4C(=O)c5ccccc5C4=C(C#N)C#N)cc2C3(CC(CC)CCCC)CC(CC)CCCC)c(OCCCCCC)cc1-c1cc2c(s1)-c1sc(C=C3C(=O)c4ccccc4C3=C(C#N)C#N)cc1C2(CC(CC)CCCC)CC(CC)CCCC,-5.33,3.64,1488.206,7,40,28.3051200000001,-0.0259226186610328,0.0110007226467855,your_data
CCCCCCCCOc1cc(-c2cc3c(s2)-c2sc(C=C4C(=O)c5ccccc5C4=C(C#N)C#N)cc2C3(CC(CC)CCCC)CC(CC)CCCC)c(OCCCCCCCC)cc1-c1cc2c(s1)-c1sc(C=C3C(=O)c4ccccc4C3=C(C#N)C#N)cc1C2(CC(CC)CCCC)CC(CC)CCCC,-5.36,3.64,1544.314,7,44,29.8655200000001,-0.0275322263169817,0.0104489432623979,your_data
CCCCC(CC)COc1cc(C2CC3C(S2)C2=C(CC(C=C4C(=O)c5ccccc5C4=C(C#N)C#N)S2)C3(C(CC)CCCC)C(CC)CCCC)c(OCC(CC)CCCC)cc1-c1cc2c(s1)-c1sc(C=C3C(=O)c4ccccc4C3=C(C#N)C#N)cc1C2(CC(CC)CCCC)CC(CC)CCCC,-5.38,3.64,1522.308,5,40,28.2060200000001,-0.0261288137890616,0.0121277232811344,your_data
CCc1cc(-c2cc3c(s2)-c2sc(/C=C4\C(=O)c5ccccc5C4=C(C#N)C#N)cc2C3(CC)CC)c(CC)cc1-c1cc2c(s1)-c1sc(/C=C3\C(=O)c4ccccc4C3=C(C#N)C#N)cc1C2(CC)CC,-5.53,3.64,1007.344,7,10,16.72572,-0.0127713402720761,0.0132132310549699,your_data
CCc1ccc(C2(c3ccc(CC)cc3)c3cc4c(cc3-c3sc(-c5ncc(/C=C6\C(=O)c7ccccc7C6=C(C#N)C#N)s5)cc32)C(c2ccc(CC)cc2)(c2ccc(CC)cc2)c2cc(-c3ncc(/C=C5\C(=O)c6ccccc6C5=C(C#N)C#N)s3)sc2-4)cc1,-5.62,3.64,1257.604,11,12,19.19372,-0.0360861053826147,0.0145337914569162,your_data
CCc1ccc(C2(c3ccc(CC)cc3)c3cc(/C=C4\C(=O)c5ccc(F)cc5C4=C(C#N)C#N)sc3-c3c2ccc2c4c(ccc32)C(c2ccc(CC)cc2)(c2ccc(CC)cc2)c2cc(/C=C3\C(=O)c5ccc(F)cc5C3=C(C#N)C#N)sc2-4)cc1,-5.52,4.1,1177.414,10,10,18.37812,-0.0309175287004411,0.00873208397485134,your_data
CCc1ccc(C2(c3ccc(CC)cc3)c3cc(/C=C4\C(=O)c5ccc(C)cc5C4=C(C#N)C#N)sc3-c3c2ccc2c4c(ccc32)C(c2ccc(CC)cc2)(c2ccc(CC)cc2)c2cc(/C=C3\C(=O)c5ccc(C)cc5C3=C(C#N)C#N)sc2-4)cc1,-5.53,3.64,1169.488,10,10,18.71676,-0.0307980369137368,0.00917780045495577,your_data
CCc1ccc(C2(c3ccc(CC)cc3)c3cc(/C=C4\C(=O)c5ccc(OC)cc5C4=C(C#N)C#N)sc3-c3c2ccc2c4c(ccc32)C(c2ccc(CC)cc2)(c2ccc(CC)cc2)c2cc(/C=C3\C(=O)c5ccc(OC)cc5C3=C(C#N)C#N)sc2-4)cc1,-5.53,3.64,1201.486,10,12,18.11712,-0.0328634174927209,0.012449456718145,your_data
CCc1ccc(C2(c3ccc(CC)cc3)c3cc4c(cc3-c3sc(-c5sc(/C=C6\C(=O)c7cc8ccccc8cc7C6=C(C#N)C#N)cc5CC)cc32)C(c2ccc(CC)cc2)(c2ccc(CC)cc2)c2cc(-c3sc(/C=C5\C(=O)c6cc7ccccc7cc6C5=C(C#N)C#N)cc3CC)sc2-4)cc1,-5.58,3.64,1411.856,13,14,23.83492,-0.0328590143391303,0.0136250100060435,your_data
CCC1(CC)C2=C(c3ccc(-c4ccc(/C=C5\C(=O)c6cc(F)c(F)cc6C5=C(C#N)C#N)s4)cc31)C(CC)(CC)c1cc(-c3ccc(/C=C4\C(=O)c5cc(F)c(F)cc5C4=C(C#N)C#N)s3)ccc12,-5.61,4.56,961.078,6,8,14.91492,0.00103693941599027,0.0176331385758803,your_data
CCC1(CC)C2=C(c3ccc(-c4ccc(/C=C5\C(=O)c6ccc(F)cc6C5=C(C#N)C#N)s4)cc31)C(CC)(CC)c1cc(-c3ccc(/C=C4\C(=O)c5ccc(F)cc5C4=C(C#N)C#N)s3)ccc12,-5.6,4.1,925.098,6,8,14.63672,0.00846060809632519,0.0219538471708233,your_data
CCC1(CC)C2=C(c3ccc(-c4ccc(/C=C5\C(=O)c6ccccc6C5=C(C#N)C#N)s4)cc31)C(CC)(CC)c1cc(-c3ccc(/C=C4\C(=O)c5ccccc5C4=C(C#N)C#N)s3)ccc12,-5.59,3.64,889.118,6,8,14.35852,0.0158237726590093,0.0246796371505504,your_data
CCc1c(/C=C2\C(=O)c3cc(F)ccc3C2=C(C#N)C#N)sc2c1sc1c3c4nn(CC)nc4c4c5sc6c(CC)c(/C=C7\C(=O)c8cc(F)ccc8C7=C(C#N)C#N)sc6c5n(CC)c4c3n(CC)c21,-5.56,4.1,1006.183,10,7,13.82352,-0.00168181483107359,0.0259902005841602,your_data
CCc1ccc(C2(c3ccc(CC)cc3)c3cc4c(cc3-c3sc(/C=C5\C(=O)c6ccc(C)cc6C5=C(C#N)C#N)cc32)C(c2ccc(CC)cc2)(c2ccc(CC)cc2)c2c-4sc3cc(/C=C4\C(=O)c5ccc(C)cc5C4=C(C#N)C#N)sc23)cc1,-5.6,3.64,1175.517,10,10,18.77826,-0.0312149318185902,0.00948633700551886,your_data
CCc1ccc(C2(c3ccc(CC)cc3)c3cc4c(cc3-c3sc(/C=C5\C(=O)c6ccc(F)cc6C5=C(C#N)C#N)cc32)C(c2ccc(CC)cc2)(c2ccc(CC)cc2)c2c-4sc3c4sc(/C=C5\C(=O)c6ccc(F)cc6C5=C(C#N)C#N)cc4n(CC)c23)cc1,-5.51,4.1,1250.534,11,11,19.41422,-0.0375783902212349,0.0154181175668803,your_data
CCc1ccc(C2(c3ccc(CC)cc3)c3cc4c(cc3-c3sc5cc(/C=C6\C(=O)c7ccc(F)cc7C6=C(C#N)C#N)sc5c32)C(c2ccc(CC)cc2)(c2ccc(CC)cc2)c2c-4sc3c4sc(/C=C5\C(=O)c6ccc(F)cc6C5=C(C#N)C#N)cc4n(CC)c23)cc1,-5.46,4.1,1306.623,12,11,20.62892,-0.0421049704103243,0.0125158031360393,your_data
CCc1ccc(C2(c3ccc(CC)cc3)c3cc4c(cc3-c3sc5c(sc6cc(/C=C7\C(=O)c8cc(F)ccc8C7=C(C#N)C#N)sc65)c32)C(c2ccc(CC)cc2)(c2ccc(CC)cc2)c2c-4sc3c4sc(/C=C5\C(=O)c6cc(F)ccc6C5=C(C#N)C#N)cc4n(CC)c23)cc1,-5.4,4.1,1362.712,13,11,21.84362,-0.0385460443584268,0.00826828540168638,your_data
CCc1ccc(C2(c3ccc(CC)cc3)c3cc4c5cc6c(cc5n(CC)c4cc3-c3sc4cc(/C=C5\C(=O)c7cc(F)c(F)cc7C5=C(C#N)C#N)sc4c32)-c2sc3cc(/C=C4\C(=O)c5cc(F)c(F)cc5C4=C(C#N)C#N)sc3c2C6(c2ccc(CC)cc2)c2ccc(CC)cc2)cc1,-5.61,4.56,1392.663,13,11,22.06032,-0.0385165475144114,0.00987938662371925,your_data
CCc1ccc(C2(c3ccc(CC)cc3)c3cc4c5cc6c(cc5n(CC)c4cc3-c3sc4cc(/C=C5\C(=O)c7ccccc7C5=C(C#N)C#N)sc4c32)-c2sc3cc(/C=C4\C(=O)c5ccccc5C4=C(C#N)C#N)sc3c2C6(c2ccc(CC)cc2)c2ccc(CC)cc2)cc1,-5.54,3.64,1320.703,13,11,21.50392,-0.0397283904988941,0.00847324073696044,your_data
CCCCCCCCCCCc1c(C=C2C(=O)c3ccccc3C2=C(C#N)C#N)sc2c1sc1c3c4nsnc4c4c5sc6c(CCCCCCCCCCC)c(C=CC=C7C(=O)c8ccccc8C7=C(C#N)C#N)sc6c5n(CC(CCCC)CCCCCC)c4c3n(CC(CCCC)CCCCC)c21,-5.54,3.64,1504.238,10,42,28.4871200000001,-0.0226872356175984,0.0117202380134834,your_data
CCCCC(CC)CC1(CC(CC)CCCC)c2cc(C=C3C(=O)c4cc(F)c(F)cc4C3=C(C#N)C#N)sc2-c2sc(-c3c(F)c(F)c(-c4cc5c(s4)C4=C(C=C(C=C6C(=O)c7cc(F)c(F)cc7C6=C(C#N)C#N)C4)C5(CC(CC)CCCC)C(CC)CCCC)c4nsnc34)cc21,-5.98,5.02,1421.822,7,27,24.3862200000001,-0.0279726249958621,0.0083837232252222,your_data
CCCCC(CC)CC1(CC(CC)CCCC)c2cc(C=C3C(=O)c4cc(F)c(F)cc4C3=C(C#N)C#N)sc2-c2sc(-c3ccc(-c4cc5c(s4)C4=C(C=C(C=C6C(=O)c7cc(F)c(F)cc7C6=C(C#N)C#N)C4)C5(CC(CC)CCCC)C(CC)CCCC)c4nsnc34)cc21,-5.89,4.56,1385.842,7,27,24.1080200000001,-0.0271083818149765,0.00968058033428414,your_data
CCCCCCCCOc1c(OCCCCCCCC)c(-c2cc3c(s2)-c2sc(C=C4C(=O)c5cc(F)c(F)cc5C4=C(C#N)C#N)cc2C3(CC(CC)CCCC)CC(CC)CCCC)c2nsnc2c1-c1cc2c(s1)C1=C(C=C(C=C3C(=O)c4cc(F)c(F)cc4C3=C(C#N)C#N)C1)C2(CC(CC)CCCC)C(CC)CCCC,-5.92,4.56,1642.272,7,43,29.5866200000001,-0.0286095320596729,0.011438007876022,your_data
CCn1nc2c(-c3cc4c(s3)-c3sc(/C=C5\C(=O)c6cc(F)c(F)cc6C5=C(C#N)C#N)cc3C4(CC)CC)c(F)c(F)c(-c3cc4c(s3)-c3sc(/C=C5\C(=O)c6cc(F)c(F)cc6C5=C(C#N)C#N)cc3C4(CC)CC)c2n1,-5.56,5.02,1128.243,8,9,16.20012,-0.0209592004184488,0.0157313465892063,your_data
CCn1nc2c(-c3cc4c(s3)-c3sc(/C=C5\C(=O)c6ccc(F)cc6C5=C(C#N)C#N)cc3C4(CC)CC)c(F)c(F)c(-c3cc4c(s3)-c3sc(/C=C5\C(=O)c6ccc(F)cc6C5=C(C#N)C#N)cc3C4(CC)CC)c2n1,-5.52,4.56,1092.263,8,9,15.92192,-0.0192986168058999,0.0177209883928613,your_data
CCn1nc2c(-c3cc4c(s3)-c3sc(/C=C5\C(=O)c6ccccc6C5=C(C#N)C#N)cc3C4(CC)CC)c(F)c(F)c(-c3cc4c(s3)-c3sc(/C=C5\C(=O)c6ccccc6C5=C(C#N)C#N)cc3C4(CC)CC)c2n1,-5.47,4.1,1056.283,8,9,15.64372,-0.0166259269886647,0.0171133111329349,your_data
CCc1cc2c(-c3ccc4c(c3)C(CC)(CC)C3=C4C(CC)(CC)c4cc(-c5sc(/C=C6\C(=O)c7cc(F)c(F)cc7C6=C(C#N)C#N)c6[se]c(CC)cc56)ccc43)sc(/C=C3\C(=O)c4cc(F)c(F)cc4C3=C(C#N)C#N)c2[se]1,-5.54,4.56,1223.15,8,10,16.46012,-0.0276044498118764,0.00898720971324467,your_data
CCCCCCc1ccc(C2(c3ccc(CCCCCC)cc3)c3cc(C=C4C(=O)c5cc(F)c(F)cc5C4=C(C#N)C#N)sc3-c3sc4cc5c6c(sc5cc4c32)-c2c(n(CC(CC)CCCC)c3cc(C=C4C(=O)c5cc(F)c(F)cc5C4=C(C#N)C#N)sc23)C6(c2ccc(CCCCC)cc2)c2ccc(CCCCCC)cc2)cc1,-5.53,4.56,1637.17,12,31,28.9551200000001,-0.0263873077465824,0.0102069939009159,your_data
CCc1ccc(C2(c3ccc(C)cc3)c3cc4c(cc3-c3sc5cc(/C=C6\C(=O)c7cc(F)c(F)cc7C6=C(C#N)C#N)sc5c32)C(c2ccc(CC)cc2)(c2ccc(CC)cc2)c2c-4sc3cc(/C=C4\C(=O)c5sc(Cl)cc5C4=C(C#N)C#N)sc23)cc1,-5.4,4.33,1265.979,11,9,20.11524,-0.0396656744457171,0.0156072072736711,your_data
CCc1ccc(C2(c3ccc(C)cc3)c3cc4c(cc3-c3sc5cc(/C=C6\C(=O)c7cc(F)c(F)cc7C6=C(C#N)C#N)sc5c32)C(c2ccc(CC)cc2)(c2ccc(CC)cc2)c2c-4sc3cc(/C=C4\C(=O)c5sc(C)cc5C4=C(C#N)C#N)sc23)cc1,-5.4,4.1,1245.561,11,9,19.77026,-0.0381366199220723,0.0151570765363585,your_data
CCc1ccc(C2(c3ccc(CC)cc3)c3cc4c(cc3-c3sc5cc(/C=C6\C(=O)c7sc(Cl)cc7C6=C(C#N)C#N)sc5c32)C(c2ccc(CC)cc2)(c2ccc(CC)cc2)c2c-4sc3cc(/C=C4\C(=O)c5sc(Cl)cc5C4=C(C#N)C#N)sc23)cc1,-5.35,4.1,1284.5,11,10,20.80592,-0.0381989684173093,0.0159723633484454,your_data
CCc1ccc(C2(c3ccc(CC)cc3)c3cc4c(cc3-c3sc(/C=C5\C(=O)c6cc(Cl)c(Cl)cc6C5=C(C#N)C#N)cc32)C(c2ccc(CC)cc2)(c2ccc(CC)cc2)c2cc(-c3c(F)c(F)c(-c5cc6c(s5)-c5cc7c(cc5C6(c5ccc(CC)cc5)c5ccc(CC)cc5)-c5sc(/C=C6\C(=O)c8cc(Cl)c(Cl)cc8C6=C(C#N)C#N)cc5C7(c5ccc(CC)cc5)c5cccc(CC)c5)c5nonc35)sc2-4)cc1,-5.7,5.02,2064.211,18,20,33.80752,-0.0160742603483508,0.0106662745401068,your_data
CCc1ccc(C2(c3ccc(CC)cc3)c3cc4c(cc3-c3sc(/C=C5\C(=O)c6cc(Cl)c(Cl)cc6C5=C(C#N)C#N)cc32)C(c2ccc(CC)cc2)(c2ccc(CC)cc2)c2cc(-c3c(F)c(F)c(-c5cc6c(s5)-c5cc7c(cc5C6(c5ccc(CC)cc5)c5ccc(CC)cc5)-c5sc(/C=C6\C(=O)c8cc(Cl)c(Cl)cc8C6=C(C#N)C#N)cc5C7(c5ccc(CC)cc5)c5cccc(CC)c5)c5nsnc35)sc2-4)cc1,-5.35,5.02,2080.279,18,20,34.27602,-0.0152211211232995,0.0104035648995743,your_data
CCCCCCc1ccc(C2(c3ccc(CCCCCC)cc3)c3cc4c(cc3-c3sc(C=C5C(=O)c6cc(Cl)c(Cl)cc6C5=C(C#N)C#N)cc32)C(c2ccc(CCCCCC)cc2)(c2ccc(CCCCCC)cc2)c2c-4sc3c4sc(C=C5C(=O)c6cc(Cl)c(Cl)cc6C5=C(C#N)C#N)cc4n(CC(CC)CCCC)c23)cc1,-5.66,4.56,1660.928,11,32,30.1877200000001,-0.0241529787817363,0.00914313058483193,your_data
CCCCCCc1ccc(C2(c3ccc(CCCCCC)cc3)c3cc4c(cc3-c3sc(C=C5C(=O)c6cc(F)c(F)cc6C5=C(C#N)C#N)cc32)C(c2ccc(CCCCCC)cc2)(c2ccc(CCCCCC)cc2)c2c-4sc3c4sc(C=C5C(=O)c6cc(F)c(F)cc6C5=C(C#N)C#N)cc4n(CC(CC)CCCC)c23)cc1,-5.3,4.56,1595.108,11,32,28.1305200000001,-0.024769614689146,0.0105326570701216,your_data
CCc1ccc(C2(c3ccc(CC)cc3)c3cc4c(cc3-c3sc(/C=C5\C(=O)c6ccccc6C5=C(C#N)C#N)cc32)C(c2ccc(CC)cc2)(c2ccc(CC)cc2)c2c-4sc3c4sc(/C=C5\C(=O)c6ccccc6C5=C(C#N)C#N)cc4n(CC)c23)cc1,-5.79,3.64,1214.554,11,11,19.13602,-0.0354454378627215,0.0142763077846827,your_data
CCc1ccc(C2(c3ccc(CC)cc3)c3cc4c(cc3-c3sc5cc(/C=C6\C(=O)c7cc(F)c(F)cc7C6=C(C#N)C#N)sc5c32)C(c2ccc(CC)cc2)(c2ccc(CC)cc2)c2c-4sc3cc(/C=C4\C(=O)c5sc(Br)cc5C4=C(C#N)C#N)sc23)cc1,-5.74,4.33,1324.457,11,10,20.47832,-0.0343052673968449,0.0156902043399558,your_data
CCc1ccc(C2(c3ccc(CC)cc3)c3cc4c(cc3-c3sc5cc(/C=C6\C(=O)c7sc(Br)cc7C6=C(C#N)C#N)sc5c32)C(c2ccc(CC)cc2)(c2ccc(CC)cc2)c2c-4sc3cc(/C=C4\C(=O)c5sc(Br)cc5C4=C(C#N)C#N)sc23)cc1,-5.65,4.1,1373.402,11,10,21.02412,-0.0322471268129912,0.015965408019334,your_data
CCCCCCCCCCCc1c(C=C2C(=O)c3cc4cc(Br)sc4cc3C2=C(C#N)C#N)sc2c1sc1c3c4nsnc4c4c5sc6c(CCCCCCCCCCC)c(C=C7C(=O)c8cc9cc(Br)sc9cc8C7=C(C#N)C#N)sc6c5n(CC(CCCC)CCCCCCC)c4c3n(CC(CCCC)CCCCCC)c21,-5.64,4.1,1776.224,12,43,32.6655200000001,-0.0198662734187952,0.00701421779752748,your_data
CCCCCCCCCCCc1c(C=C2C(=O)c3cc(F)c(F)cc3C2=C(C#N)C#N)sc2c1sc1c3c4nsnc4c4c5sc6c(CCCCCCCCCCC)c(C=C7C(=O)c8cc(F)c(F)cc8C7=C(C#N)C#N)sc6c5n(CC(CCC)CCCC)c4c3n(CCCCC3CCCCC3)c21,-5.64,4.56,1492.036,10,34,26.6809200000001,-0.0215552895657265,0.0082504435821841,your_data
N#CC(C#N)=C1C(=Cc2cc3sc4c(c3s2)C(CCCCCCc2ccccc2)(CCCCCCc2ccccc2)c2cc3c(cc2-4)C(CCCCCCc2ccccc2)(CCCCCCc2ccccc2)c2c-3sc3cc(C=C4C(=O)c5cc(F)c(F)cc5C4=C(C#N)C#N)sc23)C(=O)c2cc(F)c(F)cc21,-5.68,4.56,1499.944,11,30,26.2625200000001,-0.0222135963769603,0.0111650887736084,your_data
CCCCCCCC(CCCC)COc1c(/C=C2\C(=O)C3C=C(F)C(F)=CC3C2=C(C#N)C#N)sc2c1sc1c3c4nsnc4c4c5sc6c(SCC(CCCC)CCCCCC)c(C=C7C(=O)c8cc(F)c(F)cc8C7=C(C#N)C#N)sc6c5n(CC(CCCC)CCCCCC)c4c3n(CC(CCCC)CCCCCC)c21,-5.55,4.56,1656.35,9,45,30.0492200000001,-0.0268004804190201,0.011978503391775,your_data
CCc1c(/C=C2\C(=O)c3cc(F)c(F)cc3C2=C(C#N)C#N)sc2c1sc1c3c4nsnc4c4c5sc6c(CC)c(/C=C7\C(=O)c8c(Cl)c(Cl)c(Cl)c(Cl)c8C7=C(C#N)C#N)sc6c5n(CC)c4c3n(CC)c21,-5.72,5.02,1132.961,10,6,16.67722,-0.0187344577897321,0.0109161395125893,your_data
CCc1c(/C=C2\C(=O)c3cc(Cl)c(Cl)cc3C2=C(C#N)C#N)sc2c1sc1c3c4nsnc4c4c5sc6c(CC)c(/C=C7\C(=O)c8c(Cl)c(Cl)c(Cl)c(Cl)c8C7=C(C#N)C#N)sc6c5n(CC)c4c3n(CC)c21,-5.64,5.02,1165.871,10,6,17.70582,-0.0229541383446725,0.00927080365067219,your_data
CCCCCCCCCCCc1c(C=C2C(=O)c3cc(C=Cc4ccc5c(c4)C(=O)C(=Cc4sc6c(sc7c8c9nsnc9c9c%10sc%11c(CCCCCCCCCCC)c(C=C%12C(=O)c%13cc(C)ccc%13C%12=C(C#N)C#N)sc%11c%10n(CC(CCCCCCCC)CCCCCCCCCC)c9c8n(CC(CCCCCCCC)CCCCCCCCCC)c67)c4CCCCCCCCCCC)C5=C(C#N)C#N)ccc3C2=C(C#N)C#N)sc2c1sc1c3c4nsnc4c4c5sc6cc(C=C7C(=O)c8cc(C)ccc8C7=C(C#N)C#N)sc6c5n(CC(CCCCCCCC)CCCCCCCCCC)c4c3n(CC(CCCCCCCC)CCCCCCCCCC)c21,-5.62,7.28,3331.097,20,108,66.1525799999996,-0.00894855712347242,0.00698186593976622,your_data
CCCCCCCCCCCc1c(C=C2C(=O)c3cc(-c4ccc(-c5ccc6c(c5)C(=O)C(=Cc5sc7c(sc8c9c%10nsnc%10c%10c%11sc%12c(CCCCCCCCCCC)c(C=C%13C(=O)c%14cc(C)ccc%14C%13=C(C#N)C#N)sc%12c%11n(CC(CCCCCCCC)CCCCCCCCCC)c%10c9n(CC(CCCCCCCC)CCCCCCCCCC)c78)c5CCCCCCCCCCC)C6=C(C#N)C#N)s4)ccc3C2=C(C#N)C#N)sc2c1sc1c3c4nsnc4c4c5sc6cc(C=C7C(=O)c8cc(C)ccc8C7=C(C#N)C#N)sc6c5n(CC(CCCCCCCC)CCCCCCCCCC)c4c3n(CC(CCCCCCCC)CCCCCCCCCC)c21,-5.65,7.28,3387.186,21,108,67.3776799999997,-0.00894855712347242,0.00698186593976622,your_data
CCCCCCCCCCCc1c(C=C2C(=O)c3cc(-c4ccc(-c5ccc(-c6ccc7c(c6)C(=O)C(=Cc6sc8c(sc9c%10c%11nsnc%11c%11c%12sc%13c(CCCCCCCCCCC)c(C=C%14C(=O)c%15cc(C)ccc%15C%14=C(C#N)C#N)sc%13c%12n(CC(CCCCCCCC)CCCCCCCCCC)c%11c%10n(CC(CCCCCCCC)CCCCCCCCCCC)c89)c6CCCCCCCCCCC)C7=C(C#N)C#N)s5)s4)ccc3C2=C(C#N)C#N)sc2c1sc1c3c4nsnc4c4c5sc6c(CCCCCCCCCCC)c(C=C7C(=O)c8cc(C(C)(C)C)ccc8C7=C(C#N)C#N)sc6c5n(CC(CCCCCCCC)CCCCCCCCCC)c4c3n(CC(CCCCCCCC)CCCCCCCCCC)c21,-5.72,7.28,3679.718,22,120,74.55866,-0.00894855712347242,0.00698186593976622,your_data
CCCCCCCCCCCc1c(C=C2C(=O)c3cc(F)c(F)cc3C2=C(C#N)C#N)sc2c1sc1c3c4nsnc4c4c5sc6c(CCCCCCCCCCC)c(C=C7C(=O)c8cc(F)c(F)cc8C7=C(C#N)C#N)sc6c5n(CC(CC)CCCC)c4c3n(CCCCCCCCCOc3ccc(OCCCCCCCCCn4c5c6sc(C=C7C(=O)c8cc(F)c(F)cc8C7=C(C#N)C#N)c(CCCCCCCCCCC)c6sc5c5c6nsnc6c6c7sc8c(CCCCCCCCCCC)c(C=C9C(=O)c%10cc(F)c(F)cc%10C9=C(C#N)C#N)sc8c7n(CC(CC)CCCC)c6c54)cc3)c21,-5.7,9.12,3038.076,21,78,53.0132399999996,-0.00894855712347242,0.00698186593976622,your_data
CCCCCCCCCCCc1c(C=C2C(=O)c3cc(F)c(F)cc3C2=C(C#N)C#N)sc2c1sc1c3c4nsnc4c4c5sc6c(CCCCCCCCCCC)c(C=C7C(=O)c8cc(F)c(F)cc8C7=C(C#N)C#N)sc6c5n(CC(CC)CCCC)c4c3n(CCCCCCCCOc3ccc(OCCCCCCCCn4c5c6sc(C=C7C(=O)c8cc(F)c(F)cc8C7=C(C#N)C#N)c(CCCCCCCCCCC)c6sc5c5c6nsnc6c6c7sc8c(CCCCCCCCCCC)c(C=C9C(=O)c%10cc(F)c(F)cc%10C9=C(C#N)C#N)sc8c7n(CC(CC)CCCC)c6c54)cc3)c21,-5.67,9.12,3010.022,21,76,52.2330399999997,-0.00894855712347242,0.00698186593976622,your_data
CCCCCCCCCCCc1c(C=C2C(=O)c3cc(F)c(F)cc3C2=C(C#N)C#N)sc2c1sc1c3c4nsnc4c4c5sc6c(CCCCCCCCCCC)c(C=C7C(=O)c8cc(F)c(F)cc8C7=C(C#N)C#N)sc6c5n(CC(CC)CCCC)c4c3n(CCCCCCOc3ccc(OCCCCCCn4c5c6sc(C=C7C(=O)c8cc(F)c(F)cc8C7=C(C#N)C#N)c(CCCCCCCCCCC)c6sc5c5c6nsnc6c6c7sc8c(CCCCCCCCCCC)c(C=C9C(=O)c%10cc(F)c(F)cc%10C9=C(C#N)C#N)sc8c7n(CC(CC)CCCC)c6c54)cc3)c21,-5.67,9.12,2953.914,21,72,50.6726399999997,-0.00894855712347242,0.00698186593976622,your_data
CCCCC(CC)Cc1sc(-c2c3cc(-c4ccc(-c5sc(-c6ccc(C)s6)c6c5C(=O)c5c(CC(CC)CCCC)sc(CC(CC)CCCC)c5C6=O)s4)sc3c(-c3cc(F)c(CC(CC)CCCC)s3)c3cc(C)sc23)cc1F,-5.68,1.46,1249.956,9,29,25.5260400000001,-0.0260254833919223,0.00889256300296669,your_data
CCCCCCC(CCCC)Cc1c(C=C2C(=O)c3cc(Cl)c(Cl)cc3C2=C(C#N)C#N)sc2c1sc1c3c4nc(-c5scc(F)c5F)c(-c5scc(F)c5F)nc4c4c5sc6c(CC(CCCC)CCCCCC)c(C=C7C(=O)c8cc(Cl)c(Cl)cc8C7=C(C#N)C#N)sc6c5n(CC(CC)CCCC)c4c3n(CC(CC)CCCC)c21,-5.58,5.48,1776.03,12,36,32.2577200000001,-0.0221010494997068,0.0077721184795033,your_data
CCCCCCCCCCCc1c(C=C2C(=O)c3cc(F)c(F)cc3C2=C(C#N)C#N)sc2c1sc1c3c4nc5cc(Cl)c6ccccc6c5nc4c4c5sc6c(CCCCCCCCCCC)c(C=C7C(=O)c8cc(F)c(F)cc8C7=C(C#N)C#N)sc6c5n(CC(CCCC)CCCCCC)c4c3n(CC(CCCC)CCCCCC)c21,-5.61,4.79,1692.723,12,42,31.7757200000001,-0.0232683543608547,0.00740314252250652,your_data
CCCCCCCCCCCc1c(C=C2C(=O)c3cc(F)c(F)cc3C2=C(C#N)C#N)sc2c1sc1c3c4nc5ccc6ccc(C)cc6c5nc4c4c5sc6c(CCCCCCCCCCC)c(C=C7C(=O)c8cc(F)c(F)cc8C7=C(C#N)C#N)sc6c5n(CC(CCCC)CCCCCC)c4c3n(CC(CCCC)CCCCCC)c21,-5.56,4.56,1672.305,12,42,31.4307400000001,-0.0227444189344897,0.00709485339862756,your_data
CCCCCCCCCCCc1c(C=C2C(=O)c3cc(F)c(F)cc3C2=C(C#N)C#N)sc2c1sc1c3c4nc5ccc6cc(Cl)ccc6c5nc4c4c5sc6c(CCCCCCCCCCC)c(C=C7C(=O)c8cc(F)c(F)cc8C7=C(C#N)C#N)sc6c5n(CC(CCCC)CCCCCC)c4c3n(CC(CCCC)CCCCCC)c21,-5.68,4.79,1692.723,12,42,31.7757200000001,-0.0232683543608547,0.00740314252250652,your_data
CCCCCCCCCCCc1c(C=C2C(=O)c3cc(F)c(F)cc3C2=C(C#N)C#N)sc2c1sc1c3c4nc5ccc6ccccc6c5nc4c4c5sc6c(CCCCCCCCCCC)c(C=C7C(=O)c8cc(F)c(F)cc8C7=C(C#N)C#N)sc6c5n(CC(CCCC)CCCCCC)c4c3n(CC(CCCC)CCCCCC)c21,-5.65,4.56,1658.278,12,42,31.1223200000001,-0.0223877509738098,0.00759131865734919,your_data
CCCCCCC(CCCC)CCc1c(C=C2C(=O)c3cc(F)c(F)cc3C2=C(C#N)C#N)sc2c1sc1c3c4nsnc4c4c5sc6c(CCC(CCCC)CCCCCC)c(/C=C7\C(=O)c8cc(F)c(F)cc8C7C(C#N)C#N)sc6c5n(CC(CC)CCCC)c4c3n(CC(CC)CCCC)c21,-5.68,4.56,1510.095,10,37,26.9750200000001,-0.0231061414211788,0.0100742410242513,your_data
CCCCCCCCCCCCC(CCCCCCCCCC)Cn1c2c3sc(C=C4C(=O)c5cc(C)ccc5C4=C(C#N)C#N)c(CCCCCCCCCCC)c3sc2c2c3nsnc3c3c4sc5c(CCCCCCCCCCC)c(C=C6C(=O)c7cc(-c8ccc(C)s8)ccc7C6=C(C#N)C#N)sc5c4n(CC(CCCCCCCCCC)CCCCCCCCCCCC)c3c21,-5.52,3.64,1939.056,11,67,40.02876,-0.0112052434821039,0.00768785812403352,your_data
C=C1C(=Cc2sc3c(sc4c5c6nsnc6c6c7sc8c(CCCCCCCCC)c(C=C9C(=C)c%10cc(Cl)c(OC)cc%10C9=O)sc8c7n(CC(CCCC)CCCCCC)c6c5n(CC(CCCC)CCCCCC)c34)c2CCCCCCCCC)C(=O)c2cc(Cl)c(Cl)cc21,-5.74,1.69,1469.44,10,39,29.1543000000001,-0.016819782368887,0.0126230996890188,your_data
CCCCCCCCCCCc1c(C=C2C(=O)c3c(ccc(C)c3F)C2=C(C#N)C#N)sc2c1sc1c3c4nsnc4c4c5sc6c(CCCCCCCCCCC)c(C=C7C(=O)c8c(ccc(-c9ccc(C)s9)c8F)C7=C(C#N)C#N)sc6c5n(CC(CCCCCCCC)CCCCCCCCCC)c4c3n(CC(CCCCCCCC)CCCCCCCCCC)c21,-5.68,4.1,1862.82,11,59,37.18616,-0.0122335489876277,0.00765071445195439,your_data
CCCCCCCCCCCc1c(C=C2C(=O)c3cc(-c4ccc(-c5ccc6c(c5)C(=O)C(=Cc5sc7c(sc8c9c%10nsnc%10c%10c%11sc%12c(CCCCCCCCCCC)c(C=C%13C(=O)c%14cc(F)c(F)cc%14C%13=C(C#N)C#N)sc%12c%11n(CC(CCCCCC)CCCCCCCC)c%10c9n(CC(CCCCCC)CCCCCCCC)c78)c5CCCCCCCCCCC)C6=C(C#N)C#N)s4)ccc3C2=C(C#N)C#N)sc2c1sc1c3c4nsnc4c4c5sc6c(CCCCCCCCCCC)c(C=C7C(=O)c8cc(F)c(F)cc8C7=C(C#N)C#N)sc6c5n(CC(CCCCCC)CCCCCCCC)c4c3n(CC(CCCCCC)CCCCCCCC)c21,-5.6,8.2,3360.957,21,102,65.1489399999996,-0.00894855712347242,0.00698186593976622,your_data
CCCCCCCCCCCc1c(C=C2C(=O)c3cc(Br)ccc3C2=C(C#N)C#N)sc2c1sc1c3c4nsnc4c4c5sc6c(CCCCCCCCCCC)c(C=C7C(=O)c8cc(F)c(F)cc8C7=C(C#N)C#N)sc6c5n(CC(CCCCCC)CCCCCCCC)c4c3n(CC(CCCCCC)CCCCCCCC)c21,-5.56,4.33,1719.319,10,50,32.4825200000001,-0.0212225196417637,0.00905837458470611,your_data
CCCCCCCCCCCCc1c(C=C2C(=O)c3cc(Cl)c(Cl)cc3C2=C(C#N)C#N)sc2c1sc1c3sc4c5sc6c(CCCCCCCCCCCC)c(C=C7C(=O)c8cc(Cl)c(Cl)cc8C7=C(C#N)C#N)sc6c5n(CC(CCCC)CCCCCC)c4c3n(CC(CCCC)CCCCCC)c21,-5.71,4.56,1606.025,9,44,31.7716200000001,-0.0260518259005672,0.0107490299719512,your_data
CCCCCCCCCCCCc1c(C=C2C(=O)c3cc(F)c(F)cc3C2=C(C#N)C#N)sc2c1sc1c3sc4c5sc6c(CCCCCCCCCCCC)c(C=C7C(=O)c8cc(F)c(F)cc8C7=C(C#N)C#N)sc6c5n(CC(CCCC)CCCCCC)c4c3n(CC(CCCC)CCCCCC)c21,-5.51,4.56,1540.205,9,44,29.7144200000001,-0.0267389252702928,0.0127344760503078,your_data
CCCCCCCCC1(CCCCCCCC)c2cc3c(cc2-c2cc4c(cc21)-c1sc(C=C2C(=O)c5cc(F)c(F)cc5C2=C(C#N)C#N)cc1C4(CCCCCCCC)CCCCCCCC)C(CCCCCCCC)(CCCCCCCC)c1cc2c(cc1-3)C(CCCCCCCC)(CCCCCCCC)c1cc(C=C3C(=O)c4cc(F)c(F)cc4C3=C(C#N)C#N)sc1-2,-5.75,4.56,1820.672,7,58,37.59812,-0.0140063177376132,0.00863472820847443,your_data
CCCCCCCCC1(CCCCCCCC)c2cc3c(cc2-c2cc4c(cc21)-c1sc(C=C2C(=O)c5ccccc5C2=C(C#N)C#N)cc1C4(CCCCCCCC)CCCCCCCC)C(CCCCCCCC)(CCCCCCCC)c1cc2c(cc1-3)C(CCCCCCCC)(CCCCCCCC)c1cc(C=C3C(=O)c4ccccc4C3=C(C#N)C#N)sc1-2,-5.66,3.64,1748.712,7,58,37.04172,-0.0147352825454947,0.00880401469100143,your_data
CCc1ccc(C2(c3ccc(CC)cc3)c3cc4c(cc3-c3sc5cc(/C=C6\C(=O)c7c(csc7Cl)C6=C(C#N)C#N)sc5c32)C(c2ccc(CC)cc2)(c2ccc(CC)cc2)c2c-4sc3cc(/C=C4\C(=O)c5c(csc5Cl)C4=C(C#N)C#N)sc23)cc1,-5.58,4.1,1284.5,11,10,20.80592,-0.0381989684173093,0.0159723633484454,your_data
CCC1(CC)c2cc3c(cc2-c2sc4cc(/C=C5\C(=O)c6ccccc6C5=C(C#N)C#N)sc4c21)C(CC)(CC)c1c-3sc2cc(/C=C3\C(=O)c4ccc(-c5ccc(-c6ccc7c(c6)C(=C(C#N)C#N)/C(=C/c6cc8sc9c(c8s6)C(CC)(CC)c6cc8c(cc6-9)C(CC)(CC)c6c-8sc8cc(/C=C9\C(=O)c%10ccc(-c%11cccs%11)cc%10C9=C(C#N)C#N)sc68)C7=O)s5)cc4C3=C(C#N)C#N)sc12,-5.79,7.28,1960.558,16,15,32.5840400000001,-0.025367898418509,0.0114140535542423,your_data
CCc1c(/C=C2\C(=O)c3cc(Cl)c(Br)cc3C2=C(C#N)C#N)sc2c1sc1c3c4nsnc4c4c5sc6c(CC)c(/C=C7\C(=O)c8cc(Cl)c(Br)cc8C7=C(C#N)C#N)sc6c5n(CC)c4c3n(CC)c21,-5.79,4.56,1185.883,10,6,16.61722,-0.0238417862067066,0.00983474330899977,your_data
CCc1c(/C=C2\C(=O)c3c(Cl)cc(Br)cc3C2=C(C#N)C#N)sc2c1sc1c3c4nsnc4c4c5sc6c(CC)c(/C=C7\C(=O)c8c(Cl)cc(Br)cc8C7=C(C#N)C#N)sc6c5n(CC)c4c3n(CC)c21,-5.71,4.56,1185.883,10,6,16.61722,-0.0238417862067066,0.00983474330899977,your_data
CCc1c(/C=C2\C(=O)c3c(ccc(Br)c3Cl)C2=C(C#N)C#N)sc2c1sc1c3c4nsnc4c4c5sc6c(CC)c(/C=C7\C(=O)c8c(ccc(Br)c8Cl)C7=C(C#N)C#N)sc6c5n(CC)c4c3n(CC)c21,-5.71,4.56,1185.883,10,6,16.61722,-0.0238417862067066,0.00983474330899977,your_data
CCOc1c(/C=C2\C(=O)c3cc(F)c(F)cc3C2=C(C#N)C#N)sc2c1sc1c3c4nsnc4c4c5sc6c(CC)c(/C=C7\C(=O)c8cc(F)c(F)cc8C7=C(C#N)C#N)sc6c5n(CC)c4c3n(CC)c21,-5.81,4.56,1047.16,10,7,14.17812,-0.00787150848388487,0.0247111623233272,your_data
CCCCCCCCOC1c2sc3c4c5nsnc5c5c6sc7c(OCCCCCCC)c(C=C8C(=O)c9cc(F)c(F)cc9C8=C(C#N)C#N)sc7c6n(CC(CC)CCCC)c5c4n(CC(CC)CCCC)c3c2SC1C=C1C(=O)c2cc(F)c(F)cc2C1=C(C#N)C#N,-5.81,4.56,1387.796,9,29,22.18002,-0.0268322542256823,0.010514391249513,your_data
CCCCCCCCCCCc1c(C=C2C(=O)c3cc(Cl)c(Cl)cc3C2=C(C#N)C#N)sc2c3c(sc12)-c1c(c2c(c4nsnc14)c1sc4c(CCCCCCCCCCC)c(C=C5C(=O)c6cc(Cl)c(Cl)cc6C5=C(C#N)C#N)sc4c1n2C(CCCC)CCCCCC)C3CC(CCCC)CCCCCC,-5.83,4.56,1614.992,9,41,31.2540200000001,-0.0267890619843422,0.0107204049572392,your_data
CCCCCCCCCCCOc1c(C=C2C(=O)c3cc(Cl)c(Cl)cc3C2=C(C#N)C#N)sc2c3c(sc12)-c1c(c2c(c4nsnc14)c1sc4c(CCCCCCCCCCC)c(C=C5C(=O)c6cc(Cl)c(Cl)cc6C5=C(C#N)C#N)sc4c1n2C(CCC)CCCCC)C3CC(CCC)CCCCC,-5.84,4.56,1574.883,9,38,29.5299200000001,-0.026114283853168,0.0134943393954497,your_data
CCCCCCCCCCCOc1c(C=C2C(=O)c3cc(Cl)c(Cl)cc3C2=C(C#N)C#N)sc2c3c(sc12)-c1c(c2c(c4nsnc14)c1sc4c(CCCCCCCCCCC)c(C=C5C(=O)c6cc(Cl)c(Cl)cc6C5=C(C#N)C#N)sc4c1n2C(CC)CCCC)C3CC(CC)CCCC,-5.85,4.56,1518.775,9,34,27.9695200000001,-0.0270198141750208,0.0127133882174775,your_data
CCCCCCCCCCCOc1c(C=C2C(=O)c3cc(Cl)c(Cl)cc3C2=C(C#N)C#N)sc2c3c(sc12)-c1c(c2c(c4nsnc14)c1sc4c(CCCCCCCCCCC)c(C=C5C(=O)c6cc(Cl)c(Cl)cc6C5=C(C#N)C#N)sc4c1n2C(CCCC)CCCCCC)C3CC(CCCC)CCCCCC,-5.99,4.56,1630.991,9,42,31.0903200000001,-0.0269819119354722,0.0117042943673295,your_data
CCCCCCCCCCCOc1c(C=C2C(=O)c3cc(Cl)c(Cl)cc3C2=C(C#N)C#N)sc2c3c(sc12)-c1c(c2c(c4nsnc14)c1sc4c(OCCCCCCCCCCC)c(C=C5C(=O)c6cc(Cl)c(Cl)cc6C5=C(C#N)C#N)sc4c1n2C(CCCC)CCCCCC)C3CC(CCCC)CCCCCC,-5.99,4.56,1646.99,9,43,30.9266200000001,-0.0271878707805183,0.0126666514794154,your_data
CCCCCCc1ccc(C2(c3ccc(CCCCCC)cc3)c3cc4c(cc3-c3sc5cc(C=C6C(=O)c7c(csc7Cl)C6=C(C#N)C#N)sc5c32)C(c2ccc(CCCCCC)cc2)(c2ccc(CCCCCC)cc2)c2c-4sc3cc(C=C4C(=O)c5c(csc5Cl)C4=C(C#N)C#N)sc23)cc1,-5.99,4.1,1508.932,11,26,27.0475200000001,-0.0250496684376545,0.0139671383739837,your_data
CCCCCCCCCCCc1c(C=C2C(=O)c3cc(-c4ccc(C)s4)ccc3C2=C(C#N)C#N)sc2c1sc1c2cc(CC(CCCCCCCC)CCCCCCCCCC)c2c1c1nsnc1c1c3sc4c(CCCCCCCCCCC)c(C=C5C(=O)c6cc(C)ccc6C5=C(C#N)C#N)sc4c3n(CC(CCCCCCCC)CCCCCCCCCC)c21,-5.66,3.64,1837.863,11,59,37.64896,-0.011675715392611,0.00801996637291873,your_data
CCCCCCCCCCCc1c(C=C2C(=O)c3cc4cc(F)c(F)cc4cc3C2=C(C#N)C#N)sc2c1sc1c3c4nsnc4c4c5sc6c(CCCCCCCCCCC)c(C=C7C(=O)c8cc9cc(F)c(F)cc9cc8C7=C(C#N)C#N)sc6c5n(CC(CCCC)CCCCCC)c4c3n(CC(CCCC)CCCCCC)c21,-5.45,4.56,1664.307,12,42,31.1838200000001,-0.022735375142686,0.00783463402622571,your_data
CCCCCCCCCCCc1c(C=C2C(=O)c3cc4ccc(F)cc4cc3C2=C(C#N)C#N)sc2c1sc1c3c4nsnc4c4c5sc6c(CCCCCCCCCCC)c(C=C7C(=O)c8cc9ccc(F)cc9cc8C7=C(C#N)C#N)sc6c5n(CC(CCCC)CCCCCC)c4c3n(CC(CCCC)CCCCCC)c21,-5.65,4.1,1628.327,12,42,30.9056200000001,-0.0221333020765515,0.00947219413613753,your_data
CCCCCCCCCCCc1c(C=C2C(=O)c3cc4ccccc4cc3C2=C(C#N)C#N)sc2c1sc1c3c4nsnc4c4c5sc6c(CCCCCCCCCCC)c(C=C7C(=O)c8cc9ccccc9cc8C7=C(C#N)C#N)sc6c5n(CC(CCCC)CCCCCC)c4c3n(CC(CCCC)CCCCCC)c21,-5.66,3.64,1592.347,12,42,30.6274200000001,-0.0214714374289474,0.00811109002169594,your_data
CCCCCCc1cccc(-c2c(C=C3C(=O)c4cc(F)c(F)cc4C3=C(C#N)C#N)sc3c2sc2c4c5nsnc5c5c6sc7c(-c8cccc(CCCCCC)c8)c(C=C8C(=O)c9cc(F)c(F)cc9C8=C(C#N)C#N)sc7c6n(CC(CCC)CCCC)c5c4n(CC(CC)CCCC)c32)c1,-5.65,4.56,1477.924,12,27,25.5797200000001,-0.0258546170964102,0.0109764341901251,your_data
CCCCC(CC)CCc1cccc(-c2c(C=C3C(=O)c4cc(F)c(F)cc4C3=C(C#N)C#N)sc3c2sc2c4c5nsnc5c5c6sc7c(-c8cccc(CCC(CC)CCCC)c8)c(C=C8C(=O)c9cc(F)c(F)cc9C8=C(C#N)C#N)sc7c6n(CC(CCC)CCCC)c5c4n(CC(CC)CCCC)c32)c1,-5.65,4.56,1562.086,12,31,27.6321200000001,-0.0286203186183619,0.011671316845554,your_data
CCCCC(CC)Cc1cccc(-c2c(C=C3C(=O)c4cc(F)c(F)cc4C3=C(C#N)C#N)sc3c2sc2c4c5nsnc5c5c6sc7c(-c8cccc(CC(CC)CCCC)c8)c(C=C8C(=O)c9cc(F)c(F)cc9C8=C(C#N)C#N)sc7c6n(CC(CCC)CCCC)c5c4n(CC(CC)CCCC)c32)c1,-5.65,4.56,1534.032,12,29,26.8519200000001,-0.0298384482696489,0.00968505309399606,your_data
CCCCCCCCCCCc1c(C=C2C(=O)c3cc(F)c(F)cc3C2=C(C#N)C#N)sc2c1sc1c3c4nsnc4c4c5sc6c(CCCCCCCCCCC)c(/C=C7\C(=O)c8cc(F)c(F)cc8C7C(C#N)C#N)sc6c5n(CC(CCCCCCC)CCCCCCCCC)c4c3n(CC(CCCCCCC)CCCCCCCCC)c21,-5.49,4.56,1734.527,10,55,33.5048200000001,-0.0180972275561015,0.00858768397268091,your_data
CCOc1c2oc3c4sc(/C=C5\C(=O)c6cc(F)c(F)cc6C5=C(C#N)C#N)cc4n(CC)c3c2c(OCC)c2oc3c4sc(/C=C5\C(=O)c6cc(F)c(F)cc6C5=C(C#N)C#N)cc4n(CC)c3c12,-5.61,4.56,972.958,9,8,13.07272,0.00568970155020618,0.0244976846850687,your_data
CCc1sc(-c2c3cc(-c4ccc(-c5sc(-c6ccc(-c7cc8c(-c9cc(F)c(CC)s9)c9sc(-c%10ccc(-c%11sc(-c%12ccc(-c%13cc%14c(-c%15cc(F)c(CC)s%15)c%15sc(-c%16ccc(-c%17sc(-c%18cccs%18)c%18c%17C(=O)c%17c(CC)sc(CC)c%17C%18=O)s%16)cc%15c(-c%15cc(F)c(CC)s%15)c%14s%13)s%12)c%12c%11C(=O)c%11c(CC)sc(CC)c%11C%12=O)s%10)cc9c(-c9cc(F)c(CC)s9)c8s7)s6)c6c5C(=O)c5c(CC)sc(CC)c5C6=O)s4)sc3c(-c3cc(F)c(CC)s3)c3ccsc23)cc1F,-5.64,4.38,2651.73,27,29,48.3303999999998,-0.0105682450717965,0.00807984665439604,your_data
CCCCCCc1cccc(-c2c(C=C3C(=O)c4cc(F)c(F)cc4C3=C(C#N)C#N)[se]c3c2sc2c4c5nsnc5c5c6sc7c(-c8cccc(CCCCCC)c8)c(C=C8C(=O)c9cc(F)c(F)cc9C8=C(C#N)C#N)[se]c7c6n(CC(CCCC)CCCCCC)c5c4n(CC(CCCC)CCCCCC)c23)c1,-5.63,4.56,1669.899,12,34,26.3014200000001,-0.0308571769719749,0.00794426389803081,your_data
CCCCCCc1cccc(-c2c(C=C3C(=O)c4cc(F)c(F)cc4C3=C(C#N)C#N)sc3c2[se]c2c4c5nsnc5c5c6[se]c7c(-c8cccc(CCCCCC)c8)c(C=C8C(=O)c9cc(F)c(F)cc9C8=C(C#N)C#N)sc7c6n(CC(CCCC)CCCCCC)c5c4n(CC(CCCC)CCCCCC)c32)c1,-5.68,4.56,1669.899,12,34,26.3014200000001,-0.0308391212837751,0.00799885823178413,your_data
CCCCCCc1cccc(-c2c(C=C3C(=O)c4cc(F)c(F)cc4C3=C(C#N)C#N)sc3c2sc2c4c5nsnc5c5c6sc7c(-c8cccc(CCCCCC)c8)c(C=C8C(=O)c9cc(F)c(F)cc9C8=C(C#N)C#N)sc7c6n(CC(CCCC)CCCCCC)c5c4n(CC(CCCC)CCCCCC)c32)c1,-5.64,4.56,1576.113,12,34,28.3104200000001,-0.0262266454510077,0.0101179602718164,your_data
CCCCCCCCCCCc1c(C=C2C(=O)c3cc(F)c(F)cc3C2=C(C#N)C#N)sc2c1sc1c3c4nc5cc(F)c(F)cc5nc4c4c5sc6c(CCCCCCCCCCC)c(C=C7C(=O)c8cc(F)c(F)cc8C7=C(C#N)C#N)sc6c5n(CC(CCCC)CCCCCC)c4c3n(CC(CCCC)CCCCCC)c21,-5.64,5.02,1644.198,11,42,30.2473200000001,-0.0232660568582521,0.0116497071178225,your_data
CCCCCCCCCCCc1c(C=C2C(=O)c3cc(F)c(F)cc3C2=C(C#N)C#N)sc2c1sc1c3c4nc5ccccc5nc4c4c5sc6c(CCCCCCCCCCC)c(C=C7C(=O)c8cc(F)c(F)cc8C7=C(C#N)C#N)sc6c5n(CC(CCCC)CCCCCC)c4c3n(CC(CCCC)CCCCCC)c21,-5.64,4.56,1608.218,11,42,29.9691200000001,-0.0223654167805108,0.011203485087372,your_data
CCCCCCCCCCC(CCCCCCCC)Cn1c2c3sc(C=C4C(=O)c5cc(F)c(F)cc5C4=C(C#N)C#N)c(CCCCCCCCC)c3sc2c2c3nsnc3c3c4sc5c(CCCCCCCCC)c(/C=C6\C(=O)c7cc(F)c(F)cc7C6C(C#N)C#N)sc5c4n(CC(CCCCCCCC)CCCCCCCCCC)c3c21,-5.8,4.56,1734.527,10,55,33.5048200000001,-0.0181384278050201,0.00859460895223955,your_data
CCCCCCCCCCC(CCCCCCCC)Cn1c2c3sc(C=C4C(=O)c5ccc(/C=C/c6ccc7c(c6)C(=O)/C(=C\c6sc8c(sc9c%10c%11nsnc%11c%11c%12sc%13c(CCCCCCCCC)c(C=C%14C(=O)c%15cc(F)c(F)cc%15C%14=C(C#N)C#N)sc%13c%12n(CC(CCCCCCCC)CCCCCCCCCC)c%11c%10n(CC(CCCCCCCC)CCCCCCCCCC)c89)c6CCCCCCCCC)C7C(C#N)C#N)cc5C4=C(C#N)C#N)c(CCCCCCCCC)c3sc2c2c3nsnc3c3c4sc5c(CCCCCCCCC)c(C=C6C(=O)c7cc(F)c(F)cc7C6=C(C#N)C#N)sc5c4n(CC(CCCCCCCC)CCCCCCCCCC)c3c21,-5.67,8.2,3419.1,20,111,66.9908399999997,-0.00894855712347242,0.00698186593976622,your_data
CCCCCCCCCCCCC(CCCCCCCCCC)Cn1c2c3sc(C=C4C(=O)c5cc(C=Cc6ccc7c(c6)C(=O)C(=Cc6sc8c(sc9c%10c%11nsnc%11c%11c%12sc%13c(CCCCCCCCCCC)c(C=C%14C(=O)c%15cc(F)c(F)cc%15C%14=C(C#N)C#N)sc%13c%12n(CC(CCCCCCCCCC)CCCCCCCCCCCC)c%11c%10n(CC(CCCCCCCCCC)CCCCCCCCCCCC)c89)c6CCCCCCCCCCC)C7=C(C#N)C#N)ccc5C4=C(C#N)C#N)c(CCCCCCCCCCC)c3sc2c2c3nsnc3c3c4sc5c(CCCCCCCCCCC)c(C=C6C(=O)c7cc(C=Cc8ccc9c(c8)C(=O)C(=Cc8sc%10c(sc%11c%12c%13nsnc%13c%13c%14sc%15c(CCCCCCCCCCC)c(C=C%16C(=O)c%17cc(F)c(F)cc%17C%16=C(C#N)C#N)sc%15c%14n(CC(CCCCCCCCCC)CCCCCCCCCCCC)c%13c%12n(C(CCCCCCCCCC)CCCCCCCCCCCC)c%10%11)c8CCCCCCCCCCC)C9=C(C#N)C#N)ccc7C6=C(C#N)C#N)sc5c4n(CC(CCCCCCCCCC)CCCCCCCCCCCC)c3c21,-5.63,11.84,5592.60200000001,30,201,114.499160000002,-0.00894855712347242,0.00698186593976622,your_data
CCCCCCC(CCCC)Cc1c(/C=C2\C(=O)c3cc(F)c(F)cc3C2C(C#N)C#N)sc2c1sc1c3c4nsnc4c4c5sc6c(C(CCCC)CCCCCC)c(C=C7C(=O)c8cc(F)c(F)cc8C7=C(C#N)C#N)sc6c5n(CC(CC)CCCc5ccc(F)cc5)c4c3n(CC(CC)CCCc3ccc(F)cc3)c21,-5.64,5.02,1628.136,12,36,28.0633200000001,-0.0272362952772722,0.00946847552236107,your_data
CCCCCCC(CCCC)Cc1c(/C=C2\C(=O)c3cc(F)c(F)cc3C2C(C#N)C#N)sc2c1sc1c3c4nsnc4c4c5sc6c(C(CCCC)CCCCCC)c(C=C7C(=O)c8cc(F)c(F)cc8C7=C(C#N)C#N)sc6c5n(CC(CC)CCCc5ccccc5)c4c3n(CC(CC)CCCc3ccccc3)c21,-5.64,4.56,1592.156,12,36,27.7851200000001,-0.0265924927983182,0.0101502491003715,your_data
CCCCCCC(CCCC)Cc1c(/C=C2\C(=O)c3cc(F)c(F)cc3C2C(C#N)C#N)sc2c1sc1c3c4nsnc4c4c5sc6c(C(CCCC)CCCCCC)c(C=C7C(=O)c8cc(F)c(F)cc8C7=C(C#N)C#N)sc6c5n(CC(CC)CCCc5ccc(C)cc5)c4c3n(CC(CC)CCCc3cccc(C)c3)c21,-5.75,4.56,1620.21,12,36,28.4019600000001,-0.0257986821098543,0.00929128772577309,your_data
CCCCCCCCCCCc1c(C=C2C(=O)c3cc(Cl)c(Cl)cc3C2=C(C#N)C#N)sc2c1sc1c3c4nc5cc(F)c(-c6ccc(-c7cc8nc9c(nc8c(C)c7F)c7c8sc%10c(CCCCCCCCCCC)c(C=C%11C(=O)c%12cc(Cl)c(Cl)cc%12C%11=C(C#N)C#N)sc%10c8n(-c8ccc(CC(CCCCCCCCCC)CCCCCCCCCC)cc8)c7c7c9c8sc9c(CCCCCCCCCCC)c(C=C%10C(=O)c%11cc(Cl)c(Cl)cc%11C%10=C(C#N)C#N)sc9c8n7-c7ccc(CC(CCCCCCCCCC)CCCCCCCCCC)cc7)s6)cc5nc4c4c5sc6c(CCCCCCCCCCC)c(C=C7C(=O)c8cc(Cl)c(Cl)cc8C7=C(C#N)C#N)sc6c5n(-c5ccc(CC(CCCCCCCCCC)CCCCCCCCCC)cc5)c4c3n(-c3ccc(CC(CCCCCCCCCC)CCCCCCCCCC)cc3)c21,-5.72,9.58,4343.666,27,130,88.0789600000007,-0.00894855712347242,0.00698186593976622,your_data
CCCCCCCCCCCc1c(C=C2C(=O)c3cc(Cl)c(Cl)cc3C2=C(C#N)C#N)sc2c1sc1c3c4nc5cc(-c6ccc(-c7cc(F)c8nc9c(nc8c7)c7c8sc%10c(CCCCCCCCCCC)c(C=C%11C(=O)c%12cc(Cl)c(Cl)cc%12C%11=C(C#N)C#N)sc%10c8n(-c8ccc(CC(CCCCCCCCCC)CCCCCCCCCC)cc8)c7c7c9c8sc9c(CCCCCCCCCCC)c(C=C%10C(=O)c%11cc(Cl)c(Cl)cc%11C%10=C(C#N)C#N)sc9c8n7-c7ccc(CC(CCCCCCCCCC)CCCCCCCCCC)cc7)s6)cc(F)c5nc4c4c5sc6c(CCCCCCCCCCC)c(C=C7C(=O)c8cc(Cl)c(Cl)cc8C7=C(C#N)C#N)sc6c5n(-c5ccc(CC(CCCCCCCCCC)CCCCCCCCCC)cc5)c4c3n(-c3ccc(CC(CCCCCCCCCC)CCCCCCCCCC)cc3)c21,-5.52,9.58,4329.639,27,130,87.7705400000007,-0.00894855712347242,0.00698186593976622,your_data
CCCCCCCCCCCc1c(C=C2C(=O)c3cc(Cl)c(Cl)cc3C2=C(C#N)C#N)sc2c1sc1c3c4nc5ccc(-c6csc(-c7ccc8nc9c(nc8c7F)c7c8sc%10c(CCCCCCCCCCC)c(C=C%11C(=O)c%12cc(Cl)c(Cl)cc%12C%11=C(C#N)C#N)sc%10c8n(-c8ccc(CC(CCCCCCCCCC)CCCCCCCCCC)cc8)c7c7c9c8sc9c(CCCCCCCCCCC)c(C=C%10C(=O)c%11cc(Cl)c(Cl)cc%11C%10=C(C#N)C#N)sc9c8n7-c7ccc(CC(CCCCCCCCCC)CCCCCCCCCC)cc7)c6)c(F)c5nc4c4c5sc6c(CCCCCCCCCCC)c(C=C7C(=O)c8cc(Cl)c(Cl)cc8C7=C(C#N)C#N)sc6c5n(-c5ccc(CC(CCCCCCCCCC)CCCCCCCCCC)cc5)c4c3n(-c3ccc(CC(CCCCCCCCCC)CCCCCCCCCC)cc3)c21,-5.66,9.58,4329.639,27,130,87.7705400000007,-0.00894855712347242,0.00698186593976622,your_data
CCSc1cc(/C=C2\C(=O)c3cc(F)c(F)cc3C2=C(C#N)C#N)sc1-c1cc2c(s1)-c1cc3c(cc1C2(c1ccc(CC)cc1)c1ccc(CC)cc1)-c1sc(/C=C2\C(=O)c4cc(F)c(F)cc4C2=C(C#N)C#N)cc1C3(c1ccc(CC)cc1)c1ccc(CC)cc1,-5.75,4.56,1305.582,10,13,20.34362,-0.0305549100204961,0.0104923833560762,your_data
CCCCCCCCCCCc1c(C=C2C(=O)c3cc(F)c(F)cc3C2=C(C#N)C#N)sc2c1sc1c3c4nsnc4c4c5sc6c(CCCCCCCCCCC)c(C=C7C(=O)c8cc(F)c(F)cc8C7=C(C#N)C#N)sc6c5n(CC(CCCC)CCCCCC)c4c3n(CC(CCCC)CCCCCC)c21,-5.66,4.56,1564.187,10,42,28.8774200000001,-0.0259661240296682,0.013694816370884,your_data
CCCCCCCCCCCc1c(C=C2C(=O)c3ccccc3C2=C(C#N)C#N)sc2c1sc1c3c4nsnc4c4c5sc6c(CCCCCCCCCCC)c(C=C7C(=O)c8ccccc8C7=C(C#N)C#N)sc6c5n(CC(CCCC)CCCCCC)c4c3n(CC(CCCC)CCCCCC)c21,-5.69,3.64,1492.227,10,42,28.3210200000001,-0.0220612088740929,0.00825555389289563,your_data
CCCCCCCCCCCc1c(C=C2C(=O)c3cc(F)c(F)cc3C2=C(C#N)C#N)sc2c1sc1c3c4nsnc4c4c5sc6c(CCCCCCCCCCC)c(C=C7C(=O)c8cc(F)c(F)cc8C7=C(C#N)C#N)sc6c5n(CC(CCCCCC)CCCCCCCC)c4c3n(CC(CC)CCCC)c21,-5.68,4.56,1564.187,10,42,28.8774200000001,-0.0259661240296682,0.013694816370884,your_data
CCCCCCCCCCCc1c(C=C2C(=O)c3cc(F)c(F)cc3C2=C(C#N)C#N)sc2c1sc1c3c4nsnc4c4c5sc6c(CCCCCCCCCCC)c(C=C7C(=O)c8cc(F)c(F)cc8C7=C(C#N)C#N)sc6c5n(CC(CCCCCCCC)CCCCCCCCCC)c4c3n(CC(C)C)c21,-5.71,4.56,1564.187,10,42,28.8774200000001,-0.0259661240296682,0.013694816370884,your_data
CCc1cc(-c2ccc(/C=C3\C(=O)c4cc(F)c(F)cc4C3=C(C#N)C#N)[se]2)sc1-c1sc(-c2ccc(/C=C3\C(=O)c4cc(F)c(F)cc4C3=C(C#N)C#N)[se]2)cc1CC,-5.52,4.56,960.754,6,7,10.76712,0.0106373308823751,0.0231181352052843,your_data
CCCCCCC(CCCC)COc1c(C=C2C(=O)c3cc(F)c(F)cc3C2=C(C#N)C#N)sc2c1sc1c3c4nsnc4c4c5sc6c(SCC(CCCC)CCCCCC)c(/C=C7\C(=O)c8cc(F)c(F)cc8C7C(C#N)C#N)sc6c5n(CC(CCCC)CCCCCC)c4c3n(CC(CCCC)CCCCCC)c21,-5.54,4.56,1642.323,10,45,29.7015200000001,-0.0254908622478391,0.0103210242779418,your_data
CCCCCCC(CCCC)COc1c(C=C2C(=O)c3ccc(F)cc3C2=C(C#N)C#N)sc2c1sc1c3c4nsnc4c4c5sc6c(SCC(CCCC)CCCCCC)c(/C=C7\C(=O)c8ccc(F)cc8C7C(C#N)C#N)sc6c5n(CC(CCCC)CCCCCC)c4c3n(CC(CCCC)CCCCCC)c21,-5.62,4.1,1606.343,10,45,29.4233200000001,-0.0252877522661414,0.00973285715737732,your_data
CCCCCCC(CCCC)COc1c(C=C2C(=O)c3c(ccc(Br)c3F)C2=C(C#N)C#N)sc2c1sc1c3c4nsnc4c4c5sc6c(SCC(CCCC)CCCCCC)c(/C=C7\C(=O)c8c(ccc(Br)c8F)C7C(C#N)C#N)sc6c5n(CC(CCCC)CCCCCC)c4c3n(CC(CCCC)CCCCCC)c21,-5.62,4.56,1764.135,10,45,30.9483200000001,-0.0226748283646111,0.0100448972434665,your_data
CCCCCCCCCCCc1c(C=C2C(=O)c3cc(F)c(F)cc3C2=C(C#N)C#N)sc2c3c(sc12)-c1c(c2c(c4nn(C)nc14)c1sc4c(CCCCCCCCCCC)c(C=C5C(=O)c6cc(F)c(F)cc6C5=C(C#N)C#N)sc4c1n2C(CC)CCCC)C3CC(CC)CCCC,-5.59,4.56,1433.931,9,33,25.3530200000001,-0.0260042253576478,0.00963669970219993,your_data
CCCCCCCCCCCc1c(C=C2C(=O)c3cc(F)c(F)cc3C2=C(C#N)C#N)sc2c3c(sc12)-c1c(c2c(c4nn(C)nc14)c1sc4c(CCCCCCCCCCC)c(C=C5C(=O)c6cc(F)c(F)cc6C5=C(C#N)C#N)sc4c1n2C(CC)CC)C3CC(CC)CC,-5.65,4.56,1377.823,9,29,23.7926200000001,-0.026465118720483,0.0108443806169935,your_data
CCCCCCCCCCCc1c(C=C2C(=O)c3cc(F)c(F)cc3C2=C(C#N)C#N)sc2c3c(sc12)-c1c(c2c(c4nn(CC(CC)CCCC)nc14)c1sc4c(CCCCCCCCCCC)c(C=C5C(=O)c6cc(F)c(F)cc6C5=C(C#N)C#N)sc4c1n2C(CC)CC)C3CC(CC)CC,-5.65,4.56,1476.012,9,35,26.4720200000001,-0.0232157830159979,0.0107125201450496,your_data
CCCCCCCCCCCc1c(C=C2C(=O)c3cc(F)c(F)cc3C2=C(C#N)C#N)sc2c1sc1c3c4nsnc4c4c5sc6c(CCCCCCCCCCC)c(C=C7C(=O)c8c(csc8Cl)C7=C(C#N)C#N)sc6c5n(CC(CC)CCCC)c4c3n(CC(CC)CCCC)c21,-5.65,4.33,1456.465,10,34,26.1933200000001,-0.0216565108056756,0.00809666753391962,your_data
CCCCCCCCc1c(C=C2C(=O)C3C(=CSC3Cl)C2=C(C#N)C#N)sc2c1SC1c3c(c4c(c5nsnc35)c3sc5c(CCCCCCCC)c(C=C6C(=O)C7=C(Cl)SCC7C6=C(C#N)C#N)sc5c3n4CC(CC)CCCC)N(CC(CC)CCCC)C21,-5.65,4.1,1382.845,6,28,22.32872,-0.0250586920769377,0.00867324587355964,your_data
CCCCCCCCC/C=C/c1c(C=C2C(=O)c3cc(F)c(F)cc3C2=C(C#N)C#N)sc2c1sc1c3c4nsnc4c4c5sc6c(CCCCCCCCCCC)c(C=C7C(=O)c8cc(-c9cc%10c(s9)c9cc(-c%11ccc%12c(c%11)C(=O)C(=Cc%11sc%13c(sc%14c%15c%16nsnc%16c%16c%17sc%18c(CCCCCCCCCCC)c(C=C%19C(=O)c%20cc(F)c(F)cc%20C%19=C(C#N)C#N)sc%18c%17n(CC(CCCCCC)CCCCCCCC)c%16c%15n(CC(CCCCCC)CCCCCCCC)c%13%14)c%11CCCCCCCCCCC)C%12=C(C#N)C#N)sc9c9cc(-c%11ccc%12c(c%11)C(=C(C#N)C#N)C(=Cc%11sc%13c(sc%14c%15c%16nsnc%16c%16c%17sc%18c(CCCCCCCCCCC)c(C=C%19C(=O)c%20cc(F)c(F)cc%20C%19=C(C#N)C#N)sc%18c%17n(CC(CCCCC)CCCCCCCC)c%16c%15n(CC(CCCCCC)CCCCCCCC)c%13%14)c%11CCCCCCCCCCC)C%12=O)sc%109)ccc8C7=C(C#N)C#N)sc6c5n(CC(CCCCCC)CCCCCCCCC)c4c3n(CC(CCCCCC)CCCCCCCC)c21,-5.67,12.3,5159.58600000001,34,152,100.512560000001,-0.00894855712347242,0.00698186593976622,your_data
CCCCCCC/C=C/c1c(C=C2C(=O)c3cc(F)c(F)cc3C2=C(C#N)C#N)sc2c1sc1c3c4nsnc4c4c5sc6c(CCCCCCCCC)c(C=C7C(=O)c8cc(-c9cc%10c(s9)c9cc(-c%11ccc%12c(c%11)C(=O)C(=Cc%11sc%13c(sc%14c%15c%16nsnc%16c%16c%17sc%18c(CCCCCCCCC)c(C=C%19C(=O)c%20cc(F)c(F)cc%20C%19=C(C#N)C#N)sc%18c%17n(CC(CCCCCC)CCCCCC)c%16c%15n(CC(CCCCCC)CCCCCC)c%13%14)c%11CCCCCCCCC)C%12=C(C#N)C#N)sc9c9cc(-c%11ccc%12c(c%11)C(=C(C#N)C#N)C(=Cc%11sc%13c(sc%14c%15c%16nsnc%16c%16c%17sc%18c(CCCCCCCCC)c(C=C%19C(=O)c%20cc(F)c(F)cc%20C%19=C(C#N)C#N)sc%18c%17n(CC(CCCCC)CCCCCC)c%16c%15n(CC(CCCCCC)CCCCCC)c%13%14)c%11CCCCCCCCC)C%12=O)sc%109)ccc8C7=C(C#N)C#N)sc6c5n(CC(CCCCCC)CCCCCCC)c4c3n(CC(CCCCCC)CCCCCC)c21,-5.66,12.3,4822.93800000001,34,128,91.1501600000009,-0.00894855712347242,0.00698186593976622,your_data
CCCCCCCCCCCc1c(C=C2C(=O)c3cc(F)c(F)cc3C2=C(C#N)C#N)sc2c1sc1c3c4nsnc4c4c5sc6c(CCCCCCCCCCC)c(/C=C7\C(=O)c8cc(F)c(F)cc8C7C(C#N)C#N)sc6c5n(CC(CC)CCCC)c4c3n(CC(CC)CCCC)c21,-5.71,4.56,1453.987,10,35,25.7028200000001,-0.0220603421089494,0.00996493850169466,your_data
CCCCCCCCCCCc1c(C=C2C(=O)c3cc(F)c(F)cc3C2=C(C#N)C#N)sc2c1sc1c3c4nsnc4c4c5sc6c(CCCCCCCCCCC)c(/C=C7\C(=O)c8cc(F)c(F)cc8C7C(C#N)C#N)sc6c5n(CC(CCC)CCCCC)c4c3n(CC(CCC)CCCCC)c21,-5.63,4.56,1510.095,10,39,27.2632200000001,-0.0235449764623598,0.0103041399797935,your_data
CCCCCCCCCCCc1c(C=C2C(=O)c3cc(F)c(F)cc3C2=C(C#N)C#N)sc2c1sc1c3c4nsnc4c4c5sc6c(CCCCCCCCCCC)c(/C=C7\C(=O)c8cc(F)c(F)cc8C7C(C#N)C#N)sc6c5n(CC(CCCCC)CCCCCCC)c4c3n(CC(CCCCC)CCCCCCC)c21,-5.71,4.56,1622.311,10,47,30.3840200000001,-0.0229906792281252,0.0102238324244616,your_data
CCCCCCCCCCCc1c(C=C2C(=O)c3cc(F)c(F)cc3C2=C(C#N)C#N)sc2c1sc1c3c4nsnc4c4c5sc6c(CCCCCCCCCCC)c(/C=C7\C(=O)c8cc(F)c(F)cc8C7C(C#N)C#N)sc6c5n(CC(CCCCCC)CCCCCCCC)c4c3n(CC(CCCCCC)CCCCCCCC)c21,-5.73,4.56,1678.419,10,51,31.9444200000001,-0.0219186969509427,0.0108847610742458,your_data
CCCCCCCCCCCc1c2sc3c1sc1c4c5nsnc5c5c6sc7c(CCCCCCCCCCC)c(C=C8C(=O)c9cc(F)c(F)cc9C8=C(C#N)C#N)sc7c6n(C(CCCCCCC)CCCCCCCCC)c5c4n(c31)CC(CCCCCCCCC)CCCCCC[F+]c1cc3c(cc1F)C(=C(C#N)C#N)C(C2)C3=O,-5.65,4.56,1705.465,10,44,31.9779200000001,-0.0250239459432934,0.0115232029714709,your_data
CCCCCCCCCCCc1c(C=C2C(=O)c3cc(F)c(F)cc3C2=C(C#N)C#N)sc2c1sc1c3c4nsnc4c4c5sc6c(CCCCCCCCCCC)c(/C=C7\C(=O)c8cc(F)c(F)cc8C7C(C#N)C#N)sc6c5n(CC(CCCCCCCC)CCCCCCCCCC)c4c3n(CC(CCCCCCCC)CCCCCCCCCC)c21,-5.63,4.56,1790.635,10,59,35.0652200000001,-0.0137036695876896,0.00749669367534397,your_data
CCCCC(CC)CC1c2c(sc3c(CCCCCCCCCCC4CCCCC4)c(C=C4C(=O)c5cc(Cl)c(Cl)cc5C4=C(C#N)C#N)sc23)-c2c1c1c(c3nsnc23)c2sc3c(CCCCCCCCCCCC4CCCCC4)c(C=C4C(=O)c5cc(Cl)c(Cl)cc5C4=C(C#N)C#N)sc3c2n1CC(CC)CCCC,-5.79,4.56,1667.068,9,37,31.7192200000001,-0.0259974261523783,0.00900736364098311,your_data
CCCCC(CC)CC1c2c(sc3c(CCCCCCCCCCC4CCCCC4)c(C=C4C(=O)c5cc(F)c(F)cc5C4=C(C#N)C#N)sc23)-c2c1c1c(c3nsnc23)c2sc3c(CCCCCCCCCCCC4CCCCC4)c(C=C4C(=O)c5cc(F)c(F)cc5C4=C(C#N)C#N)sc3c2n1CC(CC)CCCC,-5.74,4.56,1601.248,9,37,29.6620200000001,-0.0265183519165955,0.0134061570910932,your_data
CCCCCCC(CCCC)CSc1cccc(-c2c(C=C3C(=O)c4cc(F)c(F)cc4C3=C(C#N)C#N)sc3c2sc2c4c5nsnc5c5c6sc7c(-c8cccc(SCC(CCCC)CCCCCC)c8)c(C=C8C(=O)c9cc(F)c(F)cc9C8=C(C#N)C#N)sc7c6n(CC(CC)CCCC)c5c4n(CC(CC)CCCC)c32)c1,-5.74,4.56,1696.355,12,38,30.6818200000001,-0.0236439589175779,0.00574546030681877,your_data
CCCCCCC(CCCC)COc1cccc(-c2c(C=C3C(=O)c4cc(F)c(F)cc4C3=C(C#N)C#N)sc3c2sc2c4c5nsnc5c5c6sc7c(-c8cccc(OCC(CCCC)CCCCCC)c8)c(C=C8C(=O)c9cc(F)c(F)cc9C8=C(C#N)C#N)sc7c6n(CC(CC)CCCC)c5c4n(CC(CC)CCCC)c32)c1,-5.72,4.56,1664.219,12,38,29.2552200000001,-0.0239361615826554,0.00823019884385562,your_data
CCCCCCCCC(CCCCCC)Cn1c2c3sc(C=C4C(=O)c5cc(F)c(F)cc5C4=C(C#N)C#N)c(CCCCC)c3sc2c2c3nsnc3c3c4sc5c(CCCCC)c(C=C6C(=O)c7cc(F)c(F)cc7C6=C(C#N)C#N)sc5c4n(CC(CCCCCC)CCCCCCCC)c3c21,-5.72,4.56,1508.079,10,38,27.3170200000001,-0.0222504041845636,0.00970548491879215,your_data
CCCCCCCCCCCc1c(C=C2C(=O)c3cc(F)c(F)cc3C2=C(C#N)C#N)sc2c3c(sc12)-c1c(c2c(c4nn(C)nc14)c1sc4c(CCCCCCCCCCC)c(C=C5C(=O)c6cc(F)c(F)cc6C5=C(C#N)C#N)sc4c1n2CC(CC)CCCC)C3CC(CC)CCCC,-5.65,4.56,1447.958,9,34,25.4281200000001,-0.0256114717631891,0.0100269713502197,your_data
CCCCCCCCCCCc1c(C=C2C(=O)c3cc(F)c(F)cc3C2=C(C#N)C#N)sc2c3c(sc12)-c1c(c2c(c4nn(CC(CC)CCCC)nc14)c1sc4c(CCCCCCCCCCC)c(C=C5C(=O)c6cc(F)c(F)cc6C5=C(C#N)C#N)sc4c1n2CC(CC)CCCC)C3CC(CC)CCCC,-5.66,4.56,1546.147,9,40,28.1075200000001,-0.0293595659451769,0.010064655163653,your_data
CCCCCCCCCCCc1c(C=C2C(=O)c3cc(F)c(F)cc3C2=C(C#N)C#N)sc2c3c(sc12)-c1c(c2c(c4nn(CCCCCC)nc14)c1sc4c(CCCCCCCCCCC)c(C=C5C(=O)c6cc(F)c(F)cc6C5=C(C#N)C#N)sc4c1n2CC(CC)CCCC)C3CC(CC)CCCC,-5.82,4.56,1518.093,9,39,27.4714200000001,-0.0274176933355756,0.0112017591696036,your_data
CCCCCCCCCCCc1c(C=C2C(=O)c3cc(F)c(F)cc3C2=C(C#N)C#N)sc2c3c(sc12)-c1c(c2c(c4nn(CC(C)CC)nc14)c1sc4c(CCCCCCCCCCC)c(C=C5C(=O)c6cc(F)c(F)cc6C5=C(C#N)C#N)sc4c1n2CC(CC)CCCC)C3CC(CC)CCCC,-5.8,4.56,1504.066,9,37,26.9372200000001,-0.0247880961493611,0.0105967122068199,your_data
CCCCCCC(CCCC)Cn1c2c3sc(C=C4C(=O)c5cc(F)c(F)cc5C4=C(C#N)C#N)cc3sc2c2c3cscc3c3c4sc5cc(C=C6C(=O)c7cc(C)c(F)cc7C6=C(C#N)C#N)sc5c4n(CC(CC)CCCC)c3c21,-5.68,4.33,1193.546,10,18,20.54974,-0.0278228639529811,0.00757614643551805,your_data
CCCCCCCCCCCc1c(/C=C2\C(=O)C3CC(F)=C(F)C=C3C2=C(C#N)C#N)sc2c1sc1c3c4nsnc4c4c5sc6c(c5n(CC5C=CC(CC(CCCCCC)CCCCCCCC)=CC5)c4c3n(CC(CCCCCC)CCCCCCCC)c21)SC(/C=C1\C(=O)C2CC(F)=C(F)C=C2C1=C(C#N)C#N)C6CCCCCCCCCCC,-5.68,4.56,1774.592,7,52,33.7204200000001,-0.0193054851608936,0.00744618623628463,your_data
CCCCCCCCCc1c(C=C2C(=O)c3cc(Cl)c(Cl)cc3C2=C(C#N)C#N)sc2c1sc1c3c(n(CC(CCCC)CCCCCC)c12)-c1c(c2sc4c(CCCCCCCCC)c(C=C5C(=O)c6cc(Cl)c(Cl)cc6C5=C(C#N)C#N)sc4c2n1CC(CCCC)CCCCCC)C1N=CC=NC31,-5.63,4.56,1569.886,8,38,28.9811200000001,-0.0270539465508646,0.0117713804928433,your_data
CCCCCCCCCc1c(C=C2C(=O)c3cc(Cl)c(Cl)cc3C2=C(C#N)C#N)sc2c1sc1c3c(n(CC(CCCC)CCCCCC)c12)-c1c(c2sc4c(CCCCCCCCC)c(C=C5C(=O)c6cc(Cl)c(Cl)cc6C5=C(C#N)C#N)sc4c2n1CC(CCCC)CCCCCC)C1N=C(c2cc(F)c(CC(CC)CCCC)s2)C(c2cc(F)c(CC(CC)CCCC)s2)=NC31,-5.68,5.02,1994.552,10,52,37.73712,-0.0115071200401706,0.00799225617112961,your_data
CCCCCCCCCc1c(C=C2C(=O)c3cc(Cl)c(Cl)cc3C2=C(C#N)C#N)sc2c1sc1c3c(n(CC(CCCC)CCCCCC)c12)-c1c(c2sc4c(CCCCCCCCC)c(C=C5C(=O)c6cc(Cl)c(Cl)cc6C5=C(C#N)C#N)sc4c2n1CC(CCCC)CCCCCC)C1N=C(C(CC)CCCC)C(C(CC)CC)=NC31,-5.68,4.56,1738.21,8,46,33.3741200000001,-0.0216665005524248,0.00938310159466418,your_data
CCCCCCCCCc1c(C=C2C(=O)c3cc(Cl)c(Cl)cc3C2=C(C#N)C#N)sc2c1sc1c3c(n(CC(CCCC)CCCCCC)c12)-c1c(c2sc4c(CCCCCCCCC)c(C=C5C(=O)c6cc(Cl)c(Cl)cc6C5=C(C#N)C#N)sc4c2n1CC(CCCC)CCCCCC)C1N=C(c2ccc(CC(CC)CCCC)s2)C(c2ccc(CC(CC)CCCC)s2)=NC31,-5.58,4.56,1958.572,10,52,37.45892,-0.012715121471534,0.00754085823556198,your_data
CCCCCCCCCCCc1c(C=C2C(=O)c3cc4cc(F)c(F)cc4cc3C2=C(C#N)C#N)sc2c1sc1c3c4nsnc4c4c5sc6c(CCCCCCCCCCC)c(C=C7C(=O)c8cc9cc(F)c(F)cc9cc8C7=C(C#N)C#N)sc6c5n(CC(CC)CCCC)c4c3n(CCC(CC)CCCC)c21,-5.42,4.56,1566.118,12,35,28.4531200000001,-0.0238155376791605,0.0108570005812168,your_data
CCCCCCc1ccc(C2(c3ccc(CCCCCC)cc3)c3cc4c(cc3-c3sc5cc(/C=C6\C(=O)c7cc(F)c(F)cc7C6=C(C#N)C#N)sc5c32)C(c2ccc(CCCCCC)cc2)(c2ccc(CCCCCC)cc2)c2c-4sc3cc(/C=C4\C(=O)c5cc(F)c(F)cc5C4=C(C#N)C#N)sc23)cc1,-5.5,4.56,1499.944,11,26,26.1741200000001,-0.0247498132478703,0.0119312944211593,your_data
CCCCCCCCC(CCCCCC)Cn1c2c3sc(C=C4C(=O)c5ccc(-c6cc(Cl)c(Cl)c(Cl)c6)cc5C4=C(C#N)C#N)c(CCCCC)c3sc2c2c3nsnc3c3c4sc5c(CCCCC)c(C=C6C(=O)c7ccc(-c8cc(Cl)c(Cl)c(Cl)c8)cc7C6=C(C#N)C#N)sc5c4n(CC(CCCCCC)CCCCCCCC)c3c21,-5.58,5.02,1794.985,12,40,34.0150200000001,-0.0162253491467034,0.00778350290677149,your_data
CCCCCCCCCc1c(C=C2C(=O)c3cc(Cl)c(Cl)cc3C2=C(C#N)C#N)sc2c3c(sc12)-c1c(c2c(c4nsnc14)c1sc4c(CCCCCCCCC)c(C=C5C(=O)c6cc7cc(F)c(F)cc7cc6C5=C(C#N)C#N)sc4c1n2CC(CCCC)CCCCCC)C3CC(CCCC)CCCCCC,-5.52,4.56,1590.061,10,38,29.8933200000001,-0.022696976141677,0.0134074652733147,your_data
CCCCCCCCCCCc1c(C=C2C(=O)c3cc(Cl)c(Cl)cc3C2=C(C#N)C#N)sc2c3c(sc12)-c1c(c2c(c4nsnc14)c1sc4c(CCCCCCCCCCC)c(C=C5C(=O)c6cc7cc(F)c(F)cc7cc6C5=C(C#N)C#N)sc4c1n2CC(CCCC)CCCCCC)C3CC(CCCC)CCCCCC,-5.52,4.56,1646.169,10,42,31.4537200000001,-0.0255374715076426,0.0100707143336164,your_data
CCCCCCCCCCCc1c(C=C2C(=O)c3cc(Cl)c(Cl)cc3C2=C(C#N)C#N)sc2c3c(sc12)-c1c(c2c(c4nsnc14)c1sc4c(CCCCCCCCCCC)c(C=C5C(=O)c6cc(Cl)c(Cl)cc6C5=C(C#N)C#N)sc4c1n2CC(CCCC)CCCCCC)C3CC(CCCC)CCCCCC,-5.63,4.56,1629.019,9,42,31.3291200000001,-0.0272377408085417,0.0104038191421451,your_data
CCCCCCCCCCCc1c(C=C2C(=O)c3cc4cc(F)c(F)cc4cc3C2=C(C#N)C#N)sc2c3c(sc12)-c1c(c2c(c4nsnc14)c1sc4c(CCCCCCCCCCC)c(C=C5C(=O)c6cc7cc(F)c(F)cc7cc6C5=C(C#N)C#N)sc4c1n2CC(CCCC)CCCCCC)C3CC(CCCC)CCCCCC,-5.63,4.56,1663.319,11,42,31.5783200000001,-0.0229776939438007,0.00876177156202683,your_data
CCCCCCCCCCCc1c(C=C2C(=O)c3cc4cc(F)c(F)cc4cc3C2=C(C#N)C#N)sc2c1sc1c3c4nsnc4c4c5sc6c(CCCCCCCCCCC)c(C=C7C(=O)c8cc9cc(F)c(F)cc9cc8C7=C(C#N)C#N)sc6c5n(C(=O)OCC(CCCC)CCCCCC)c4c3n(C(=O)OCC(CCCC)CCCCCC)c21,-5.65,6.46,1752.325,12,42,31.1532200000001,-0.0220848462024708,0.00773971432127696,your_data
CCCCCCCCCCCc1c(C=C2C(=O)c3cc(Cl)c(Cl)cc3C2=C(C#N)C#N)sc2c1sc1c3c4nsnc4c4c5sc6c(CCCCCCCCCCC)c(C=C7C(=O)c8cc9cc(F)c(F)cc9cc8C7=C(C#N)C#N)sc6c5n(C(=O)OCC(CCCC)CCCCCC)c4c3n(C(=O)OCC(CCCC)CCCCCC)c21,-5.54,6.46,1735.175,11,42,31.0286200000001,-0.0230745247108207,0.00936055661140222,your_data
CCCCCCCCCc1c(C=C2C(=O)c3cc(Cl)c(Cl)cc3C2=C(C#N)C#N)sc2c1sc1c3c4nsnc4c4c5sc6c(CCCCCCCCC)c(C=C7C(=O)c8cc9cc(F)c(F)cc9cc8C7=C(C#N)C#N)sc6c5n(C(=O)OCC(CCCC)CCCCCC)c4c3n(C(=O)OCC(CCCC)CCCCCC)c21,-5.71,6.46,1679.067,11,38,29.4682200000001,-0.0236020813317122,0.00953496421965092,your_data
CCCCCCCCCCCc1c(C=C2C(=O)c3cc(F)c(F)cc3C2=C(C#N)C#N)sc2c1sc1c3c4nc5c6ccccc6c6ccccc6c5nc4c4c5sc6c(CCCCCCCCCCC)c(C=C7C(=O)c8cc(F)c(F)cc8C7=C(C#N)C#N)sc6c5n(CC(CCCC)CCCCCC)c4c3n(CC(CCCC)CCCCCC)c21,-5.67,4.56,1708.338,13,42,32.2755200000001,-0.0226934632355423,0.0077266994295693,your_data
CCCCCCCCCCCCC(CCCCCCCCCC)CN1Cc2c(c3nsnc3c3c4sc5c(CCCCCCCCCCC)c(C=C6C(=O)c7cc(CC)ccc7C6=C(C#N)C#N)sc5c4n(CC(CCCCCCCCCC)CCCCCCCCCCCC)c23)-c2sc3c(CCCCCCCCCCC)c(C=C4C(=O)c5cc(-c6sc(C)c(F)c6F)ccc5C4=C(C#N)C#N)sc3c21,-5.65,4.1,2003.09,10,68,40.4400399999999,-0.0101982562065161,0.00753659945094454,your_data
CCCCCCCCCCCCC(CCCCCCCCCC)CN1Cc2c(c3nsnc3c3c4sc5c(CC(CCCC)CCCCCC)c(C=C6C(=O)c7cc(CC)ccc7C6=C(C#N)C#N)sc5c4n(CC(CCCCCCCCCC)CCCCCCCCCCCC)c23)-c2sc3c(CC(CCCC)CCCCCC)c(C=C4C(=O)c5cc(-c6sc(C)c(F)c6F)ccc5C4=C(C#N)C#N)sc3c21,-5.64,4.1,2031.144,10,68,40.9320399999999,-0.0101773385464496,0.00748162991910735,your_data
CCCCCCCCCCCCC(CCCCCCCCCC)CN1Cc2c(c3nsnc3c3c4sc5c(CC(CCCC)CCCCCC)c(C=C6C(=O)c7cc(CC)ccc7C6=C(C#N)C#N)sc5c4n(CC(CCCCCCCCCC)CCCCCCCCCCCC)c23)-c2sc3c(CC(CCCC)CCCCCC)c(C=C4C(=O)c5cc(-c6ccc(C)s6)ccc5C4=C(C#N)C#N)sc3c21,-5.65,3.64,1995.164,10,68,40.6538399999999,-0.0104261822977221,0.00746691210502568,your_data
CCCCCCCCCCCc1c(C=C2C(=O)c3cc(Br)c(Br)cc3C2=C(C#N)C#N)sc2c1sc1c3c4nc5cc(Br)c(Br)cc5nc4c4c5sc6c(CCCCCCCCCCC)c(C=C7C(=O)c8cc(Br)c(Br)cc8C7=C(C#N)C#N)sc6c5n(CC(CCCCCC)CCCCCCCC)c4c3n(CC(CCCCCC)CCCCCCCC)c21,-5.67,5.02,2121.85,11,50,37.10852,-0.0111721944868603,0.00725826182582572,your_data
CCCCCCCCCCCc1c(C=C2C(=O)c3cc(F)c(F)cc3C2=C(C#N)C#N)sc2c1sc1c3c4nc5cc(C)c(Br)cc5nc4c4c5sc6c(CCCCCCCCCCC)c(C=C7C(=O)c8cc(F)c(F)cc8C7=C(C#N)C#N)sc6c5n(CC(CCCCCC)CCCCCCCC)c4c3n(CC(CCCCCC)CCCCCCCC)c21,-5.3,4.79,1813.357,11,50,34.1608400000001,-0.0150636219679037,0.00736351018027325,your_data
CCCCCCCCCCCc1c(C=C2C(=O)c3cc(F)c(F)cc3C2=C(C#N)C#N)sc2c1sc1c3c4nc5cc(C)c(C)cc5nc4c4c5sc6c(CCCCCCCCCCC)c(C=C7C(=O)c8cc(F)c(F)cc8C7=C(C#N)C#N)sc6c5n(CC(CCCCCC)CCCCCCCC)c4c3n(CC(CCCCCC)CCCCCCCC)c21,-5.3,4.56,1748.488,11,50,33.7067600000001,-0.0179861856567157,0.00790542054413073,your_data
CCCCCCCCCCCc1c(C=C2C(=O)c3cc(F)c(F)cc3C2=C(C#N)C#N)sc2c1sc1c3c4nc5cc(Br)c(Br)cc5nc4c4c5sc6c(CCCCCCCCCCC)c(C=C7C(=O)c8cc(F)c(F)cc8C7=C(C#N)C#N)sc6c5n(CC(CCCCCC)CCCCCCCC)c4c3n(CC(CCCCCC)CCCCCCCC)c21,-5.68,5.02,1878.226,11,50,34.6149200000001,-0.01406409001717,0.0063632055007865,your_data
CCCCCCCCCc1c(C=C2C(=O)c3c(ccc(Cl)c3Cl)C2=C(C#N)C#N)sc2c1sc1c3c4nsnc4c4c5sc6c(CCCCCCCCC)c(C=C7C(=O)c8c(ccc(Cl)c8Cl)C7=C(C#N)C#N)sc6c5n(CC(CCCC)CCCCCC)c4c3n(CC(CCCC)CCCCCC)c21,-5.68,4.56,1573.899,10,38,29.3742200000001,-0.0227104814600731,0.0135496691311221,your_data
CCCCCCCCC(CCCCCC)Cc1c(C=C2C(=O)c3cc(F)c(F)cc3C2=C(C#N)C#N)sc2c1sc1c3c4nsnc4c4c5sc6c(C(CCCCCC)CCCCCCCC)c(C=C7C(=O)c8cc(F)c(F)cc8C7=C(C#N)C#N)sc6c5n(CC(CC)CCCC)c4c3n(CC(CC)CCCC)c21,-5.68,4.56,1578.214,10,41,29.2943200000001,-0.0256902585655774,0.0113694988427724,your_data
CCCCCCCCCCC(CCCCCCCC)Cc1c(C=C2C(=O)c3cc(F)c(F)cc3C2=C(C#N)C#N)sc2c1sc1c3c4nsnc4c4c5sc6c(C(CCCCCCCC)CCCCCCCCCC)c(C=C7C(=O)c8cc(F)c(F)cc8C7=C(C#N)C#N)sc6c5n(CC(CC)CCCC)c4c3n(CC(CC)CCCC)c21,-5.68,4.56,1690.43,10,49,32.4151200000001,-0.0220950352434348,0.0100266405289338,your_data
CCCCC(CC)CC1c2c(sc3cc(C=C4C(=O)c5cc(F)c(F)cc5C4=C(C#N)C#N)sc23)-c2c1c1c(c3nn(CC(CC)CCCC)nc23)c2sc3cc(C=C4C(=O)c5cc(F)c(F)cc5C4=C(C#N)C#N)sc3c2n1CC(CC)CCCC,-5.66,4.56,1237.553,9,20,19.96092,-0.028936524238495,0.00756455418039226,your_data
CCCCCCc1c(C=C2C(=O)c3cc(F)c(F)cc3C2=C(C#N)C#N)sc2c3c(sc12)-c1c(c2c(c4nn(CC(CC)CCCC)nc14)c1sc4c(CCCCCC)c(C=C5C(=O)c6cc(F)c(F)cc6C5=C(C#N)C#N)sc4c1n2CC(CC)CCCC)C3CC(CC)CCCC,-5.72,4.56,1405.877,9,30,24.2065200000001,-0.0273227660370343,0.00962137116803378,your_data
CCOc1c(/C=C2\C(=O)c3cc(F)c(F)cc3C2=C(C#N)C#N)sc2c1sc1c3c4nsnc4c4c5sc6c(OCC)c(/C=C7\C(=O)c8cc(F)c(F)cc8C7=C(C#N)C#N)sc6c5n(CC)c4c3n(CC)c21,-5.74,4.56,1063.159,10,8,14.01442,-0.0097416188271797,0.0237583727740886,your_data
CCCCCCCCCCCc1c(C=C2C(=O)c3cc(Br)c(F)cc3C2=C(C#N)C#N)sc2c1sc1c3c4nsnc4c4c5sc6c(CCCCCCCCCCC)c(C=C7C(=O)c8cc(Br)c(F)cc8C7=C(C#N)C#N)sc6c5n(CC(CCCC)CCCCCC)c4c3n(CC(CCCC)CCCCCC)c21,-5.54,4.56,1685.999,10,42,30.1242200000001,-0.0271749020844333,0.0128124257898272,your_data
CCCCCCCCCCCc1c(C=C2C(=O)c3cc(Cl)c(F)cc3C2=C(C#N)C#N)sc2c1sc1c3c4nsnc4c4c5sc6c(CCCCCCCCCCC)c(C=C7C(=O)c8cc(Cl)c(F)cc8C7=C(C#N)C#N)sc6c5n(CC(CCCC)CCCCCC)c4c3n(CC(CCCC)CCCCCC)c21,-5.68,4.56,1597.097,10,42,29.9060200000001,-0.0259830056129232,0.00822794337534729,your_data
CCCCCCCCCCCc1c(C=C2C(=O)c3cc(Br)c(Cl)cc3C2=C(C#N)C#N)sc2c1sc1c3c4nsnc4c4c5sc6c(CCCCCCCCCCC)c(C=C7C(=O)c8cc(Br)c(Cl)cc8C7=C(C#N)C#N)sc6c5n(CC(CCCC)CCCCCC)c4c3n(CC(CCCC)CCCCCC)c21,-5.67,4.56,1718.909,10,42,31.1528200000001,-0.0254423460851341,0.0111779855633482,your_data
CCCCCCC(CCCC)Cc1c(C=C2C(=O)C3=C(C=CC(Br)C=C3)C2=C(C#N)C#N)sc2c1sc1c3c4nsnc4c4c5sc6c(CC(CCCC)CCCCCC)c(C=C7C(=O)C8=C(C=CC(Br)C=C8)C7=C(C#N)C#N)sc6c5n(CC(CC)CCCC)c4c3n(CC(CC)CCCC)c21,-5.63,4.1,1593.911,8,34,26.5228200000001,-0.0307204083417956,0.0103555319971417,your_data
CCCCCCCCCCCCC(CCCCCCCCCC)Cn1c2c3sc(C=C4C(=O)c5cc(C)ccc5C4=C(C#N)C#N)c(CCCCCCCCCCC)c3sc2c2c3nsnc3c3c4sc5c(CCCCCCCCCCC)c(C=C6C(=O)c7cc(-c8ccc(Cc9ccc%10c(c9)C(=O)C(=Cc9sc%11c(sc%12c%13c%14nsnc%14c%14c%15sc%16c(CC(CCCC)CCCCCC)c(C=C%17C(=O)c%18cc(-c%19ccc(C(C)(C)C)s%19)ccc%18C%17=C(C#N)C#N)sc%16c%15n(CC(CCCCCCCCCC)CCCCCCCCCCCC)c%14c%13n(CC(CCCCCCCCCC)CCCCCCCCCCCC)c%11%12)c9CC(CCCC)CCCCCC)C%10=C(C#N)C#N)s8)ccc7C6=C(C#N)C#N)sc5c4n(CC(CCCCCCCCCC)CCCCCCCCCCCC)c3c21,-5.59,7.28,3932.204,22,136,80.8259600000003,-0.00894855712347242,0.00698186593976622,your_data
CCc1c(/C=C2\C(=O)c3cc(Cl)c(Cl)cc3C2=C(C#N)C#N)sc2c1sc1c3c4nsnc4c4c5sc6c(CC)c(/C=C7\C(=O)c8cc(Cl)c(Cl)cc8C7=C(C#N)C#N)sc6c5n(CC)c4c3n(CC)c21,-5.7,4.56,1096.981,10,6,16.39902,-0.0151746960035969,0.0212920217894841,your_data
CCCCCCCCCCCc1c(C=C2C(=O)c3cc(Cl)c(Cl)cc3C2=C(C#N)C#N)sc2c1sc1c3c4nsnc4c4c5sc6c(CCCCCCCCCCC)c(C=C7C(=O)c8cc(Cl)c(Cl)cc8C7=C(C#N)C#N)sc6c5n(CC(CCCCCC)CCCCCCCC)c4c3n(CC(CCCCCC)CCCCCCCC)c21,-5.58,4.56,1742.223,10,50,34.0554200000001,-0.0159534025450738,0.00819392805519322,your_data
CCCCCCCCCCCc1c(C=C2C(=O)c3cc(F)c(F)cc3C2=C(C#N)C#N)sc2c1sc1c3c4nc(-c5ccccc5)c(-c5ccccc5)nc4c4c5sc6c(CCCCCCCCCCC)c(C=C7C(=O)c8cc(F)c(F)cc8C7=C(C#N)C#N)sc6c5n(CC(CCCC)CCCCCC)c4c3n(CC(CCCC)CCCCCC)c21,-5.72,4.56,1710.354,12,44,32.1499200000001,-0.0219671767866805,0.00682450436725807,your_data
CCCCCCCCCCCc1c(C=C2C(=O)c3cc(Cl)c(Cl)cc3C2=C(C#N)C#N)sc2c1SC1c3c(c4c(c5nsnc35)c3sc5c(CCCCCCCCCCC)c(C=C6C(=O)c7cc(Cl)c(Cl)cc7C6=C(C#N)C#N)sc5c3n4CC(CC)CCCC)N(CC(CC)CCCC)C21,-5.68,4.56,1519.807,8,34,27.1993200000001,-0.0285486607178503,0.0110858322506691,your_data
CCc1c(/C=C2\C(=O)c3ccc(Cl)cc3C2=C(C#N)C#N)sc2c1sc1c3c4nsnc4c4c5sc6c(CC)c(/C=C7\C(=O)c8cc(Cl)c(Cl)cc8C7=C(C#N)C#N)sc6c5n(CC)c4c3n(CC)c21,-5.67,4.33,1062.536,10,6,15.74562,-0.0125510852746962,0.0210391270428552,your_data
CCc1c(/C=C2\C(=O)c3ccc(Cl)cc3C2=C(C#N)C#N)sc2c1sc1c3c4nsnc4c4c5sc6c(CC)c(/C=C7\C(=O)c8cc(F)c(F)cc8C7=C(C#N)C#N)sc6c5n(CC)c4c3n(CC)c21,-5.58,4.33,1029.626,10,6,14.71702,-0.00729424654507294,0.0243316278909629,your_data
CCc1ccc(C2(c3ccc(CC)cc3)c3cc4c(cc3-c3sc(/C=C5\C(=O)c6ccccc6C5=C(C#N)C#N)cc32)C(c2ccc(CC)cc2)(c2ccc(CC)cc2)c2cc(/C=C3\C(=O)c5ccccc5C3=C(C#N)C#N)sc2-4)cc1,-5.42,3.64,1091.374,9,10,16.94672,-0.0222379412883735,0.015271341571806,your_data
CCc1c(/C=C2\C(=O)c3cc(F)c(F)cc3C2=C(C#N)C#N)sc2c1sc1c3c4nccnc4c4c5sc6c(CC)c(/C=C7\C(=O)c8cc(F)c(F)cc8C7=C(C#N)C#N)sc6c5n(CC)c4c3n(CC)c21,-5.64,4.56,1025.132,10,6,14.28032,-0.00409498378278297,0.0235095102289695,your_data
CCc1c(/C=C2\C(=O)c3cc(F)c(F)cc3C2=C(C#N)C#N)sc2c1sc1c3c4nc(C)c(C)nc4c4c5sc6c(CC)c(/C=C7\C(=O)c8cc(F)c(F)cc8C7=C(C#N)C#N)sc6c5n(CC)c4c3n(CC)c21,-5.62,4.56,1053.186,10,6,14.89716,-0.00878330500662027,0.0233366341654571,your_data
CCCCCCCc1c(C=C2C(=O)c3cc(Cl)c(Cl)cc3C2=C(C#N)C#N)sc2c1sc1c3c4nsnc4c4c5sc6c(CCCCCCC)c(C=C7C(=O)c8cc(Cl)c(Cl)cc8C7=C(C#N)C#N)sc6c5n(CC(CCCC)CCCCCC)c4c3n(CC(CCCC)CCCCCC)c21,-5.63,4.56,1517.791,10,34,27.8138200000001,-0.0242308763146676,0.0129244276909201,your_data
CCCCCCCCCCCc1c(C=C2C(=O)c3cc(F)c(F)cc3C2=C(C#N)C#N)sc2c1sc1c3c4nsnc4c4c5sc(C=C6C(=O)c7cc(F)c(F)cc7C6=C(C#N)C#N)c(OCCCCCCCCCC)c5n(CC(CCCC)CCCCCCCC)c4c3n(CC(CCCC)CCCCCCCC)c21,-5.53,4.56,1566.178,9,46,28.6693200000001,-0.0264933842570435,0.0103563722593123,your_data
CCCCCCCCCCCc1c(C=C2C(=O)c3cc(F)c(F)cc3C2=C(C#N)C#N)sc2c3c4nsnc4c4c5sc6c(OCCCCCCCCCC)c(C=C7C(=O)c8cc(F)c(F)cc8C7=C(C#N)C#N)sc6c5n(CC(CCCC)CCCCCCCC)c4c3n(CC(CCCC)CCCCCCCC)c12,-5.57,4.56,1566.178,9,46,28.6693200000001,-0.0264165965159205,0.0105294161162332,your_data
CCCCCCCCCCCc1c(C=C2C(=O)c3cc(I)c(I)cc3C2=C(C#N)C#N)sc2c1sc1c3c4nsnc4c4c5sc6c(CCCCCCCCCCC)c(C=C7C(=O)c8cc(I)c(I)cc8C7=C(C#N)C#N)sc6c5n(CC(CCCC)CCCCCC)c4c3n(CC(CCCC)CCCCCC)c21,-5.56,4.56,1995.811,10,42,30.7394200000001,-0.0189521910007026,0.00841281664234192,your_data
CCCCCCCCCCCc1c(C=C2C(=O)c3cc(Br)c(Br)cc3C2=C(C#N)C#N)sc2c1sc1c3c4nsnc4c4c5sc6c(CCCCCCCCCCC)c(C=C7C(=O)c8cc(Br)c(Br)cc8C7=C(C#N)C#N)sc6c5n(CC(CC)CCCC)c4c3n(CC(CC)CCCC)c21,-5.71,4.56,1695.595,10,34,28.2502200000001,-0.0287967457880672,0.00885223440634996,your_data
CCc1c(/C=C2\C(=O)c3cc(Br)c(Br)cc3C2=C(C#N)C#N)sc2c1sc1c3c4nsnc4c4c5sc6c(CC)c(/C=C7\C(=O)c8cc(Br)c(Br)cc8C7=C(C#N)C#N)sc6c5n(CC)c4c3n(CC)c21,-5.71,4.56,1274.785,10,6,16.83542,-0.0290004009401444,0.0117893112435658,your_data
CCc1c(/C=C2\C(=O)c3ccc(Br)cc3C2=C(C#N)C#N)sc2c1sc1c3c4nsnc4c4c5sc6c(CC)c(/C=C7\C(=O)c8ccc(Br)cc8C7=C(C#N)C#N)sc6c5n(CC)c4c3n(CC)c21,-5.71,4.1,1116.993,10,6,15.31042,-0.0138132914060965,0.0199219666269336,your_data
CCOc1ccc(C2(c3ccc(OCC)cc3)c3cc(/C=C4\C(=O)c5cc(Cl)c(Cl)cc5C4=C(C#N)C#N)sc3-c3ccc4cc5c6c(ccc5cc4c32)-c2sc(/C=C3\C(=O)c4cc(Cl)c(Cl)cc4C3=C(C#N)C#N)cc2C6(c2ccc(OCC)cc2)c2ccc(OCC)cc2)cc1,-5.63,4.56,1393.27,11,14,21.21192,-0.025799455403369,0.0142794750656842,your_data
CCCCCCCCCc1c(C=C2C(=O)c3cc(F)c(F)cc3C2=C(C#N)C#N)sc2c1sc1c3c4nsnc4c4c5sc6c(CCCCCCCCC)c(C=C7C(=O)c8cc(F)c(F)cc8C7=C(C#N)C#N)sc6c5n(CC(CCCC)CCCCCC)c4c3n(CC(CCCC)CCCCC)c21,-5.63,4.56,1494.052,10,37,26.9269200000001,-0.0208838404326183,0.00876030579247979,your_data
CCc1c(C=C2C(=O)c3cc(F)c(F)cc3C2=C(C#N)C#N)sc2c1sc1c2sc2c3c4nsnc4c4c5sc6c(CC)c(C=C7C(=O)c8cc(F)c(F)cc8C7=C(C#N)C#N)sc6c5n(CC)c4c3n(CC)c12,-5.63,4.56,1087.25,11,6,15.55652,-0.0153796250871495,0.0167219461865763,your_data
CCc1c(C=C2C(=O)c3cc(F)c(F)cc3C2=C(C#N)C#N)sc2c1sc1c2sc2c3c4nsnc4c4c5sc(C=C6C(=O)c7cc(F)c(F)cc7C6=C(C#N)C#N)c(CC)c5n(CC)c4c3n(CC)c12,-5.65,4.56,1031.161,10,6,14.34182,-0.00505882403328785,0.0237223829432637,your_data
CCN1C(=O)c2ccc3c4ccc5c6c(cc(-c7cc8c9c(ccc%10c%11ccc%12c%13c(ccc(c7c9%10)c%13%11)C(=O)N(CC)C%12=O)C(=O)N(CC)C8=O)c(c7ccc(c2c37)C1=O)c64)C(=O)N(CC)C5=O,-5.55,4,890.908,10,5,9.91839999999999,0.0263362913798716,0.0338658251884076,your_data
CCN1C(=O)c2ccc3c4c(F)cc5c6c(cc(-c7cc8c9c(cc(F)c%10c%11ccc%12c%13c(cc(F)c(c7c9%10)c%13%11)C(=O)N(CC)C%12=O)C(=O)N(CC)C8=O)c(c7c(F)cc(c2c37)C1=O)c64)C(=O)N(CC)C5=O,-5.68,4.92,962.868,10,5,10.4748,0.0125994179995299,0.0271900634175965,your_data
CCCCCCCCCCCc1c(C=C2C(=O)c3cc(C(F)(F)F)ccc3C2=C(C#N)C#N)sc2c1sc1c3c4nsnc4c4c5sc6c(CCCCCCCCCCC)c(C=C7C(=O)c8cc(C(F)(F)F)ccc8C7=C(C#N)C#N)sc6c5n(CC(CC)CCCC)c4c3n(CC(CC)CCCC)c21,-5.69,5.02,1516.005,10,34,27.2378200000001,-0.0243172569057616,0.0097718632341474,your_data
CCCCCCCCCCCc1c(C=C2C(=O)c3cc(C(F)(F)F)ccc3C2=C(C#N)C#N)sc2c1sc1c3c4nsnc4c4c5sc6c(CCCCCCCCCCC)c(C=C7C(=O)c8cc(Cl)c(Cl)cc8C7=C(C#N)C#N)sc6c5n(CC(CC)CCCC)c4c3n(CC(CC)CCCC)c21,-5.69,4.79,1516.898,10,34,27.5258200000001,-0.0240869806477558,0.0108415852692531,your_data
CCCCCCCCCCCc1c(C=C2C(=O)c3c(cc(F)c(F)c3F)C2=C(C#N)C#N)sc2c1sc1c3c4nsnc4c4c5sc6c(CCCCCCCCCCC)c(C=C7C(=O)c8c(cc(F)c(F)c8F)C7=C(C#N)C#N)sc6c5n(CC(CCCC)CCCCCC)c4c3n(CC(CCCC)CCCCCC)c21,-5.91,5.02,1600.167,10,42,29.1556200000001,-0.026226290482774,0.0107847138140722,your_data
CCCCCCCCCCCc1c(C=C2C(=O)c3ccc(F)cc3C2=C(C#N)C#N)sc2c1sc1c3c4nsnc4c4c5sc6c(CCCCCCCCCCC)c(C=C7C(=O)c8ccc(F)cc8C7=C(C#N)C#N)sc6c5n(CC(CCCC)CCCCCC)c4c3n(CC(CCCC)CCCCCC)c21,-5.87,4.1,1528.207,10,42,28.5992200000001,-0.0252212034382568,0.0139889081606064,your_data
CCOc1cc(-c2cc(-c3ccc(CC)cc3)c(/C=C3\C(=O)c4cc(Cl)c(Cl)cc4C3=C(C#N)C#N)s2)c(OCC)cc1-c1cc(-c2ccc(CC)cc2)c(/C=C2\C(=O)c3cc(Cl)c(Cl)cc3C2=C(C#N)C#N)s1,-5.59,4.56,1084.934,7,12,17.17472,-0.0215524689514696,0.0127181414701775,your_data
CCOc1cc(-c2cc(-c3ccc(CC)cc3)c(/C=C3\C(=O)c4cc(F)c(F)cc4C3=C(C#N)C#N)s2)c(OCC)cc1-c1cc(-c2ccc(CC)cc2)c(/C=C2\C(=O)c3cc(F)c(F)cc3C2=C(C#N)C#N)s1,-5.66,4.56,1019.114,7,12,15.11752,-0.0161964249662027,0.0147843551065211,your_data
CCc1c(/C=C2\C(=O)c3cc(F)c(F)cc3C2=C(C#N)C#N)sc2c1sc1c3c4nsnc4c4c5sc6c7sc(/C=C8\C(=O)c9cc(F)c(F)cc9C8=C(C#N)C#N)cc7n(CC)c6c5n(CC)c4c3n(CC)c21,-5.71,4.56,1070.198,11,6,14.75402,-0.0121321694255034,0.0183231744047717,your_data
CCn1c2cc(/C=C3\C(=O)c4cc(F)c(F)cc4C3=C(C#N)C#N)sc2c2sc3c(c21)C(c1ccccc1)(c1ccccc1)c1cc2c(cc1-3)C(c1ccccc1)(c1ccccc1)c1c-2sc2cc(/C=C3\C(=O)c4cc(F)c(F)cc4C3=C(C#N)C#N)sc12,-5.76,4.56,1230.387,12,7,18.65752,-0.0362977463016327,0.0140322026801438,your_data
CCc1c(/C=C2\C(=O)c3cc(F)c(F)cc3C2=C(C#N)C#N)sc2c3c4nsnc4c4c5sc6c7sc(/C=C8\C(=O)c9cc(F)c(F)cc9C8=C(C#N)C#N)cc7n(CC)c6c5n(CC)c4c3n(CC)c12,-5.45,4.56,1014.109,10,6,13.53932,0.00315034235199699,0.0276141264699658,your_data
CCC1(CC)Oc2ccsc2-c2sc(-c3ccc4c(c3)C(=O)/C(=C\c3cc5sc6c(c5s3)C(CC)(CC)c3cc5c(cc3-6)C(CC)(CC)c3c-5sc5cc(/C=C6\C(=O)c7ccc(-c8cc9c(s8)-c8sc(-c%10ccc%11c(c%10)C(=O)/C(=C\c%10cc%12sc%13c(c%12s%10)C(CC)(CC)c%10cc%12c(cc%10-%13)C(CC)(CC)c%10c-%12sc%12cc(/C=C%13\C(=O)c%14ccccc%14C%13=C(C#N)C#N)sc%10%12)C%11=C(C#N)C#N)cc8C(CC)(CC)O9)cc7C6=C(C#N)C#N)sc35)C4=C(C#N)C#N)cc21,-5.45,7.28,2293.048,18,19,38.8564399999999,-0.0120838552406575,0.00884106511374043,your_data
CCC1(CC)c2ccsc2-c2sc(-c3ccc4c(c3)C(=O)/C(=C\c3cc5sc6c(c5s3)C(CC)(CC)c3cc5c(cc3-6)C(CC)(CC)c3c-5sc5cc(/C=C6\C(=O)c7ccc(-c8cc9c(s8)-c8sc(-c%10ccc%11c(c%10)C(=O)/C(=C\c%10cc%12sc%13c(c%12s%10)C(CC)(CC)c%10cc%12c(cc%10-%13)C(CC)(CC)c%10c-%12sc%12cc(/C=C%13\C(=O)c%14ccccc%14C%13=C(C#N)C#N)sc%10%12)C%11=C(C#N)C#N)cc8C9(CC)CC)cc7C6=C(C#N)C#N)sc35)C4=C(C#N)C#N)cc21,-5.42,7.28,2261.05,18,19,38.8800399999999,-0.0120838552406575,0.00884106511374043,your_data
CCC1(CC)c2cc3c(cc2-c2sc(/C=C4\C(=O)c5ccccc5C4=C(C#N)C#N)cc21)C(CC)(CC)c1cc(/C=C2\C(=O)c4cc(-c5cc6c(s5)-c5sc(-c7ccc8c(c7)C(=O)/C(=C\c7cc9c(s7)-c7cc%10c(cc7C9(CC)CC)-c7sc(/C=C9\C(=O)c%11cc(-c%12cc%13c(s%12)-c%12sccc%12C%13(CC)CC)ccc%11C9=C(C#N)C#N)cc7C%10(CC)CC)C8=C(C#N)C#N)cc5C6(CC)CC)ccc4C2=C(C#N)C#N)sc1-3,-5.42,7.28,2036.694,14,19,34.0212400000001,-0.0167685530688118,0.0101898675309455,your_data
CCc1c(/C=C2\C(=O)c3cc(C(F)(F)F)ccc3C2=C(C#N)C#N)sc2c1sc1c3c4nsnc4c4c5sc6c(CC)c(/C=C7\C(=O)c8cc(C(F)(F)F)ccc8C7=C(C#N)C#N)sc6c5n(CC)c4c3n(CC)c21,-5.5,5.02,1095.195,10,6,15.82302,-0.0145907086005222,0.0201904717776573,your_data
CCCCCCCCCCCc1c(C=C2C(=O)c3cc(C(F)(F)F)ccc3C2=C(C#N)C#N)sc2c1sc1c3c4nsnc4c4c5sc6c(CCCCCCCCCCC)c(C=C7C(=O)c8ccc(C(F)(F)F)cc8C7=C(C#N)C#N)sc6c5n(CC(CC)CCCC)c4c3n(CC(CC)CCCC)c21,-5.53,5.02,1516.005,10,34,27.2378200000001,-0.0243172569057616,0.0097718632341474,your_data
CCCCCCCCCCCc1c(C=C2C(=O)c3cc(Cl)ccc3C2=C(C#N)C#N)sc2c1sc1c3c4nsnc4c4c5sc6c(CCCCCCCCCCC)c(C=C7C(=O)c8ccc(Cl)cc8C7=C(C#N)C#N)sc6c5n(CC(CC)CCCC)c4c3n(CC(CC)CCCC)c21,-5.62,4.1,1448.901,10,34,26.5070200000001,-0.0209775120639447,0.00866421726797951,your_data
CCc1c(/C=C2\C(=O)c3ccc(F)cc3C2=C(C#N)C#N)sc2c1sc1c3c4nsnc4c4c5sc6c(CC)c(/C=C7\C(=O)c8ccc(F)cc8C7=C(C#N)C#N)sc6c5n(CC)c4c3n(CC)c21,-5.7,4.1,995.180999999999,10,6,14.06362,0.00229625259678456,0.0260659934222055,your_data
CCc1ccc(C2(c3ccc(CC)cc3)c3cc4c(cc3-c3sc5cc(/C=C6\C(=O)c7ccccc7C6=C(C#N)C#N)sc5c32)C(c2ccc(CC)cc2)(c2ccc(CC)cc2)c2c-4sc3cc(/C=C4\C(=O)c5ccccc5C4=C(C#N)C#N)sc23)cc1,-5.54,3.64,1203.552,11,10,19.37612,-0.0361544982846948,0.0155852982864082,your_data
CCc1ccc(C2(c3ccc(CC)cc3)c3cc4c(cc3-c3sc5cc(/C=C6\C(=O)c7c(cc(F)c(F)c7F)C6=C(C#N)C#N)sc5c32)C(c2ccc(CC)cc2)(c2ccc(CC)cc2)c2c-4sc3cc(/C=C4\C(=O)c5c(cc(F)c(F)c5F)C4=C(C#N)C#N)sc23)cc1,-5.7,5.02,1311.492,11,10,20.21072,-0.0364798432304621,0.0151850582721822,your_data
CCCCCCc1ccc(C2(c3ccc(CCCCCC)cc3)c3cc4c(cc3-c3sc5cc(/C=C6/C(=O)c7cc(F)c(F)cc7C6=C(C#N)C#N)sc5c32)C(c2ccc(CCCCCC)cc2)(c2ccc(CCCCCC)cc2)c2c-4sc3cc(/C=C4/C(=O)c5cc(F)c(F)cc5C4=C(C#N)C#N)sc23)cc1,-5.83,4.56,1499.944,11,26,26.1741200000001,-0.0247498132478703,0.0119312944211593,your_data
CCc1ccc(C2(c3ccc(CC)cc3)c3cc4c(cc3-c3sc5cc(/C=C6\C(=O)c7ccccc7C6=C(C#N)C#N)sc5c32)C(c2ccc(CC)cc2)(c2ccc(CC)cc2)c2c-4sc3cc(/C=C4\C(=O)c5c(cc(F)c(F)c5F)C4=C(C#N)C#N)sc23)cc1,-5.62,4.33,1257.522,11,10,19.79342,-0.0388575026941278,0.0143015273945788,your_data
CCCCCCc1ccc(C2(c3ccc(CCCCCC)cc3)c3cc4c(cc3-c3sc5cc(C=C6C(=O)c7ccccc7C6=C(C#N)C#N)sc5c32)C(c2ccc(CCCCCC)cc2)(c2ccc(CCCCCC)cc2)c2c-4sc3cc(C=C4C(=O)c5cc(F)c(F)cc5C4=C(C#N)C#N)sc23)cc1,-5.59,4.1,1463.964,11,26,25.8959200000001,-0.0225190577406777,0.0105489952106962,your_data
CCCCC(CC)CC1(CC(CC)CCCC)c2cc3c(cc2-c2sc(C=C4C(=O)c5cc(F)c(F)cc5C4=C(C#N)C#N)cc21)C(CC(CC)CCCC)(CC(CC)CCCC)c1cc(C=C2C(=O)c4cc(F)c(F)cc4C2=C(C#N)C#N)sc1-3,-5.65,4.56,1195.59,5,26,21.48632,-0.0245732433879441,0.00901208676794321,your_data
CCCCCCCCC(CCCCCC)COc1cc(-c2ccc(C=C3C(=O)c4cc(F)c(F)cc4C3=C(C#N)C#N)s2)c(OCC(CCCCCC)CCCCCCCC)cc1-c1ccc(C=C2C(=O)c3cc(F)c(F)cc3C2=C(C#N)C#N)s1,-5.68,4.56,1203.566,5,34,21.29332,-0.0244969107760263,0.0107755108223211,your_data
CCCCCCCCC(CCCCCC)COc1cc(-c2cc(CCCCCC)c(C=C3C(=O)c4cc(F)c(F)cc4C3=C(C#N)C#N)s2)c(OCC(CCCCCC)CCCCCCCC)cc1-c1cc(CCCCCC)c(C=C2C(=O)c3cc(F)c(F)cc3C2=C(C#N)C#N)s1,-5.63,4.56,1371.89,5,44,25.5389200000001,-0.0232717143158693,0.00992768493694468,your_data
CCCCCCCCC(CCCCCC)COc1cc(-c2cc(OCCCCCC)c(C=C3C(=O)c4cc(F)c(F)cc4C3=C(C#N)C#N)s2)c(OCC(CCCCCC)CCCCCCCC)cc1-c1cc(OCCCCCC)c(C=C2C(=O)c3cc(F)c(F)cc3C2=C(C#N)C#N)s1,-5.67,4.56,1403.888,5,46,25.2115200000001,-0.0242463789880886,0.00894063491906188,your_data
CCc1cc(/C=C2\C(=O)c3cc(F)c(F)cc3C2=C(C#N)C#N)sc1-c1sc(-c2cc(-c3c(C)cc(C)cc3C)c(-c3sc(/C=C4\C(=O)c5cc(F)c(F)cc5C4=C(C#N)C#N)cc3CC)s2)cc1-c1c(C)cc(C)cc1C,-5.66,4.56,1103.326,8,9,17.96064,-0.0214802844690361,0.0123106874807628,your_data
CCc1cc(/C=C2\C(=O)c3cc(F)c(F)cc3C2=C(C#N)C#N)sc1-c1sc(-c2cc(-c3ccccc3)c(-c3sc(/C=C4\C(=O)c5cc(F)c(F)cc5C4=C(C#N)C#N)cc3CC)s2)cc1-c1ccccc1,-5.5,4.56,1019.164,8,9,16.11012,-0.0145963427629031,0.0172052283815537,your_data
CCC1(CC)c2cc(/C=C3\C(=O)c4cc(F)c(F)cc4C3=C(C#N)C#N)sc2-c2sc(-c3cc(F)c(-c4cc5c(s4)-c4sc(/C=C6\C(=O)c7cc(F)c(F)cc7C6=C(C#N)C#N)cc4C5(CC)CC)cc3F)cc21,-5.56,5.02,1059.176,7,8,16.43552,-0.0137021068356027,0.0135518816328523,your_data
CCC1(CC)c2cc(/C=C3\C(=O)c4cc(F)c(F)cc4C3=C(C#N)C#N)sc2-c2sc(-c3c(F)c(F)c(-c4cc5c(s4)-c4sc(/C=C6\C(=O)c7cc(F)c(F)cc7C6=C(C#N)C#N)cc4C5(CC)CC)c(F)c3F)cc21,-5.56,5.48,1095.156,7,8,16.71372,-0.0165755581605453,0.0117605749013448,your_data
CCC1(CC)c2cc(/C=C3\C(=O)c4cc(F)c(F)cc4C3=C(C#N)C#N)sc2-c2sc(-c3c(F)c(OC)c(-c4cc5c(s4)-c4sc(/C=C6\C(=O)c7cc(F)c(F)cc7C6=C(C#N)C#N)cc4C5(CC)CC)c(F)c3OC)cc21,-5.56,5.02,1119.228,7,10,16.45272,-0.018706658047251,0.0146394046991657,your_data
CCc1ccc(C2(c3ccc(CC)cc3)c3cc4c5cc6c(cc5n(CC)c4cc3-c3sc4cc(/C=C5\C(=O)c7cc(Cl)c(Cl)cc7C5=C(C#N)C#N)sc4c32)-c2sc3cc(/C=C4\C(=O)c5cc(Cl)c(Cl)cc5C4=C(C#N)C#N)sc3c2C6(c2ccc(CC)cc2)c2ccc(CC)cc2)cc1,-5.61,4.56,1458.483,13,11,24.1175200000001,-0.0369634648080241,0.0130751522737705,your_data
CCc1ccc(C2(c3ccc(CC)cc3)c3cc4c5cc6c(cc5n(CC)c4cc3-c3sc(/C=C4\C(=O)c5cc(F)c(F)cc5C4=C(C#N)C#N)cc32)-c2sc(/C=C3\C(=O)c4cc(F)c(F)cc4C3=C(C#N)C#N)cc2C6(c2ccc(CC)cc2)c2ccc(CC)cc2)cc1,-5.57,4.56,1280.485,11,11,19.63092,-0.0381139587451323,0.015998031158457,your_data
CCc1sc(-c2nc3c(nc2-c2cc(F)c(CC)s2)c2c4sc5c(CC)c(/C=C6\C(=O)c7cc(F)c(F)cc7C6=C(C#N)C#N)sc5c4n(CC)c2c2c3c3sc4c(CC)c(/C=C5\C(=O)c6cc(F)c(F)cc6C5=C(C#N)C#N)sc4c3n2CC)cc1F,-5.58,5.02,1281.474,12,10,19.14032,-0.041816375609323,0.012281059147074,your_data
CCc1ccc(-c2nc3c(nc2-c2ccc(CC)s2)c2c4sc5c(CC)c(/C=C6\C(=O)c7cc(F)c(F)cc7C6=C(C#N)C#N)sc5c4n(CC)c2c2c3c3sc4c(CC)c(/C=C5\C(=O)c6cc(F)c(F)cc6C5=C(C#N)C#N)sc4c3n2CC)s1,-5.57,4.56,1245.494,12,10,18.86212,-0.0401537715764283,0.0120722746995039,your_data
CCCCCCCCn1c2cc(C=C3C(=O)c4cc(Cl)c(Cl)cc4C3=C(C#N)C#N)sc2c2sc3c(c21)C(c1ccc(CCCCCC)cc1)(c1ccc(CCCCCC)cc1)c1cc2c(cc1-3)C(c1ccc(CCCCCC)cc1)(c1ccc(CCCCCC)cc1)c1cc(C=C3C(=O)c4cc(Cl)c(Cl)cc4C3=C(C#N)C#N)sc1-2,-5.69,4.56,1660.928,11,33,30.3318200000001,-0.0238702547862958,0.00869489544357976,your_data
CCc1ccc(C2(c3ccc(CC)cc3)c3cc4c(cc3-c3sc(/C=C5\C(=O)c6cc(Cl)c(Cl)cc6C5=C(C#N)C#N)cc32)C(c2ccc(CC)cc2)(c2ccc(CC)cc2)c2c-4sc3c4sc(/C=C5\C(=O)c6cc(Cl)c(Cl)cc6C5=C(C#N)C#N)cc4n(CC)c23)cc1,-5.72,4.56,1352.334,11,11,21.74962,-0.0308061975193002,0.0139632469760752,your_data
CCCCCCc1ccc(C2(c3ccc(CCCCCC)cc3)c3cc4c(cc3-c3sc(C=C5C(=O)c6cc(F)c(F)cc6C5=C(C#N)C#N)cc32)C(c2ccc(CCCCCC)cc2)(c2ccc(CCCCCC)cc2)c2c-4sc3c4sc(C=C5C(=O)c6cc(F)c(F)cc6C5=C(C#N)C#N)cc4n(CC(CCCC)CCCCCC)c23)cc1,-5.43,4.56,1651.216,11,36,29.6909200000001,-0.0226559564754653,0.00786304453712651,your_data
CCC1(CC)Oc2cc3c(cc2-c2sc(/C=C4\C(=O)c5cc(F)c(F)cc5C4=C(C#N)C#N)cc21)C(CC)(CC)c1cc2c(cc1-3)OC(CC)(CC)c1cc(/C=C3\C(=O)c4cc(F)c(F)cc4C3=C(C#N)C#N)sc1-2,-5.62,4.56,1035.157,6,8,15.76322,-0.012121425181514,0.0131240248920948,your_data
CCC1(CC)c2cc3c(cc2-c2cc4c(cc21)-c1sc(/C=C2\C(=O)c5cc(F)c(F)cc5C2=C(C#N)C#N)cc1C4(CC)CC)C(CC)(CC)c1cc(/C=C2\C(=O)c4cc(F)c(F)cc4C2=C(C#N)C#N)sc1-3,-5.67,4.56,1003.159,6,8,15.78682,-0.00814628398974251,0.0152028503882783,your_data
CCc1ccc(C2(c3ccc(CC)cc3)c3cc4c(cc3-c3sc5cc(/C=C6\C(=O)c7c(ccc8ccccc78)C6=C(C#N)C#N)sc5c32)C(c2ccc(CC)cc2)(c2ccc(CC)cc2)c2c-4sc3cc(/C=C4\C(=O)c5c(ccc6ccccc56)C4=C(C#N)C#N)sc23)cc1,-5.65,3.64,1303.672,13,10,21.68252,-0.0418953931969863,0.00783320354379272,your_data
CCCCCCCCCCCc1c(C=C2C(=O)c3cc(Cl)c(Cl)cc3C2=C(C#N)C#N)sc2c1sc1c3c4nsnc4c4c5sc6c(CCCCCCCCCCC)c(C=C7C(=O)c8cc(Cl)c(Cl)cc8C7=C(C#N)C#N)sc6c5n(CCCCCCOc5ccccc5)c4c3n(CCCCCCOc3ccccc3)c21,-5.51,4.56,1645.877,12,38,28.6598200000001,-0.0240634231560809,0.00996716980272761,your_data
CCCCCCCCCCCc1c(C=C2C(=O)c3cc(F)c(F)cc3C2=C(C#N)C#N)sc2c1sc1c3c4nsnc4c4c5sc6c(CCCCCCCCCCC)c(C=C7C(=O)c8cc(F)c(F)cc8C7=C(C#N)C#N)sc6c5n(CCCCCCOc5ccccc5)c4c3n(CCCCCCOc3ccccc3)c21,-5.48,4.56,1580.057,12,38,26.6026200000001,-0.0266975405989164,0.0105617918338417,your_data
CCCCCCCCCCCc1c(C=C2C(=O)c3cc(Cl)c(Cl)cc3C2=C(C#N)C#N)sc2c1sc1c3c4nsnc4c4c5sc6c(CCCCCCCCCCC)c(C=C7C(=O)c8cc(Cl)c(Cl)cc8C7=C(C#N)C#N)sc6c5n(CCCCCCOc5cccc(Cl)c5)c4c3n(CCCCCCOc3cccc(Cl)c3)c21,-5.51,5.02,1714.767,12,38,29.9666200000001,-0.0241157336215932,0.00841634501705648,your_data
CCCCCCCCCCCc1c(C=C2C(=O)c3cc(F)c(F)cc3C2=C(C#N)C#N)sc2c1sc1c3c4nsnc4c4c5sc6c(CCCCCCCCCCC)c(C=C7C(=O)c8cc(F)c(F)cc8C7=C(C#N)C#N)sc6c5n(CCCCCCOc5cccc(Cl)c5)c4c3n(CCCCCCOc3cccc(Cl)c3)c21,-5.48,5.02,1648.947,12,38,27.9094200000001,-0.0265073229750918,0.00956616843426328,your_data
CCCCCCCCc1c(C=C2C(=O)c3cc(F)ccc3C2=C(C#N)C#N)sc2c1sc1c3c4nn(CC(CC)CCCC)nc4c4c5sc6c(CCCCCCCC)c(C=C7C(=O)c8cc(F)ccc8C7=C(C#N)C#N)sc6c5n(CC(CC)CCCC)c4c3n(CC(CC)CCCC)c21,-5.65,4.1,1426.993,10,34,25.0942200000001,-0.0240958182942706,0.0106625155676018,your_data
CCCCC(CC)Cn1nc2c(n1)c1c3sc4cc(C=C5C(=O)c6ccccc6C5=C(C#N)C#N)sc4c3n(CC(CC)CCCC)c1c1c2c2sc3cc(C=C4C(=O)c5ccccc5C4=C(C#N)C#N)sc3c2n1CC(CC)CCCC,-5.51,3.64,1166.581,10,20,19.01002,-0.0281441189849965,0.00931878102077694,your_data
CCCCCCc1ccc(C2(c3ccc(CCCCCC)cc3)c3cc4c(cc3-c3sc(-c5sc(C=C6C(=O)c7ccccc7C6=C(C#N)C#N)cc5OCC(CC)CCCC)cc32)C(c2ccc(CCCCCC)cc2)(c2ccc(CCCCCC)cc2)c2cc(-c3sc(C=C5C(=O)c6ccccc6C5=C(C#N)C#N)cc3OCC(CC)CCCC)sc2-4)cc1,-5.5,3.64,1736.49,11,42,31.8357200000001,-0.0228978927223838,0.00900995729825569,your_data
CCN1C(=O)c2cc(-c3ccc(-c4ccc(C)s4)s3)c3c4c(cc(C)c(c24)C1=O)C(=O)N(CC)C3=O,-5.65,2,514.628,4,4,6.14544000000001,0.0255591498647274,0.0320902558511623,your_data
CCCCCCCCCCC(CCCCCCCC)CN1C(=O)c2cc(-c3cc(F)c(-c4sc(C)cc4F)s3)c3c4c(cc(C)c(c24)C1=O)C(=O)N(CC(CCCCCCCC)CCCCCCCCCC)C3=O,-5.72,2.46,1055.58,4,38,20.17904,-0.0221769022980046,0.00708845093046275,your_data
CCCCCCCC(CCCC)Cn1c2c3sc(C=C4C(=O)c5cc(F)c(F)cc5C4=C(C#N)C#N)c(-c4cc(CC(CC)CCCC)cs4)c3sc2c2c3nsnc3c3c4sc5c(-c6cc(CC(CC)CCCC)cs6)c(C=C6C(=O)c7cc(F)c(F)cc7C6=C(C#N)C#N)sc5c4n(CC(CCCCC)CCCCCC)c3c21,-5.7,4.56,1672.333,12,38,30.4858200000001,-0.0232864123113868,0.00655271260127829,your_data
CCCCCCCCCCCCC(CCCCCCCCCC)Cn1c2c3c(sc2c2c4nsnc4c4c5sc6c(CCCCCCCCCCC)c(C=C7C(=O)c8c(ccc(-c9ccc(-c%10sc(-c%11ccc(C)s%11)c%11c%10C(=O)c%10c(CC(CC)CCCC)sc(CC(CC)CCCC)c%10C%11=O)s9)c8F)C7=C(C#N)C#N)sc6c5n(CC(CCCCCCCCCC)CCCCCCCCCCCC)c4c21)C(CCCCCCCCCCC)=C(C=C1C(=O)c2c(ccc(C)c2F)C1=C(C#N)C#N)CS3,-5.52,5.1,2513.88,13,81,50.1538599999998,-0.00921816211442131,0.00694631960001893,your_data
CCCCCCCCCCCCC(CCCCCCCCCC)Cn1c2c3c(sc2c2c4nsnc4c4c5sc6c(CCCCCCCCCCC)c(C=C7C(=O)c8c(ccc(-c9ccc(-c%10sc(-c%11ccc(C)s%11)c%11c%10C(=O)c%10c(CC(CC)CCCC)sc(CC(CC)CCCC)c%10C%11=O)s9)c8C)C7=C(C#N)C#N)sc6c5n(CC(CCCCCCCCCC)CCCCCCCCCCCC)c4c21)C(CCCCCCCCCCC)=C(C=C1C(=O)c2c(ccc(C)c2C)C1=C(C#N)C#N)CS3,-5.57,4.64,2505.954,13,81,50.4924999999997,-0.00921665024265646,0.00700619055117447,your_data
CCCCCCCCCCCCC(CCCCCCCCCC)Cn1c2c3c(sc2c2c4nsnc4c4c5sc6c(CCCCCCCCCCC)c(C=C7C(=O)c8cc(-c9ccc(-c%10sc(-c%11ccc(C)s%11)c%11c%10C(=O)c%10c(CC(CC)CCCC)sc(CC(CC)CCCC)c%10C%11=O)s9)ccc8C7=C(C#N)C#N)sc6c5n(CC(CCCCCCCCCC)CCCCCCCCCCCC)c4c21)C(CCCCCCCCCCC)=C(C=C1C(=O)c2cc(C)ccc2C1=C(C#N)C#N)CS3,-5.57,4.64,2477.9,13,81,49.8756599999998,-0.00921666632808468,0.00700692362468571,your_data
CCc1c(C=C2C(=O)c3ccc(Cl)cc3C2=C(C#N)C#N)sc2c1sc1c3c4nsnc4c4c5sc6c(CC)c(C=C7C(=O)c8ccc(Cl)cc8C7=C(C#N)C#N)sc6c5n(CC)c4c3n(CC)c21,-5.67,4.1,1028.091,10,6,15.09222,-0.00783262527086117,0.0224274773772657,your_data
N#CC(C#N)=C1/C(=C/c2cc3sc4c(c3s2)C(c2ccccc2)(c2ccccc2)c2cc3c(cc2-4)C(c2ccccc2)(c2ccccc2)c2c-3sc3c2sc2cc(/C=C4\C(=O)c5cc(F)c(F)cc5C4=C(C#N)C#N)sc23)C(=O)c2cc(F)c(F)cc21,-5.64,4.56,1219.385,12,6,18.89762,-0.0329831804898281,0.012831173865352,your_data
N#CC(C#N)=C1/C(=C/c2cc3sc4c(c3s2)C(c2ccccc2)(c2ccccc2)c2cc3c(cc2-4)C(c2ccccc2)(c2ccccc2)c2c-3sc3c2sc2cc(/C=C4\C(=O)c5ccc(F)cc5C4=C(C#N)C#N)sc23)C(=O)c2ccc(F)cc21,-5.71,4.1,1183.405,12,6,18.61942,-0.0308165802785778,0.0125713314851798,your_data
N#CC(C#N)=C1/C(=C/c2cc3sc4c(c3s2)C(c2ccccc2)(c2ccccc2)c2cc3c(cc2-4)C(c2ccccc2)(c2ccccc2)c2c-3sc3c2sc2cc(/C=C4\C(=O)c5ccccc5C4=C(C#N)C#N)sc23)C(=O)c2ccccc21,-5.84,3.64,1147.425,12,6,18.34122,-0.0282236679650938,0.0118241296436829,your_data
CCCCCCC1(CCCCCC)c2cc3c(cc2-c2sc4cc(C=C5C(=O)c6cscc6C5=C(C#N)C#N)sc4c21)C(CCCCCC)(CCCCCC)c1c-3sc2cc(C=C3C(=O)c4cscc4C3=C(C#N)C#N)sc12,-5.75,3.64,1135.65,7,22,20.93792,-0.0260060204380948,0.00640932403236279,your_data
CCCCCCCCC1(CCCCCCCC)c2cc3c(cc2-c2sc4cc(C=C5C(=O)c6cscc6C5=C(C#N)C#N)sc4c21)C(CCCCCCCC)(CCCCCCCC)c1c-3sc2cc(C=C3C(=O)c4cscc4C3=C(C#N)C#N)sc12,-5.69,3.64,1247.866,7,30,24.0587200000001,-0.0260547689717113,0.00905415090627116,your_data
CCCCCCCCCCC1(CCCCCCCCCC)c2cc3c(cc2-c2sc4cc(C=C5C(=O)c6cscc6C5=C(C#N)C#N)sc4c21)C(CCCCCCCCCC)(CCCCCCCCCC)c1c-3sc2cc(C=C3C(=O)c4cscc4C3=C(C#N)C#N)sc12,-5.66,3.64,1360.082,7,38,27.1795200000001,-0.0231622188156761,0.00901612845724985,your_data
CCc1ccc(C2(c3ccc(CC)cc3)c3cc4c(cc3-c3sc(/C=C5\C(=O)c6ccc(F)cc6C5=C(C#N)C#N)cc32)C(c2ccc(CC)cc2)(c2ccc(CC)cc2)c2cc(/C=C3\C(=O)c5ccc(F)cc5C3=C(C#N)C#N)sc2-4)cc1,-5.62,4.1,1127.354,9,10,17.22492,-0.0243055845539985,0.0143420673807031,your_data
CCc1ccc(C2(c3ccc(CC)cc3)c3cc4c(cc3-c3sc(/C=C5\C(=O)c6ccc(F)cc6C5=C(C#N)C#N)cc32)C(c2ccc(CC)cc2)(c2ccc(CC)cc2)c2c-4sc3cc(/C=C4\C(=O)c5ccc(F)cc5C4=C(C#N)C#N)sc23)cc1,-5.62,4.1,1183.443,10,10,18.43962,-0.0318941034883063,0.00811065291152445,your_data
CCc1ccc(C2(c3ccc(CC)cc3)c3cc4c(cc3-c3sc(/C=C5\C(=O)c6ccc(F)cc6C5=C(C#N)C#N)cc32)C(c2ccc(CC)cc2)(c2ccc(CC)cc2)c2c-4sc3c2sc2cc(/C=C4\C(=O)c5ccc(F)cc5C4=C(C#N)C#N)sc23)cc1,-5.66,4.1,1239.532,11,10,19.65432,-0.0380123633021249,0.0148991681855888,your_data
CCc1ccc(C2(c3ccc(CC)cc3)c3cc4c(cc3-c3sc(-c5c(F)cc(/C=C6\SC(=S)N(CC)C6=O)c6nsnc56)cc32)C(c2ccc(CC)cc2)(c2ccc(CC)cc2)c2cc(-c3c(F)cc(/C=C5\SC(=S)N(CC)C5=O)c5nsnc35)sc2-4)cc1,-5.68,1.46,1329.796,11,14,18.8492,-0.0274407334977944,0.0128486802048244,your_data
CCCCCCCCc1ccc(C2(c3ccc(CCCCCC)cc3)c3cc4c(cc3-c3sc(-c5c(Cl)cc(C=c6sc(=C(C#N)C#N)n(CC)c6=O)c6nn(CCCCCCCC)nc56)cc32)C(c2ccc(CCCCCC)cc2)(c2ccc(CCCCCCCC)cc2)c2cc(-c3c(Cl)cc(CC5SC(=C(C#N)C#N)N(CC)C5=O)c5nn(CCCCCCCC)nc35)sc2-4)cc1,-5.65,3.6,1899.55,12,49,29.4735200000001,-0.0202403623176581,0.00844439705430481,your_data
CCN1C(=O)/C(=C/c2ccc(-c3cc4c(s3)-c3cc5c(cc3C4(CC)CC)-c3sc(-c4ccc(/C=C6\SC(=S)N(CC)C6=O)c6nsnc46)cc3C5(CC)CC)c3nsnc23)SC1=S,-5.58,1,989.424,7,10,13.7682,-0.000486627741621673,0.0202441173169194,your_data
CCCCCCC(CCCC)Cc1cc(-c2cc3c4nsnc4c4cc(-c5cc(CC(CCCC)CCCCCC)c(-c6cc7c(-c8cc(F)c(CC(CC)CCCC)s8)c8sc(-c9ccc(-c%10sc(-c%11ccc(C)s%11)c%11c%10C(=O)c%10c(CC(CC)CCCC)sc(CC(CC)CCCC)c%10C%11=O)s9)cc8c(-c8cc(F)c(CC(CC)CCCC)s8)c7s6)s5)sc4c3s2)sc1-c1cc2c(-c3cc(F)c(CC(CC)CCCC)s3)c3sc(C)cc3c(-c3cc(F)c(CC(CC)CCCC)s3)c2s1,-5.69,1.92,2610.141,20,67,55.0721399999996,-0.00897293636644238,0.00699740357598354,your_data
CCCCCCCCCc1c(C=C2C(=O)c3cc(F)c(F)cc3C2=C(C#N)C#N)sc2c1sc1c3c4nsnc4c4c5sc6c(CCCCCCCCC)c(C=C7C(=O)c8cc(Cl)c(Cl)cc8C7=C(C#N)C#N)sc6c5n(CC(CCCC)CCCCCC)c4c3n(CC(CCCC)CCCCCC)c21,-5.65,4.56,1540.989,10,38,28.3456200000001,-0.0235307455154593,0.0133423383648795,your_data
CCCCCCCCCCCc1c(C=C2C(=O)c3cc(F)c(F)cc3C2=C(C#N)C#N)sc2c1sc1c3c4nsnc4c4c5sc6c(-c7ccc(CCCCC(F)(F)C(F)(F)F)cc7)c(C=C7C(=O)c8cc(F)c(F)cc8C7=C(C#N)C#N)sc6c5n(CC(CCC)CCCC)c4c3n(CC(CC)CCCC)c21,-5.64,5.71,1561.911,11,31,26.6508200000001,-0.0272640490930695,0.0106906761955194,your_data
CCCCCCCCCCCc1c(C=C2C(=O)c3cc(F)c(F)cc3C2=C(C#N)C#N)sc2c1sc1c3c4nsnc4c4c5sc6c(-c7ccc(CCCCCC)cc7)c(C=C7C(=O)c8cc(F)c(F)cc8C7=C(C#N)C#N)sc6c5n(CC(CCC)CCCC)c4c3n(CC(CC)CCCC)c21,-5.77,4.56,1471.961,11,31,25.8632200000001,-0.0195050348276491,0.0101335929764087,your_data
CCCCCCc1cccc(-c2c(C=C3C(=O)c4ccccc4C3=C(C#N)C#N)sc3c2sc2c4c5nsnc5c5c6sc7c(-c8cccc(CCCCCC)c8)c(C=C8C(=O)c9ccccc9C8=C(C#N)C#N)sc7c6n(CC(CCC)CCCC)c5c4n(CC(CC)CCCC)c32)c1,-5.74,3.64,1405.964,12,27,25.0233200000001,-0.0261243571095302,0.0121901735723807,your_data
CCCCCCCCCCCc1c(C=C2C(=O)c3cc(F)c(F)cc3C2=C(C#N)C#N)sc2c1sc1c3c4nsnc4c4c5sc6c(-c7ccc(CCCCCC)cc7)c(C=C7C(=O)c8cc(F)c(F)cc8C7=C(C#N)C#N)sc6c5n(CC(CC)CCCC)c4c3n(CC(CC)CCCC)c21,-5.73,4.56,1457.934,11,30,25.4731200000001,-0.0216765402230868,0.0107276692231207,your_data
CCCCCCc1ccc(-c2c(C=C3C(=O)c4cc(F)c(F)cc4C3=C(C#N)C#N)sc3c2sc2c4c5nsnc5c5c6sc7c(-c8ccc(CCCCCC)cc8)c(C=C8C(=O)c9cc(F)c(F)cc9C8=C(C#N)C#N)sc7c6n(CC(CC)CCCC)c5c4n(CC(CC)CCCC)c32)cc1,-5.73,4.56,1463.897,12,26,25.1896200000001,-0.0265031689723278,0.0108696375141619,your_data
CCCCC(CC)Cc1cccc(-c2c(C=C3C(=O)c4cc(F)c(F)cc4C3=C(C#N)C#N)sc3c4c(sc23)-c2c(c3c(c5nsnc25)c2sc5c(-c6cccc(CC(CC)CCCC)c6)c(C=C6C(=O)c7cc(F)c(F)cc7C6=C(C#N)C#N)sc5c2n3CC(CC)CCCC)C4CC(CC)CCCC)c1,-5.73,4.56,1519.017,11,28,26.8563200000001,-0.0262392191207503,0.0121833834615662,your_data
CCOC(=O)c1cc2c(/C=C3\C(=O)c4ccccc4C3=C(C#N)C#N)sc(-c3cc4c(s3)-c3cc5c(cc3C4(c3ccc(CC)cc3)c3ccc(CC)cc3)-c3sc(-c4sc(/C=C6\C(=O)c7ccccc7C6=C(C#N)C#N)c6cc(C(=O)OCC)sc46)cc3C5(c3ccc(CC)cc3)c3ccc(CC)cc3)c2s1,-5.36,5.54,1511.932,13,16,23.18652,-0.0307742720848875,0.0112028120322867,your_data
CCc1ccc(C2(c3ccc(CC)cc3)c3c(sc4cc(/C=C5\C(=O)c6ccc(F)cc6C5=C(C#N)C#N)sc34)-c3sc4c5c(sc4c32)-c2sc3cc(/C=C4\C(=O)c6ccc(F)cc6C4=C(C#N)C#N)sc3c2C5(c2ccc(CC)cc2)c2ccc(CC)cc2)cc1,-5.44,4.1,1301.65,12,10,20.93052,-0.0426140289980474,0.0148122002676333,your_data
CCOc1c2sc3c(c2c(OCC)c2sc4c(c12)C(c1ccc(CC)cc1)(c1ccc(CC)cc1)c1cc(/C=C2\C(=O)c5ccc(F)cc5C2=C(C#N)C#N)sc1-4)C(c1ccc(CC)cc1)(c1ccc(CC)cc1)c1cc(/C=C2\C(=O)c4ccc(F)cc4C2=C(C#N)C#N)sc1-3,-5.44,4.1,1327.638,11,14,20.45172,-0.0269112736925237,0.0123918861288968,your_data
CCOc1cc(/C=C2\C(=O)c3ccc(F)cc3C2=C(C#N)C#N)sc1-c1cc2c(s1)-c1cc3c(cc1C2(c1ccc(CC)cc1)c1ccc(CC)cc1)-c1sc(-c2sc(/C=C4\C(=O)c5ccc(F)cc5C4=C(C#N)C#N)cc2OCC)cc1C3(c1ccc(CC)cc1)c1ccc(CC)cc1,-5.24,4.1,1379.714,11,16,21.47932,-0.022253564289112,0.0123878848914014,your_data
CCOc1cc(/C=C2\C(=O)c3ccc(F)cc3C2=C(C#N)C#N)sc1-c1cc2sc3c(c2s1)C(c1ccc(CC)cc1)(c1ccc(CC)cc1)c1cc2c(cc1-3)C(c1ccc(CC)cc1)(c1ccc(CC)cc1)c1c-2sc2cc(-c3sc(/C=C4\C(=O)c5ccc(F)cc5C4=C(C#N)C#N)cc3OCC)sc12,-5.22,4.1,1491.892,13,16,23.9087200000001,-0.0298210355742552,0.0120403154348781,your_data
CCc1ccc(C2(c3ccc(CC)cc3)c3c(sc4c(CC)c(/C=C5\C(=O)c6cc(Cl)c(Cl)cc6C5=C(C#N)C#N)sc34)-c3sc4c5c(sc4c32)-c2sc3c(CC)c(/C=C4\C(=O)c6cc(Cl)c(Cl)cc6C4=C(C#N)C#N)sc3c2C5(c2ccc(CC)cc2)c2ccc(CC)cc2)cc1,-5.25,4.56,1459.558,12,12,24.3907200000001,-0.035279347743833,0.0137464326673147,your_data
CCC1(CC)c2cc3c(cc2-c2sc(-c4ccc(C=C(C#N)C#N)c5nsnc45)cc21)C(CC)(CC)c1cc(-c2ccc(C=C(C#N)C#N)c4nsnc24)sc1-3,-5.68,2.64,799.048,7,8,12.18712,0.0224755455009874,0.0289061094867045,your_data
CCCCCCc1ccc(C(c2ccc(CCCCCC)cc2)(c2cccc(-c3ccc(-c4ccc(C=C5SC(=S)N(CCCCCC)C5=O)c5nsnc45)s3)c2)c2csc(-c3ccc(C=C4SC(=S)N(CCCCCC)C4=O)c4nsnc34)c2)cc1,-5.48,1,1299.949,9,29,21.0113,-0.0285305615554539,0.00750612058294422,your_data
CCCCCCc1ccc(C(c2ccc(CCCCCC)cc2)(c2cccc(-c3ccc(-c4ccc(C=C5SC(=S)N(CC)C5=O)c5nsnc45)s3)c2)c2csc(-c3ccc(C=C4SC(=S)N(CC)C4=O)c4nsnc34)c2)cc1,-5.51,1,1187.733,9,21,17.8905,-0.0288045239780114,0.00970595895884341,your_data
CCn1c2cc(-c3ccc(/C=C4\C(=O)c5cscc5C4=C(C#N)C#N)s3)ccc2c2ccc(-c3ccc(/C=C4\C(=O)c5cscc5C4=C(C#N)C#N)s3)cc21,-5.47,3.64,779.953,7,5,11.55572,0.0266115357003328,0.0322477052538106,your_data
CCn1c2cc(-c3ccc(/C=C4\C(=O)c5cscc5C4=C(C#N)C#N)o3)ccc2c2ccc(-c3ccc(/C=C4\C(=O)c5cscc5C4=C(C#N)C#N)o3)cc21,-5.44,3.64,747.817,7,5,10.61872,0.0266366683923224,0.0324501202573967,your_data
CCC1(CC)c2cc(-c3ccc(/C=C4\C(=O)c5cscc5C4=C(C#N)C#N)s3)ccc2-c2ccc(-c3ccc(/C=C4\C(=O)c5cscc5C4=C(C#N)C#N)s3)cc21,-5.44,3.64,807.019,6,6,12.51442,0.0251449765258134,0.0317254882907811,your_data
CCC1(CC)c2cc(-c3ccc(/C=C4\C(=O)c5cscc5C4=C(C#N)C#N)o3)ccc2-c2ccc(-c3ccc(/C=C4\C(=O)c5cscc5C4=C(C#N)C#N)o3)cc21,-5.44,3.64,774.883,6,6,11.57742,0.0253674219066016,0.0319367651380433,your_data
CCCC[C@@H](CC)CC1(C[C@@H](CC)CCCC)c2cc(-c3ccc(/C=c4\sc(=C(C#N)C#N)n(CC)c4=O)c4nsnc34)sc2-c2sc(-c3ccc(/C=c4\sc(=C(C#N)C#N)n(CC)c4=O)c4nsnc34)cc21,-5.44,2.64,1077.491,8,18,11.17202,-0.0127247448743175,0.0141299206982926,your_data
CCCC[C@@H](CC)CC1(C[C@@H](CC)CCCC)c2cc(-c3ccc(/C=C4\SC(=S)N(CC)C4=O)c4nsnc34)sc2-c2sc(-c3ccc(/C=C4\SC(=S)N(CC)C4=O)c4nsnc34)cc21,-5.44,1,1013.531,6,18,15.0747,-0.0173408962727018,0.0128199928298685,your_data
CCC1(CC)c2cc(-c3ccc(C=C(C#N)C#N)c4nsnc34)sc2-c2sc(-c3ccc(C=C(C#N)C#N)c4nsnc34)cc21,-6.18,2.64,654.831,6,6,9.10062,0.0254193517413104,0.0320877106872241,your_data
CCn1c2cc(-c3ccc(C=C(C#N)C#N)c4nsnc34)ccc2c2ccc(-c3ccc(C=C(C#N)C#N)c4nsnc34)cc21,-5.28,2.64,615.707,7,5,8.01892,0.0266366683923224,0.0324501202573967,your_data
CCC1(CC)c2cc(-c3ccc(C=C(C#N)C#N)c4nsnc34)ccc2-c2ccc(-c3ccc(C=C(C#N)C#N)c4nsnc34)cc21,-5.28,2.64,642.773,6,6,8.97762,0.0254193517413104,0.0320877106872241,your_data
CCc1ccc(C2(c3ccc(CC)cc3)c3cc(/C=C4\C(=O)c5ccccc5C4=C(C#N)C#N)sc3-c3sc4c5c(sc4c32)-c2sc(/C=C3\C(=O)c4ccccc4C3=C(C#N)C#N)cc2C5(c2ccc(CC)cc2)c2ccc(CC)cc2)cc1,-5.37,3.64,1153.492,10,10,18.22292,-0.0290616363358465,0.00947269330944616,your_data
CCOc1cc(/C=C2\C(=O)c3cc(F)c(F)cc3C2=C(C#N)C#N)sc1-c1sc(-c2sc(/C=C3\C(=O)c4cc(F)c(F)cc4C3=C(C#N)C#N)cc2OCC)c(OCC)c1OCC,-5.52,4.56,904.945,5,12,11.51762,0.01327050749024,0.0274894612748689,your_data
CCOc1cc(-c2sc(-c3sc(/C=C4\C(=O)c5cc(F)c(F)cc5C4=C(C#N)C#N)cc3OCC)c(OCC)c2OCC)sc1/C=C1\C(=O)c2cc(F)c(F)cc2C1=C(C#N)C#N,-5.42,4.56,904.945,5,12,11.51762,0.01327050749024,0.0274894612748689,your_data
CCOc1cc(-c2sc(-c3cc(OCC)c(/C=C4\C(=O)c5cc(F)c(F)cc5C4=C(C#N)C#N)s3)c(OCC)c2OCC)sc1/C=C1\C(=O)c2cc(F)c(F)cc2C1=C(C#N)C#N,-5.34,4.56,904.945,5,12,11.51762,0.01327050749024,0.0274894612748689,your_data
CCOC(=O)c1sc2c(/C=C3\C(=O)c4cc(F)c(F)cc4C3=C(C#N)C#N)sc(-c3cc4c(s3)-c3cc5c(cc3C4(CC)CC)-c3sc(-c4sc(/C=C6\C(=O)c7cc(F)c(F)cc7C6=C(C#N)C#N)c6sc(C(=O)OCC)c(F)c46)cc3C5(CC)CC)c2c1F,-5.58,6.92,1315.48,9,12,19.21832,-0.0333985796021468,0.0106487363595136,your_data
CCOC(=O)c1sc2c(/C=C3\C(=O)c4ccccc4C3=C(C#N)C#N)sc(-c3cc4c(s3)-c3cc5c(cc3C4(CC)CC)-c3sc(-c4sc(/C=C6\C(=O)c7cc(F)c(F)cc7C6=C(C#N)C#N)c6sc(C(=O)OCC)c(F)c46)cc3C5(CC)CC)c2c1F,-5.81,6.46,1279.5,9,12,18.94012,-0.0345343610323201,0.012249990955057,your_data
CCOC(=O)c1sc2c(/C=C3\C(=O)c4ccccc4C3=C(C#N)C#N)sc(-c3cc4c(s3)-c3cc5c(cc3C4(CC)CC)-c3sc(-c4sc(/C=C6\C(=O)c7ccccc7C6=C(C#N)C#N)c6sc(C(=O)OCC)c(F)c46)cc3C5(CC)CC)c2c1F,-5.61,6,1243.52,9,12,18.66192,-0.0328258395367505,0.0109179147260835,your_data
CCc1ccc(C2(c3ccc(CC)cc3)c3cc4c(cc3-c3sc(C(C#N)=C(C#N)C#N)cc32)C(c2ccc(CC)cc2)(c2ccc(CC)cc2)c2cc(C(C#N)=C(C#N)C#N)sc2-4)cc1,-5.61,3.96,885.134,7,10,13.43408,0.0171908468752088,0.0257605623560035,your_data
CCc1ccc(C2(c3ccc(CC)cc3)c3cc4c(cc3-c3sc(-c5ccc(C(C#N)=C(C#N)C#N)s5)cc32)C(c2ccc(CC)cc2)(c2ccc(CC)cc2)c2cc(-c3ccc(C(C#N)=C(C#N)C#N)s3)sc2-4)cc1,-5.79,3.96,1049.388,9,12,16.89108,-0.0233123189668606,0.0138498997321989,your_data
CCc1ccc(C2(c3ccc(CC)cc3)c3cc4c(cc3-c3sc(C=C(C#N)C#N)cc32)C(c2ccc(CC)cc2)(c2ccc(CC)cc2)c2cc(C=C(C#N)C#N)sc2-4)cc1,-5.55,2.64,835.114,7,10,13.64652,0.0167646851717145,0.0251785674817533,your_data
CCCCC(CC)COc1cc(C=C2C(=O)c3cc(F)c(F)cc3C2=C(C#N)C#N)sc1-c1cc2c(s1)-c1sc(-c3sc(C=C4C(=O)c5cc(F)c(F)cc5C4=C(C#N)C#N)cc3OC(CC)CCCC)cc1C2(CC(CC)CCCC)CC(CC)CCCC,-5.44,4.56,1289.706,6,29,22.40662,-0.0253121605049669,0.00843282134371758,your_data
CCCCC(CC)COc1cc(C=C2C(=O)c3cc(F)c(F)cc3C2=C(C#N)C#N)sc1-c1cc2c(s1)-c1sc(-c3sc(C=C4C(=O)c5cc(F)c(F)cc5C4=C(C#N)C#N)cc3CC(CC)CCCC)cc1C2(CC(CC)CCCC)CC(CC)CCCC,-5.44,4.56,1287.734,6,29,22.81792,-0.0251323701977983,0.00853099441844397,your_data
CCCCC(CC)CCc1cc(C=C2C(=O)c3cc(F)c(F)cc3C2=C(C#N)C#N)sc1-c1cc2c(s1)-c1sc(-c3sc(C=C4C(=O)c5cc(F)c(F)cc5C4=C(C#N)C#N)cc3CC(CC)CCCC)cc1C2(CC(CC)CCCC)CC(CC)CCCC,-5.46,4.56,1285.762,6,29,23.37172,-0.0251703968486446,0.00853886934226106,your_data
CCOc1cc(/C=C2\C(=O)c3cc(F)c(F)cc3C2=C(C#N)C#N)sc1-c1cc2c(s1)-c1cc3c(cc1C2(CC)CC)-c1sc(-c2sc(/C=C4\C(=O)c5cc(F)c(F)cc5C4=C(C#N)C#N)cc2OCC)cc1C3(CC)CC,-5.5,4.56,1111.302,7,12,16.95472,-0.0225933040035702,0.0117650486104746,your_data
CCOc1cc(/C=C2\C(=O)c3cc(F)c(F)cc3C2=C(C#N)C#N)sc1-c1cc2c(s1)-c1cc3c(cc1C2(CC)CC)-c1sc(-c2sc(/C=C4\C(=O)c5cc(F)c(F)cc5C4=C(C#N)C#N)cc2CC)cc1C3(CC)CC,-5.15,4.56,1095.303,7,11,17.11842,-0.0209497031787672,0.0131880826112203,your_data
CCOc1cc(/C=C2\C(=O)c3cc(F)c(F)cc3C2=C(C#N)C#N)sc1-c1cc2c(s1)-c1cc3c(cc1C2(c1ccc(CC)cc1)c1ccc(CC)cc1)-c1sc(-c2sc(/C=C4\C(=O)c5cc(F)c(F)cc5C4=C(C#N)C#N)cc2CC)cc1C3(c1ccc(CC)cc1)c1ccc(CC)cc1,-5.3,4.56,1399.695,11,15,21.92122,-0.0242177276301114,0.0137113399699627,your_data
CCc1ccc(C2(c3ccc(CC)cc3)c3cc4c(cc3-c3sc(-c5ccc(/C=C6\C(=O)c7ccccc7C6=C(C#N)C#N)s5)cc32)C(c2ccc(CC)cc2)(c2ccc(CC)cc2)c2cc(-c3ccc(/C=C5\C(=O)c6ccccc6C5=C(C#N)C#N)s3)sc2-4)cc1,-5.56,3.64,1255.628,11,12,20.40372,-0.0370394508589663,0.0145018400437473,your_data
CCc1c(/C=C/C=C\C=C2/C(=O)c3cc(F)c(F)cc3C2=C(C#N)C#N)sc2c1sc1c3c4nsnc4c4c5sc6c(CC)c(/C=C/C=C/C=C7\C(=O)c8cc(F)c(F)cc8C7=C(C#N)C#N)sc6c5n(CC)c4c3n(CC)c21,-5.28,4.56,1135.313,10,10,16.56662,-0.0266664894780405,0.0144225532948015,your_data
CCc1c(/C=C/C=C2\C(=O)c3cc(F)c(F)cc3C2=C(C#N)C#N)sc2c1sc1c3c4nsnc4c4c5sc6c(CC)c(/C=C/C=C/C=C7\C(=O)c8cc(F)c(F)cc8C7=C(C#N)C#N)sc6c5n(CC)c4c3n(CC)c21,-5.51,4.56,1109.275,10,9,16.01042,-0.0226110628492324,0.0185259079302579,your_data
CCCCCCCCCCCc1c(C=CC=C2C(=O)c3ccccc3C2=C(C#N)C#N)sc2c1sc1c3c4nsnc4c4c5sc6c(CCCCCCCCCCC)c(C=CC=C7C(=O)c8ccccc8C7=C(C#N)C#N)sc6c5n(CC(CCCC)CCCCCC)c4c3n(CC(CCCC)CCCCC)c21,-5.62,3.64,1530.276,10,43,29.0433200000001,-0.0243536228940678,0.0135541187361512,your_data
CCc1ccc(C2(c3ccc(CC)cc3)c3cc4c(cc3-c3sc(C5=CC(=C6C(=O)N(CC)C(=S)N(CC)C6=O)CCC5)cc32)C(c2ccc(CC)cc2)(c2ccc(CC)cc2)c2cc(C3C=CC(=C5C(=O)N(CC)C(=S)N(CC)C5=O)CC3)sc2-4)cc1,-5.62,2,1235.72,7,14,16.3705,-0.0238876653861374,0.0106445139561476,your_data
CCc1ccc(C2(c3ccc(CC)cc3)c3cc4c(cc3-c3sc5cc(C6=CC(=C7C(=O)N(CC)C(=S)N(CC)C7=O)CCC6)sc5c32)C(c2ccc(CC)cc2)(c2ccc(CC)cc2)c2c-4sc3cc(C4=CC(=C5C(=O)N(CC)C(=S)N(CC)C5=O)CCC4)sc23)cc1,-5.62,2,1347.898,9,14,18.9336,-0.0274228888098977,0.0114394216272931,your_data
CCCCCCc1ccc(C2(c3ccc(CCCCCC)cc3)Cc3cc4c(cc3-c3sc5cc(C=C6C(=O)c7cc(Br)ccc7C6=C(C#N)C#N)sc5c32)C(c2ccc(CCCCCC)cc2)(c2ccc(CCCCCC)cc2)C2=C4SC3CC(C=C4C(=O)c5cc(Br)ccc5C4=C(C#N)C#N)SC23)cc1,-5.61,4.1,1603.835,9,26,26.2894200000001,-0.032418006300728,0.00939297079913097,your_data
CCCCCCc1ccc(C2(c3ccc(CCCCCC)cc3)Cc3cc4c(cc3-c3sc5cc(C=C6C(=O)c7cc(Cl)ccc7C6=C(C#N)C#N)sc5c32)C(c2ccc(CCCCCC)cc2)(c2ccc(CCCCCC)cc2)C2=C4SC3CC(C=C4C(=O)c5cc(Cl)ccc5C4=C(C#N)C#N)SC23)cc1,-5.65,4.1,1514.933,9,26,26.0712200000001,-0.0301538388429968,0.0114839100339006,your_data
CCCCCCc1ccc(C2(c3ccc(CCCCCC)cc3)Cc3cc4c(cc3-c3sc5cc(C=C6C(=O)c7cc(F)ccc7C6=C(C#N)C#N)sc5c32)C(c2ccc(CCCCCC)cc2)(c2ccc(CCCCCC)cc2)C2=C4SC3CC(C=C4C(=O)c5cc(F)ccc5C4=C(C#N)C#N)SC23)cc1,-5.63,4.1,1482.023,9,26,25.0426200000001,-0.0278449501759524,0.0109023944679238,your_data
CCCCCCc1ccc(C2(c3ccc(CCCCCC)cc3)Cc3cc4c(cc3-c3sc5cc(C=C6C(=O)c7cc(I)ccc7C6=C(C#N)C#N)sc5c32)C(c2ccc(CCCCCC)cc2)(c2ccc(CCCCCC)cc2)C2=C4SC3CC(C=C4C(=O)c5cc(I)ccc5C4=C(C#N)C#N)SC23)cc1,-5.66,4.1,1697.835,9,26,25.9736200000001,-0.0314678038582956,0.00849275251173032,your_data
CCc1ccc(C2(c3ccc(CC)cc3)c3cc4c5cc6c(cc5n(CC)c4cc3-c3sc(/C=C4\C(=O)c5ccc(Cl)cc5C4=C(C#N)C#N)cc32)-c2sc(/C=C3\C(=O)c4ccc(Cl)cc4C3=C(C#N)C#N)cc2C6(c2ccc(CC)cc2)c2ccc(CC)cc2)cc1,-5.53,4.1,1277.415,11,11,20.38132,-0.0394029693410199,0.0163644931913241,your_data
CCCCCCC(CCCC)Cn1c2c3sc(C=C4C(=O)c5cc(F)c(F)cc5C4=C(C#N)C#N)c(-c4cc(CC(CC)CCCC)cs4)c3sc2c2c3nsnc3c3c4sc5c(-c6cc(CC(CC)CCCC)cs6)c(C=C6C(=O)c7cc(F)c(F)cc7C6=C(C#N)C#N)sc5c4n(CC(CCCC)CCCCCC)c3c21,-5.61,4.56,1644.279,12,36,29.7056200000001,-0.0240532468616,0.00823623908903993,your_data
CCCCCCc1cccc(-c2c(C=C3C(=O)c4cc(F)c(F)cc4C3=C(C#N)C#N)sc3c2sc2c4c5nsnc5c5c6sc7c(-c8cccc(CCCCCC)c8)c(C=C8C(=O)c9cc(F)c(F)cc9C8=C(C#N)C#N)sc7c6n(CC(CC)CCCC)c5c4n(CC(CC)CCCC)c32)c1,-5.59,4.56,1463.897,12,26,25.1896200000001,-0.0265031689723278,0.0108696375141619,your_data
C.C.C.CCCCCCc1ccc(-c2c(C=C3C(=O)c4cc(F)c(F)cc4C3=C(C#N)C#N)sc3c2sc2c4c5nsnc5c5c6sc7c(-c8ccc(CCCCCC)cc8)c(C=C8C(=O)c9cc(F)c(F)cc9C8=C(C#N)C#N)sc7c6n(CC(CC)CCCC)c5c4n(CC(CC)CCCC)c32)cc1,-5.77,4.56,1512.026,12,26,27.0979200000001,-0.0296581220350215,0.0125146644140558,your_data
CCc1ccccc1-c1c(/C=C2\C(=O)c3cc(F)c(F)cc3C2=C(C#N)C#N)sc2c1sc1c3c4nsnc4c4c5sc6c(-c7ccccc7CC)c(/C=C7\C(=O)c8cc(F)c(F)cc8C7=C(C#N)C#N)sc6c5n(CC)c4c3n(CC)c21,-5.75,4.56,1183.357,12,8,17.67582,-0.035204008269846,0.0128705884001256,your_data
CCCCC(CC)Cc1csc(-c2c(C=C3C(=O)c4cc(F)c(F)cc4C3=C(C#N)C#N)sc3c2sc2c4c5nsnc5c5c6sc7c(-c8cc(CC(CC)CCCC)cs8)c(C=C8C(=O)c9cc(F)c(F)cc9C8=C(C#N)C#N)sc7c6n(CC(CC)CCCC)c5c4n(CC(CC)CCCC)c32)c1,-5.58,4.56,1532.063,12,28,26.5848200000001,-0.031364058092862,0.00971379710635459,your_data
CCCCCCC(CCCC)Cn1c2c3sc(C=C4C(=O)c5ccc(F)cc5C4=C(C#N)C#N)c(-c4ccc(CC(CC)CCCC)s4)c3sc2c2c3nsnc3c3c4sc5c(-c6ccc(CC(CC)CCCC)s6)c(C=C6C(=O)c7ccc(F)cc7C6=C(C#N)C#N)sc5c4n(CC(CCCC)CCCCCC)c3c21,-5.71,4.1,1608.299,12,36,29.4274200000001,-0.0233770764893053,0.00989223658371774,your_data
CCCCCCC(CCCC)Cn1c2c3sc(C=C4C(=O)c5ccc(F)cc5C4=C(C#N)C#N)c(-c4cccc(CC(CC)CCCC)c4)c3sc2c2c3nsnc3c3c4sc5c(-c6cccc(CC(CC)CCCC)c6)c(C=C6C(=O)c7ccc(F)cc7C6=C(C#N)C#N)sc5c4n(CC(CCCC)CCCCCC)c3c21,-5.66,4.1,1596.241,12,36,29.3044200000001,-0.0228161430919125,0.00793503738002788,your_data
CCCCCCC(CCCC)Cn1c2c3sc(C=C4C(=O)c5cc(F)c(F)cc5C4=C(C#N)C#N)c(-c4cccc(CC(CC)CCCC)c4)c3sc2c2c3nsnc3c3c4sc5c(-c6cccc(CC(CC)CCCC)c6)c(C=C6C(=O)c7cc(F)c(F)cc7C6=C(C#N)C#N)sc5c4n(CC(CCCC)CCCCCC)c3c21,-5.69,4.56,1632.221,12,36,29.5826200000001,-0.0239781984753308,0.0090000694741151,your_data
